instance_id,base_commit,buggy_modules,buggy_files,scope_status
100193,908ad66ea64ef84014d3ea9f2f3b62ed3968b9e3,gcc/fortran,"gcc/fortran/interface.cc,gcc/fortran/resolve.cc,gcc/fortran/trans-array.cc,gcc/fortran/trans-expr.cc",method_localizable_gcc
100420,d025b6880cde2cb2063b4d34546cdd70e5526e74,"gcc/c-family,gcc/c","gcc/c-family/c-pretty-print.cc,gcc/c/c-decl.cc,gcc/c/c-objc-common.h,gcc/c/c-parser.cc,gcc/c/c-tree.h,gcc/c/c-typeck.cc",method_localizable_gcc
100476,64ef9df72f08610f49227cd2e28f00819b986ad9,gcc/cp,gcc/cp/coroutines.cc,method_localizable_gcc
100495,a6e280558a880a70ffd4888675b036253b559479,gcc/cp,gcc/cp/constexpr.c,method_localizable_gcc
100538,4c743798b1d4530b327dad7c606c610f3811fdbf,gcc/cp,gcc/cp/pt.cc,method_localizable_gcc
100589,ff505948631713d8c62523005059b10e25343617,gcc/cp,gcc/cp/decl.cc,method_localizable_gcc
100593,5390a2f191682dae3c6d1e1deac20e05be413514,"gcc/config,gcc/doc","gcc/config/i386/gnu-property.cc,gcc/config/i386/i386-options.cc,gcc/config/i386/i386-protos.h,gcc/config/i386/i386.cc,gcc/config/i386/i386.opt,gcc/doc/extend.texi,gcc/doc/invoke.texi",method_localizable_gcc
101180,8fef6f720a5a0a056abfa986ba870bb406ab4716,gcc/config,gcc/config/i386/i386-options.c,method_localizable_gcc
101233,44e32178031e89399710c3ee7444891631a9c8ec,gcc/cp,"gcc/cp/lambda.cc,gcc/cp/pt.cc",method_localizable_gcc
101361,88b504b7a8c5affb0ffa97990d22af2b199e36ed,gcc/root,"gcc/builtins.c,gcc/gimple-array-bounds.cc,gcc/gimple-array-bounds.h,gcc/gimple-ssa-sprintf.c,gcc/gimple-ssa-warn-access.cc,gcc/gimple-ssa-warn-access.h,gcc/pointer-query.cc,gcc/pointer-query.h,gcc/tree-ssa-strlen.c",method_localizable_gcc
101366,0235b6d41ace62064d5cd42553028136b49ad947,gcc/config,gcc/config/i386/x86-tune-costs.h,method_localizable_gcc
101460,a7083b83e45852540a4a09ee11b74dc28d777399,gcc/cp,"gcc/cp/constexpr.c,gcc/cp/cp-tree.h,gcc/cp/pt.c",method_localizable_gcc
101478,e5d24c4e89ae6d8c08f85f3425ea9c29dd0e6646,gcc/root,gcc/gimplify.cc,method_localizable_gcc
101480,c25c172959e7fb424455ee6acc60571c68b72443,"gcc/c-family,gcc/doc,gcc/root","gcc/c-family/c.opt,gcc/doc/invoke.texi,gcc/gimple.cc,gcc/ipa-inline-transform.cc",method_localizable_gcc
101527,87e1f023aae945aedd7ea046e06b4f52318913f7,gcc/cp,"gcc/cp/friend.cc,gcc/cp/search.cc",method_localizable_gcc
101533,068aa9a7a9cc163ee5f31bffd746a8cd2ebfef7e,gcc/root,gcc/dwarf2out.cc,method_localizable_gcc
101577,71355700432b15590123dc13833304c75ad8a0b6,gcc/fortran,gcc/fortran/symbol.cc,method_localizable_gcc
101735,83aa09e90487b52c1772eeffc4af577ee70536f1,gcc/fortran,"gcc/fortran/expr.cc,gcc/fortran/primary.cc",method_localizable_gcc
101891,fdec9280320be153fc8da5e8565ca2cd41b5b43e,gcc/config,gcc/config/i386/i386.c,method_localizable_gcc
101950,c04d766942274da89b236c4cb7e954b26da397c7,gcc/root,gcc/optabs.c,method_localizable_gcc
102043,6c211e70eb9d89db2be630c0d5555d21e4aee144,gcc/fortran,gcc/fortran/trans-array.cc,method_localizable_gcc
102051,1b3addb6fe05a80d5e043fbb12cc9c0cc426b0e6,gcc/cp,gcc/cp/coroutines.cc,method_localizable_gcc
102216,5e9b973bd60185f221222022f56db7df3d92250e,gcc/root,gcc/gimple-fold.c,method_localizable_gcc
102294,0235b6d41ace62064d5cd42553028136b49ad947,gcc/config,gcc/config/i386/x86-tune-costs.h,method_localizable_gcc
102310,cd14c97cd92ca11c66ee3d8dc4dd543c5aa8e024,"gcc/fortran,gcc/root","gcc/fortran/trans-openmp.cc,gcc/gimplify.cc,gcc/omp-low.cc",method_localizable_gcc
102594,078089a084f4fd20812b15cd1ec7bd4bcd5c9282,gcc/cp,gcc/cp/init.cc,method_localizable_gcc
102599,819b6415b639710566e4cc535241d82ccd708f76,gcc/fortran,"gcc/fortran/expr.cc,gcc/fortran/primary.cc",method_localizable_gcc
102610,1da90c533f944622f18609e568ed13b09073fd66,gcc/cp,"gcc/cp/cp-tree.h,gcc/cp/lambda.cc,gcc/cp/name-lookup.cc,gcc/cp/name-lookup.h,gcc/cp/parser.cc,gcc/cp/pt.cc,gcc/cp/semantics.cc",method_localizable_gcc
102626,4c743798b1d4530b327dad7c606c610f3811fdbf,gcc/cp,gcc/cp/pt.cc,method_localizable_gcc
102674,2a9fdf4dcd86010a0d847b42aaed82289df386ea,gcc/root,gcc/builtins.cc,method_localizable_gcc
102844,836e2cff7d9e4c06bf8ffd7e2df5dd134d8a22c2,gcc/root,gcc/tree-ssa-threadupdate.cc,method_localizable_gcc
102891,c1db46f7e51d4a546ca536f7f10e548f02e5cc12,gcc/fortran,gcc/fortran/dependency.cc,method_localizable_gcc
102900,2f0338ce86af517ccf236c6addbbfe4a3523ca93,gcc/fortran,"gcc/fortran/trans-decl.cc,gcc/fortran/trans-expr.cc",method_localizable_gcc
103001,8f4ee36bd5248cd244f65282167e3a13a3c98bc2,gcc/fortran,"gcc/fortran/check.cc,gcc/fortran/expr.cc,gcc/fortran/gfortran.texi,gcc/fortran/intrinsic.cc,gcc/fortran/intrinsic.h,gcc/fortran/intrinsic.texi,gcc/fortran/iresolve.cc,gcc/fortran/iso-fortran-env.def,gcc/fortran/libgfortran.h,gcc/fortran/simplify.cc,gcc/fortran/trans-decl.cc,gcc/fortran/trans-intrinsic.cc",method_localizable_gcc
103389,908ad66ea64ef84014d3ea9f2f3b62ed3968b9e3,gcc/fortran,"gcc/fortran/interface.cc,gcc/fortran/resolve.cc,gcc/fortran/trans-array.cc,gcc/fortran/trans-expr.cc",method_localizable_gcc
103391,62f4b3d0669ab5213433458deba30f5acfbcba6b,gcc/fortran,gcc/fortran/trans-expr.cc,method_localizable_gcc
103647,668e607efe52abbe4612fa85454731d26a71a5be,gcc/root,gcc/tree-ssa-forwprop.cc,method_localizable_gcc
103681,45cae5b6392496028f35c5948f7fae0af81d135b,gcc/cp,gcc/cp/class.cc,method_localizable_gcc
103750,8d745f6d70172132a594dcc650a6d489e7246eda,gcc/config,"gcc/config/i386/i386.cc,gcc/config/i386/sse.md",method_localizable_gcc
103771,dd8ee1df28e0a26b666d64a6098a121fd22aa90d,gcc/root,"gcc/match.pd,gcc/tree-vect-patterns.cc",method_localizable_gcc
103796,1be1970f97d05a07851cd826132fcf466827ebe5,gcc/fortran,"gcc/fortran/coarray.cc,gcc/fortran/decl.cc,gcc/fortran/dump-parse-tree.cc,gcc/fortran/frontend-passes.cc,gcc/fortran/gfortran.texi,gcc/fortran/intrinsic.texi,gcc/fortran/iso-fortran-env.def,gcc/fortran/match.cc,gcc/fortran/parse.cc,gcc/fortran/parse.h,gcc/fortran/resolve.cc,gcc/fortran/trans-decl.cc,gcc/fortran/trans-expr.cc,gcc/fortran/trans-intrinsic.cc,gcc/fortran/trans-stmt.cc",method_localizable_gcc
103984,c43cb355f25dd22133d15819bd6ec03d3d3939fd,gcc/root,gcc/gimplify.cc,method_localizable_gcc
104130,1c6ebfdf033d17db80d3723883f02dfaf612c29e,gcc/fortran,"gcc/fortran/interface.cc,gcc/fortran/resolve.cc,gcc/fortran/trans-array.cc,gcc/fortran/trans-expr.cc",method_localizable_gcc
104139,45cae5b6392496028f35c5948f7fae0af81d135b,gcc/cp,gcc/cp/class.cc,method_localizable_gcc
104429,908ad66ea64ef84014d3ea9f2f3b62ed3968b9e3,gcc/fortran,"gcc/fortran/interface.cc,gcc/fortran/resolve.cc,gcc/fortran/trans-array.cc,gcc/fortran/trans-expr.cc",method_localizable_gcc
104433,d3e5465757c599ea64f611290b7793d3141a6b7c,gcc/cp,gcc/cp/module.cc,method_localizable_gcc
104547,0ee9a62ef4b718ce7a66051f768c2bf5e1b62263,gcc/root,"gcc/gimple-range-fold.cc,gcc/range-op.cc,gcc/range-op.h",method_localizable_gcc
104620,fb488cba571539b6644e8f99f1dd997cdb4c82c1,gcc/cp,"gcc/cp/call.cc,gcc/cp/constexpr.cc,gcc/cp/cp-tree.h,gcc/cp/pt.cc",method_localizable_gcc
104669,394c852a6b4bed8117c790c2cd1553e224975ad5,gcc/cp,"gcc/cp/decl.c,gcc/cp/decl2.c",method_localizable_gcc
104684,b3d078220d202094a2b4eaef9b4a5ad1b84d30e6,gcc/fortran,gcc/fortran/trans-array.cc,method_localizable_gcc
104826,267dbd42f42c52a515f49c0875d296a9cf5988fe,gcc/fortran,gcc/fortran/trans-openmp.c,method_localizable_gcc
104867,c822ad86984e752734b9c371f9cfef9330334ec4,gcc/cp,gcc/cp/pt.cc,method_localizable_gcc
105104,b2fa7e036e72fa0ed63df602cebd4005b078336e,gcc/root,gcc/coroutine-passes.cc,method_localizable_gcc
105152,908ad66ea64ef84014d3ea9f2f3b62ed3968b9e3,gcc/fortran,"gcc/fortran/interface.cc,gcc/fortran/resolve.cc,gcc/fortran/trans-array.cc,gcc/fortran/trans-expr.cc",method_localizable_gcc
105310,2bc68e34a695530b60caa23dad47b0f42f6fc209,gcc/fortran,gcc/fortran/trans-expr.c,method_localizable_gcc
105440,fed57c8ec95ce3d86e74c5afb73a3a4a499d4ec4,gcc/cp,gcc/cp/constexpr.cc,method_localizable_gcc
105448,82d1617551aad498957cbbc0558001e2b24dc2f9,gcc/root,gcc/tree-ssa-forwprop.cc,method_localizable_gcc
105475,ad4c136b906c7658d6e800b3a5241a6dac2e0bdc,gcc/cp,gcc/cp/coroutines.cc,method_localizable_gcc
105797,1982fe2692b6c3b7f969ffc4edac59f9d4359e91,gcc/cp,gcc/cp/pt.cc,method_localizable_gcc
105838,ff83d1b47aadcdaf80a4fda84b0dc00bb2cd3641,gcc/cp,"gcc/cp/call.cc,gcc/cp/constexpr.cc,gcc/cp/init.cc,gcc/cp/tree.cc",method_localizable_gcc
105848,359d5b7edaf7d1c418d2026ba0bc76b52d006364,gcc/cp,gcc/cp/pt.cc,method_localizable_gcc
105852,72a7710d886fd5b5a2697af4010e6dbbe874fdaf,gcc/cp,"gcc/cp/decl.cc,gcc/cp/pt.cc",method_localizable_gcc
105863,19831baf4904d09a74c7cf684a27b091947a610b,"gcc/c-family,gcc/doc,gcc/root","gcc/c-family/c-opts.cc,gcc/c-family/c.opt,gcc/doc/cpp.texi,gcc/doc/cppdiropts.texi,gcc/doc/invoke.texi,gcc/gcc.cc,gcc/genmatch.cc,gcc/incpath.cc,gcc/incpath.h",method_localizable_gcc
105964,4fcf79c8ab835615aea0687195871ac43b84d156,gcc/cp,gcc/cp/pt.cc,method_localizable_gcc
106010,68871a008e686dbe56ff0b502f2864176a140716,gcc/root,gcc/tree-complex.cc,method_localizable_gcc
106022,3ae9def08565c36af2dc0bff495545ee1e9db642,gcc/config,"gcc/config/i386/i386-protos.h,gcc/config/i386/i386.cc,gcc/config/i386/mmx.md,gcc/config/i386/predicates.md",method_localizable_gcc
106057,28d9ed038a043de36efedaa784d253a97edda231,gcc/root,gcc/ipa-devirt.cc,method_localizable_gcc
106113,4cbebddc2ce1e88216fec6aa89d111d8596bd34c,gcc/config,"gcc/config/i386/i386-builtin.def,gcc/config/i386/i386-expand.cc",method_localizable_gcc
106238,1aee19f9b57caef2a600968807ecaa13bac2d2f8,gcc/root,gcc/gimple-ssa-warn-access.cc,method_localizable_gcc
106369,60fed79c1e9a968eaedf292b298d19c9475ad37a,gcc/cp,gcc/cp/constexpr.cc,method_localizable_gcc
106513,cf404eb3b55a3711134bddee98d6d8d881be8a69,gcc/root,gcc/gimple-ssa-store-merging.c,method_localizable_gcc
106523,369454ecb53a2911946356b09347259c953f435f,gcc/root,gcc/tree-ssa-forwprop.cc,method_localizable_gcc
106560,d2874d905647a1d146dafa60199d440e837adc4d,gcc/c,gcc/c/c-decl.c,method_localizable_gcc
106649,dbdce6adb748b95be219f2f5fb97f844a0f9b840,"gcc/c-family,gcc/cp,gcc/doc","gcc/c-family/c-cppbuiltin.cc,gcc/c-family/c-opts.cc,gcc/c-family/c.opt,gcc/cp/constexpr.cc,gcc/cp/cp-tree.h,gcc/cp/method.cc,gcc/doc/invoke.texi",method_localizable_gcc
106692,166cea6886435c18b557666e40b5fd3805fc1036,gcc/fortran,gcc/fortran/trans-expr.cc,method_localizable_gcc
106744,368dbb23c5efaf86b2b18945508d379713c0d12c,gcc/root,gcc/tree-ssa-phiopt.cc,method_localizable_gcc
106760,c7ec472e132a634b9e819e2fcfaac74e07744c26,gcc/cp,gcc/cp/call.cc,method_localizable_gcc
106762,39acf3c9dd767626b422843adb8f5be06206af08,"gcc/root,gcc/doc","gcc/Makefile.in,gcc/common.opt,gcc/diagnostic-context-rich-location.cc,gcc/diagnostic-context-rich-location.h,gcc/doc/invoke.texi,gcc/gimple-array-bounds.cc,gcc/gimple-array-bounds.h,gcc/gimple-ssa-warn-access.cc,gcc/gimple-ssa-warn-restrict.cc",method_localizable_gcc
106764,acc205eff4091d761af45f992ab43f8d09cbb5ad,gcc/root,gcc/gimplify.cc,method_localizable_gcc
106765,acc205eff4091d761af45f992ab43f8d09cbb5ad,gcc/root,gcc/gimplify.cc,method_localizable_gcc
106858,4c156ead37c0660b11e1f055bcba159ce806c5c8,gcc/cp,"gcc/cp/parser.cc,gcc/cp/semantics.cc,gcc/cp/typeck.cc",method_localizable_gcc
106878,05f5c42cb42c5088187d44cc45a5f671d19ad8c5,gcc/root,"gcc/match.pd,gcc/tree-cfg.cc,gcc/tree-ssa-reassoc.cc",method_localizable_gcc
106938,12a8d5e2f2e7d7535115e4e105c0f9eb4d50fdad,gcc/root,gcc/tree-cfg.cc,method_localizable_gcc
106948,30432ffd9220cc949ef470c47455c6a64f2cdb69,gcc/fortran,gcc/fortran/resolve.cc,method_localizable_gcc
107065,5589bb8d1fd3d4ecfb71e764d54bf931a743b85d,gcc/cp,"gcc/cp/parser.c,gcc/cp/typeck.c",method_localizable_gcc
107067,06e5b0b4a244090abfea333d91fc5963292cb41d,gcc/fortran,gcc/fortran/parse.cc,method_localizable_gcc
107087,e70e36cbef4f01e7d32bafe17698c3bf3e4624b8,gcc/root,gcc/tree-ssa-forwprop.cc,method_localizable_gcc
107122,749dcd9ba8466fec5b51dd564cd63424c44f808b,gcc/fortran,gcc/fortran/openmp.cc,method_localizable_gcc
107131,0ecd0f1cc6f8f3ba818946a42b22c2ab61f46825,gcc/root,gcc/value-range.cc,method_localizable_gcc
107143,21109b37e8585a7a1b27650fcbf1749380016108,gcc/fortran,gcc/fortran/dependency.cc,method_localizable_gcc
107176,cb21297f9259ceedd5f5dd7c3973535f14124d6d,gcc/root,gcc/tree-scalar-evolution.cc,method_localizable_gcc
107188,18499b9f848707aee42d810e99ac0a4c9788433c,gcc/cp,gcc/cp/parser.cc,method_localizable_gcc
107307,acc205eff4091d761af45f992ab43f8d09cbb5ad,gcc/root,gcc/gimplify.cc,method_localizable_gcc
107369,354c97ee05b23707efbfc7ff6640dcec7336ac7a,gcc/root,gcc/gimplify.cc,method_localizable_gcc
107522,18f447ac09e859d6bd96bd39b77b2ac48c5c3a1f,gcc/cp,gcc/cp/constraint.cc,method_localizable_gcc
107546,9072763f4f17e600a980ff510b2baf8ad8ada1b5,gcc/config,gcc/config/i386/i386-expand.cc,method_localizable_gcc
107565,d3ef73867e3f70a343ad5aa4e00b270be85fa572,gcc/analyzer,gcc/analyzer/kf.cc,method_localizable_gcc
107600,7f1ee85470780ffd0542819c53fb7f7f3d05c9a4,gcc/cp,gcc/cp/method.cc,method_localizable_gcc
107635,69eb02682b80b84dd0f562f19821c8c8c37ad243,gcc/fortran,"gcc/fortran/coarray.cc,gcc/fortran/gfortran.texi,gcc/fortran/intrinsic.cc,gcc/fortran/trans-decl.cc,gcc/fortran/trans-intrinsic.cc,gcc/fortran/trans.h",method_localizable_gcc
107637,299a8e2dc667e795991bc439d2cad5ea5bd379e2,gcc/cp,"gcc/cp/call.cc,gcc/cp/decl.cc,gcc/cp/parser.cc,gcc/cp/pt.cc,gcc/cp/semantics.cc",method_localizable_gcc
107741,397c56af99e1675fc682606b280e53feafd07be0,gcc/cp,"gcc/cp/cp-tree.h,gcc/cp/decl2.cc,gcc/cp/lambda.cc,gcc/cp/parser.cc",method_localizable_gcc
107769,2e5e72488b108e5d75049179ef91a093e5fedc49,gcc/root,"gcc/cgraph.h,gcc/ipa-cp.cc,gcc/ipa-prop.cc,gcc/ipa-prop.h,gcc/symtab.cc",method_localizable_gcc
107805,ec73b55c75baa16c1cf7482fa65928a8d45598d4,gcc/c,gcc/c/c-decl.cc,method_localizable_gcc
107919,7716ee1e90412f785cba20acffd59fc7461302cb,gcc/root,gcc/gimple-predicate-analysis.cc,method_localizable_gcc
107953,6750f5902c600907a56b9a72b4bae7d9762515c9,gcc/cp,gcc/cp/parser.cc,method_localizable_gcc
107980,bf6f77edd625cfe2f2f164e90437df318b96527f,"gcc/c-family,gcc/c,gcc/ginclude","gcc/c-family/c-common.cc,gcc/c-family/c-common.h,gcc/c/c-parser.cc,gcc/ginclude/stdarg.h",method_localizable_gcc
108007,44191982c6bd41db1c9d126ea2f15febec3c1f81,gcc/root,"gcc/cgraph.cc,gcc/cgraph.h,gcc/ipa-param-manipulation.cc,gcc/ipa-param-manipulation.h,gcc/tree-inline.cc",method_localizable_gcc
108158,60fca1802a25034f49fa1e3769b3a5656f392e89,gcc/cp,gcc/cp/constexpr.cc,method_localizable_gcc
108205,736e8eef6c0df860f9b0469f9f7cfb8c121a70a7,gcc/cp,gcc/cp/contracts.cc,method_localizable_gcc
108233,ebe7cd9f2833a79877fbc56829c4f37a518a9b1d,gcc/fortran,gcc/fortran/trans-expr.cc,method_localizable_gcc
108243,cbaa1d9c218d9c0b5e34e510a462ff4e299a0f3f,gcc/cp,gcc/cp/cp-gimplify.cc,method_localizable_gcc
108244,688fc162b76dc6747a30fcfd470f4770da0f4924,gcc/c-family,gcc/c-family/c-pragma.cc,method_localizable_gcc
108309,269ca408e2839d7f3554a91515d73d4d95352f68,gcc/cp,gcc/cp/constexpr.c,method_localizable_gcc
108358,7bb1933c1fcca8cb99132ff5d08b3f3efca4ff07,gcc/root,gcc/tree-ssa-forwprop.cc,method_localizable_gcc
108375,3057d7928c0dbc78dbf748c9621ccd102e06beee,gcc/c,"gcc/c/c-decl.cc,gcc/c/c-objc-common.cc,gcc/c/c-objc-common.h,gcc/c/c-parser.cc,gcc/c/c-tree.h,gcc/c/c-typeck.cc",method_localizable_gcc
108385,809d661aff99ae0287baf4a52269425de62381e6,gcc/root,"gcc/gimple-range-gori.cc,gcc/range-op.cc",method_localizable_gcc
108390,3e791f45ded89626bc1f9f8013728f6e035801b2,gcc/cp,gcc/cp/pt.cc,method_localizable_gcc
108434,373e2dbc5d923b6f366a637e561bc457740164db,gcc/fortran,"gcc/fortran/class.cc,gcc/fortran/decl.cc",method_localizable_gcc
108440,a558a4d3d1b488783b96dff7141d12e02ded3ad3,gcc/root,gcc/tree-ssa-forwprop.cc,method_localizable_gcc
108454,9a09fc9b8495f6cfa7b848b0064a96112dcb4a7f,gcc/fortran,gcc/fortran/resolve.cc,method_localizable_gcc
108474,61948b4113a817b0cd61e7e5311d9cfae31bc623,gcc/cp,gcc/cp/cp-gimplify.c,method_localizable_gcc
108563,afe6cea4489846aa8585f3c045d16cdaa08cc6cd,gcc/cp,"gcc/cp/pt.cc,gcc/cp/semantics.cc",method_localizable_gcc
108585,0235b6d41ace62064d5cd42553028136b49ad947,gcc/config,gcc/config/i386/x86-tune-costs.h,method_localizable_gcc
108625,893b9d8d7df3f6134aa4dd5f501db652448df41f,gcc/root,gcc/genmatch.c,method_localizable_gcc
108657,7478278f88ba1753e68d6962b7f38d1be5b43d56,gcc/root,gcc/tree-ssa-dse.cc,method_localizable_gcc
108806,c381327dd6c2d9996702b2a341b91cf48942a8ae,gcc/analyzer,"gcc/analyzer/constraint-manager.cc,gcc/analyzer/constraint-manager.h,gcc/analyzer/region-model.cc",method_localizable_gcc
108848,afe6cea4489846aa8585f3c045d16cdaa08cc6cd,gcc/cp,"gcc/cp/pt.cc,gcc/cp/semantics.cc",method_localizable_gcc
108889,13e6f13286e105d9e2898767ad1f4125e13f9514,gcc/fortran,"gcc/fortran/gfortran.h,gcc/fortran/trans-array.cc",method_localizable_gcc
108931,0d0837df6973e00c143a04fe652d74e4df856a2e,gcc/c,gcc/c/c-typeck.cc,method_localizable_gcc
108986,7d685cb42c1568f6ac017ea2503b366ec474ce0e,gcc/root,gcc/gimple-ssa-warn-access.cc,method_localizable_gcc
109059,2b2340e236c0bba8aaca358ea25a5accd8249fbd,gcc/analyzer,"gcc/analyzer/region-model.cc,gcc/analyzer/store.cc,gcc/analyzer/store.h",method_localizable_gcc
109071,39acf3c9dd767626b422843adb8f5be06206af08,"gcc/root,gcc/doc","gcc/Makefile.in,gcc/common.opt,gcc/diagnostic-context-rich-location.cc,gcc/diagnostic-context-rich-location.h,gcc/doc/invoke.texi,gcc/gimple-array-bounds.cc,gcc/gimple-array-bounds.h,gcc/gimple-ssa-warn-access.cc,gcc/gimple-ssa-warn-restrict.cc",method_localizable_gcc
109123,adb70c2d1060b3e8d410b45c698796c5d88818b3,gcc/root,gcc/gimple-ssa-warn-access.cc,method_localizable_gcc
109267,bb561b45e490377046b7ce14e8934cc8a81ec6a7,gcc/root,gcc/tree-cfgcleanup.cc,method_localizable_gcc
109345,b6b889309400c39c0d0988c3fb60e3d54f0c1738,gcc/fortran,gcc/fortran/trans-array.cc,method_localizable_gcc
109362,92fff39f06449f907d8781a5dcaad0e8b9743480,gcc/root,gcc/tree-ssa-sccvn.cc,method_localizable_gcc
109366,7a39e0ca0652ff84a31efa3c7d4c7a78d9bb95ae,gcc/analyzer,gcc/analyzer/region-model-manager.cc,method_localizable_gcc
109442,064c6493c879c4c1a989e67ce5adc32c1be83d67,gcc/root,gcc/ipa-fnsummary.cc,method_localizable_gcc
109464,0b93a0ae153ef70a82ff63e67926a01fdab9956b,gcc/cp,"gcc/cp/cp-tree.h,gcc/cp/decl.cc,gcc/cp/decl2.cc,gcc/cp/optimize.cc",method_localizable_gcc
109514,1aee19f9b57caef2a600968807ecaa13bac2d2f8,gcc/root,gcc/gimple-ssa-warn-access.cc,method_localizable_gcc
109619,644a7033cc09b79a5cfefe1fe9b307d835009b17,gcc/root,gcc/builtins.cc,method_localizable_gcc
109642,64221c7bffbdd399e49554b0fb08b38325657596,"gcc/cp,gcc/doc","gcc/cp/call.cc,gcc/cp/tree.cc,gcc/doc/extend.texi,gcc/doc/invoke.texi",method_localizable_gcc
109680,ff0e01a99daa1784f1d0adc5b2a1aab86693b1ca,gcc/cp,gcc/cp/method.cc,method_localizable_gcc
109682,a0b431033c307982123abbff752045cfe7eda47f,gcc/cp,gcc/cp/coroutines.cc,method_localizable_gcc
109859,005b1f418350a3ef7c5280b19a82fb28c0856e7c,gcc/cp,gcc/cp/parser.cc,method_localizable_gcc
109909,8736d6b14a4dfdfb58c80ccd398981b0fb5d00aa,gcc/root,"gcc/ipa-fnsummary.h,gcc/ipa-inline.cc,gcc/ipa-utils.cc",method_localizable_gcc
109918,0675eb17480bada678bf2769d39732027abcd6d0,gcc/cp,"gcc/cp/class.cc,gcc/cp/error.cc",method_localizable_gcc
109934,6a372628228bf57d3e35cc1351650146a8d3febc,gcc/root,gcc/value-range.cc,method_localizable_gcc
109966,a2fd45adfdb3ff219fd97d158fb66cc99ef0afd4,gcc/cp,gcc/cp/typeck2.cc,method_localizable_gcc
110006,e534b2280c8522a67532417681a0340bcc5e1c9b,gcc/cp,"gcc/cp/constraint.cc,gcc/cp/pt.cc",method_localizable_gcc
110025,4894c82b0c3cf0d6ec4bc1e96709b6140ec11f6e,gcc/cp,"gcc/cp/cp-tree.h,gcc/cp/parser.cc,gcc/cp/pt.cc",method_localizable_gcc
110031,0430ec8881d657ddedff6c9d9fa4ea5db125f462,gcc/cp,gcc/cp/pt.cc,method_localizable_gcc
110039,365b1d5493988b6bd40183d1fe49bd8a3b32a6bb,gcc/root,gcc/gimple-ssa-store-merging.cc,method_localizable_gcc
110065,2e3a75f714c1bba876c31d0e68e903c6857d83a9,gcc/cp,gcc/cp/parser.cc,method_localizable_gcc
110070,99566c0c6b8802ba1d0baeebba3581563cf8a09f,"gcc/root,gcc/cp","gcc/cgraph.cc,gcc/cp/call.cc,gcc/cp/tree.cc,gcc/gimplify.cc,gcc/tree-core.h,gcc/tree.h,gcc/varasm.cc",method_localizable_gcc
110114,b0426fbc85333775ef97cc135e87dd6cae876af7,gcc/cp,gcc/cp/call.cc,method_localizable_gcc
110137,c25c172959e7fb424455ee6acc60571c68b72443,"gcc/c-family,gcc/doc,gcc/root","gcc/c-family/c.opt,gcc/doc/invoke.texi,gcc/gimple.cc,gcc/ipa-inline-transform.cc",method_localizable_gcc
110199,993c6de642ffeb2867edbe80ff2a72c0a2eb604e,gcc/root,gcc/tree-ssa-scopedtables.cc,method_localizable_gcc
110221,a5922427c29fad177251d89cc946d1c5bfc135eb,gcc/root,gcc/tree-vect-slp.cc,method_localizable_gcc
110228,c7d995dfb155ac28d39bebc6f8fb75d0c2a33a13,gcc/root,gcc/tree-ssa-ifcombine.cc,method_localizable_gcc
110323,a2fe34e0b993d5fb879d75ddb42b24b45c4b7242,gcc/cp,gcc/cp/decl2.cc,method_localizable_gcc
110345,cd647514a539943ade6461efbf056a7c3f4305c6,"gcc/cp,gcc/root","gcc/cp/tree.cc,gcc/tree.cc",method_localizable_gcc
110382,45ff9fcd465f445ca43a584e20a4568f4e41539f,gcc/cp,gcc/cp/constexpr.cc,method_localizable_gcc
110584,9ee6c2619b256878d43800a16f7b98b3ddf59e52,gcc/cp,"gcc/cp/cp-tree.h,gcc/cp/lambda.cc,gcc/cp/semantics.cc",method_localizable_gcc
110635,ce3f523f9cb4c20704bc5f41b8fbc34b5b84ed88,gcc/cp,gcc/cp/coroutines.cc,method_localizable_gcc
110700,b1ae46bdd19fc2aaea41bc894168bdaf4799be80,gcc/analyzer,"gcc/analyzer/region-model-manager.cc,gcc/analyzer/sm-taint.cc",method_localizable_gcc
110871,dbba3c9008e35ba45966945baf816886c5520196,"gcc/cp,gcc/root","gcc/cp/constexpr.cc,gcc/cp/contracts.cc,gcc/cp/contracts.h,gcc/cp/coroutines.cc,gcc/cp/decl.cc,gcc/cp/typeck.cc,gcc/gimplify.cc",method_localizable_gcc
110872,dbba3c9008e35ba45966945baf816886c5520196,"gcc/cp,gcc/root","gcc/cp/constexpr.cc,gcc/cp/contracts.cc,gcc/cp/contracts.h,gcc/cp/coroutines.cc,gcc/cp/decl.cc,gcc/cp/typeck.cc,gcc/gimplify.cc",method_localizable_gcc
110963,bcdbedb3e6083ad01d844ed97cf19645c1ef6568,gcc/root,gcc/tree-ssa-pre.cc,method_localizable_gcc
110992,dcb7009efc5358207d1b0612732a0608915a3ef7,gcc/root,gcc/range-op.cc,method_localizable_gcc
110993,58ad709f8ac8f4e0868e92da1149e89f2d7b32d5,gcc/fortran,gcc/fortran/frontend-passes.cc,method_localizable_gcc
110997,606f7201c066b840ea43ab62fcf47042b81e54d4,"gcc/c-family,gcc/cp,gcc/doc","gcc/c-family/c-cppbuiltin.cc,gcc/c-family/c-opts.cc,gcc/c-family/c.opt,gcc/cp/call.cc,gcc/cp/constexpr.cc,gcc/cp/cp-gimplify.cc,gcc/cp/cp-tree.h,gcc/cp/decl2.cc,gcc/cp/error.cc,gcc/cp/module.cc,gcc/cp/pt.cc,gcc/cp/typeck.cc,gcc/doc/invoke.texi",method_localizable_gcc
111132,dfe7b5e9e7010f10e9737d5f15f5b48ba536e8f5,gcc/cp,"gcc/cp/constexpr.cc,gcc/cp/cvt.cc",method_localizable_gcc
111151,85b2b99e56b6f54b3feb530b2492955486e3d389,gcc/root,gcc/fold-const.cc,method_localizable_gcc
111245,87d788926ba4ccca9a086c138584c10d1e63084d,gcc/root,gcc/ipa-modref.cc,method_localizable_gcc
111276,99aa410f5e0a722822698e765ca165e73ca4f637,gcc/root,"gcc/tree-ssa-loop-im.cc,gcc/tree-vect-patterns.cc",method_localizable_gcc
111284,6d30cfc3fc88976151d0d10e73e10111ccb71ee0,gcc/cp,gcc/cp/constexpr.cc,method_localizable_gcc
111285,a5929ef809558a3117e7a6e2e66316a828b50f29,gcc/root,gcc/tree-vect-generic.cc,method_localizable_gcc
111397,f1e717bd8b043e07e74accff3235d04e6eb719cc,gcc/root,"gcc/tree-ssa-forwprop.cc,gcc/tree-ssa-propagate.cc,gcc/tree-ssa-sccvn.cc",method_localizable_gcc
111419,ddd064e3571c4a9e6258c75eba65585a07367712,gcc/cp,gcc/cp/cvt.cc,method_localizable_gcc
111422,4b1a2878ba3241ec5c0a1bf05ff47bfcd09c3711,gcc/root,gcc/cfgexpand.cc,method_localizable_gcc
111471,c75e5f0f852058707d2dc13474212131d9ab51dd,gcc/cp,gcc/cp/cxx-pretty-print.cc,method_localizable_gcc
111478,a5922427c29fad177251d89cc946d1c5bfc135eb,gcc/root,gcc/tree-vect-slp.cc,method_localizable_gcc
111536,2a63dc8c65d469e1d7ac3d764179653bf0ec843f,gcc/analyzer,"gcc/analyzer/engine.cc,gcc/analyzer/program-state.cc,gcc/analyzer/region-model.cc,gcc/analyzer/region-model.h,gcc/analyzer/region.cc,gcc/analyzer/sm-signal.cc,gcc/analyzer/state-purge.cc",method_localizable_gcc
111657,0f3a6b3972f6e6886297e59fcaf85f374859ca46,gcc/config,"gcc/config/i386/i386-expand.cc,gcc/config/i386/i386.md",method_localizable_gcc
111683,05de873353ab9e94cda2b9e9561a82ca4e061c3f,gcc/root,gcc/tree-predcom.cc,method_localizable_gcc
111728,fbe351c9fa344cc53bff8a4e03068c7121af0d0c,gcc/cp,gcc/cp/coroutines.cc,method_localizable_gcc
111736,b86b523fb53f5ffb0e3f3236fc526a587944d9ea,gcc/root,gcc/asan.c,method_localizable_gcc
111873,1ebf3e1c4b93de0e500998d8ad4b3ce5bece37cc,gcc/root,gcc/tree-sra.cc,method_localizable_gcc
111890,2249c6348835c817f43c9fc55eac66e54ac1efeb,gcc/cp,gcc/cp/pt.cc,method_localizable_gcc
111950,3cc9ad41db87fb85b13a56bff1f930c258542a70,gcc/root,gcc/tree-vect-loop-manip.cc,method_localizable_gcc
112288,615e392c8b1ef362fee2bd4f34d5a82f018c3f97,gcc/cp,gcc/cp/pt.cc,method_localizable_gcc
112324,fbc849d9c3872a05a308724f4009c18685b5af9c,gcc/root,gcc/tree-if-conv.cc,method_localizable_gcc
112364,25f92179dea3080788c83743823c1decd84fee23,"gcc/c-family,gcc/c,gcc/doc","gcc/c-family/c.opt,gcc/c/c-typeck.cc,gcc/doc/invoke.texi",method_localizable_gcc
112374,04abafe9831f6867af1211ecae853ff373235b2d,gcc/root,gcc/tree-vect-loop.cc,method_localizable_gcc
112380,02f562484c17522d79a482ac702a5fa3c2dfdd10,gcc/root,gcc/combine.cc,method_localizable_gcc
112402,77e17558fcda8992fbe731ccd12bde445e48d6f4,gcc/root,gcc/gimple-ssa-split-paths.cc,method_localizable_gcc
112410,08f4496aa619f9b0e8dbb459452dd96edb870236,gcc/cp,gcc/cp/parser.cc,method_localizable_gcc
112487,a0b2abef4e62d816f669df478a3cc320647c3b31,gcc/root,gcc/tree-inline.cc,method_localizable_gcc
112488,453e0f45a49f425992bc47ff8909ed8affc29d2e,gcc/c,"gcc/c/c-decl.cc,gcc/c/c-parser.cc,gcc/c/c-tree.h",method_localizable_gcc
112556,36dd228f2e96e3cf03ec84d73471cfdc5523de8d,gcc/c,gcc/c/c-typeck.cc,method_localizable_gcc
112616,44191982c6bd41db1c9d126ea2f15febec3c1f81,gcc/root,"gcc/cgraph.cc,gcc/cgraph.h,gcc/ipa-param-manipulation.cc,gcc/ipa-param-manipulation.h,gcc/tree-inline.cc",method_localizable_gcc
112618,9895fc7ab14f4cf571071184877f130b7bd0a59b,gcc/root,gcc/tree-vect-loop.cc,method_localizable_gcc
112632,987fc8174026cb3452b63d026cef686f4177526b,gcc/cp,gcc/cp/pt.cc,method_localizable_gcc
112736,eee13a3730bd1d7aa7b40687b1ee49c17d95159f,gcc/root,gcc/tree-vect-stmts.cc,method_localizable_gcc
112769,e534b2280c8522a67532417681a0340bcc5e1c9b,gcc/cp,"gcc/cp/constraint.cc,gcc/cp/pt.cc",method_localizable_gcc
112824,2a8af97e3528f812201687334f64b27b94d01271,gcc/root,gcc/tree-sra.cc,method_localizable_gcc
112859,83f764a9ac925d479ad3fee8c44e6053adb3475a,gcc/root,gcc/tree-loop-distribution.cc,method_localizable_gcc
112877,ab22b8c630769330b4f37eb64d2bc285344a647a,gcc/root,gcc/calls.cc,method_localizable_gcc
112938,37afeec8a635153ccd4e91bd686c93217706894d,gcc/root,gcc/ipa-strub.cc,method_localizable_gcc
112961,b9baead90d74e9211fc94d655ecd5d3af3858158,gcc/root,"gcc/tree-if-conv.cc,gcc/tree-ssa-sccvn.cc,gcc/tree-ssa-sccvn.h,gcc/tree-ssa-uninit.cc",method_localizable_gcc
112969,132eb1a210bc7806c4cf188ecac6c08339c94384,gcc/analyzer,gcc/analyzer/store.cc,method_localizable_gcc
113026,8c0dd8a6ff85d6e7b38957f2da400f5cfa8fef6b,gcc/root,"gcc/tree-vect-loop-manip.cc,gcc/tree-vect-loop.cc",method_localizable_gcc
113108,df3ae94a5eb3090e59d5fd8d3ccc3d8231bac87f,gcc/cp,gcc/cp/pt.cc,method_localizable_gcc
113158,294140d752fc9a3a790497da9f1e968e9849b40f,gcc/cp,gcc/cp/search.cc,method_localizable_gcc
113207,e8b18dc45950f80d74e62ac7b4e3fa51d430d9cc,gcc/root,gcc/ipa-free-lang-data.cc,method_localizable_gcc
113208,0b93a0ae153ef70a82ff63e67926a01fdab9956b,gcc/cp,"gcc/cp/cp-tree.h,gcc/cp/decl.cc,gcc/cp/decl2.cc,gcc/cp/optimize.cc",method_localizable_gcc
113253,d22d1a9346f27db41459738c6eb404f8f0956e6f,gcc/analyzer,"gcc/analyzer/region-model.cc,gcc/analyzer/state-purge.cc,gcc/analyzer/supergraph.cc",method_localizable_gcc
113333,a3054489117085c095e480c71b6aaeea9a463c37,gcc/analyzer,gcc/analyzer/region-model-manager.cc,method_localizable_gcc
113360,5e3646a3cb7a03a368367b7c252b4985c7931f4a,gcc/cp,"gcc/cp/constexpr.cc,gcc/cp/cp-tree.h,gcc/cp/parser.cc,gcc/cp/pt.cc",method_localizable_gcc
113413,9a485b83e177cb742be17faf20ac5cc7db14fee3,gcc/fortran,"gcc/fortran/intrinsic.cc,gcc/fortran/intrinsic.texi",method_localizable_gcc
113457,c73d7f3c66c0b5865edd6880cd0d6be723cfbb8d,gcc/cp,gcc/cp/coroutines.cc,method_localizable_gcc
113560,fd4829dde46b9836c40c9ab27bde98521e692119,gcc/root,gcc/tree-ssa-math-opts.cc,method_localizable_gcc
113588,48148a0bb6c05b68b9c8f867f5c5ee9d8f4dd996,gcc/root,gcc/tree-vect-data-refs.cc,method_localizable_gcc
113630,429935510202c4efee933bf907fd9dff816193f2,gcc/root,gcc/tree-ssa-pre.cc,method_localizable_gcc
113673,c43c74f6ec795a586388de7abfdd20a0040f6f16,gcc/root,gcc/gimple-ssa-store-merging.cc,method_localizable_gcc
113688,1f48225a0ddfaf74a229105343b22f3086c4b8cb,"gcc/lto,gcc/root","gcc/lto/lto-common.cc,gcc/tree.cc",method_localizable_gcc
113760,6ad7ca1bb905736c0f57688e93e9e77cbc71a325,"gcc/c-family,gcc/cp,gcc/doc","gcc/c-family/c.opt,gcc/cp/parser.cc,gcc/doc/invoke.texi",method_localizable_gcc
113773,9a16584beb312bfc493977e472dcb9d11ad5bc76,gcc/cp,gcc/cp/coroutines.cc,method_localizable_gcc
113831,c4c0b0be87b4e08dab0e5e62c6f38a610a7423e7,gcc/root,"gcc/tree-ssa-pre.cc,gcc/tree-ssa-sccvn.cc,gcc/tree-ssa-sccvn.h",method_localizable_gcc
113883,b753ef8f0c1d9cedd0ca688b68be10dc8f9c32bb,gcc/fortran,gcc/fortran/trans-array.cc,method_localizable_gcc
113976,854d8fa9d0e1b8ac2e5b21333bb09a7c2e94231d,gcc/cp,gcc/cp/decl.cc,method_localizable_gcc
113987,bc0e18a960f9dff3e740f4d0cb5b25b3f68d920a,gcc/cp,"gcc/cp/call.cc,gcc/cp/cp-tree.h,gcc/cp/init.cc",method_localizable_gcc
114022,819b6415b639710566e4cc535241d82ccd708f76,gcc/fortran,"gcc/fortran/expr.cc,gcc/fortran/primary.cc",method_localizable_gcc
114052,a3871eead4540b3a746b877408088d41ce12c846,gcc/root,gcc/tree-ssa-loop-niter.cc,method_localizable_gcc
114114,e772c0c05c36d0b0539effb4256be67bbedd77fb,gcc/cp,gcc/cp/pt.cc,method_localizable_gcc
114115,89a6f6b791f6c745eb649b31765594021de57f6c,gcc/root,"gcc/cgraph.h,gcc/cgraphunit.c,gcc/symtab.c,gcc/tree-profile.c",method_localizable_gcc
114138,4894c82b0c3cf0d6ec4bc1e96709b6140ec11f6e,gcc/cp,"gcc/cp/cp-tree.h,gcc/cp/parser.cc,gcc/cp/pt.cc",method_localizable_gcc
114169,7bb1933c1fcca8cb99132ff5d08b3f3efca4ff07,gcc/root,gcc/tree-ssa-forwprop.cc,method_localizable_gcc
114231,aed445b0fd0c7ed16124c61e7eb732992426f103,gcc/root,gcc/tree-vect-slp.cc,method_localizable_gcc
114246,b444c3061a14d12d164d82345a1836f5fbd21939,gcc/root,gcc/tree-ssa-dse.cc,method_localizable_gcc
114292,f7dc4fd62ce4d9287988892b1e94bbdd0ca1c8fa,gcc/cp,"gcc/cp/pt.cc,gcc/cp/tree.cc",method_localizable_gcc
114303,c091c673af9e9262b9cdff3a8627f10c5e067b40,gcc/cp,"gcc/cp/constraint.cc,gcc/cp/pt.cc",method_localizable_gcc
114349,f00e19a0491223d2782f9f863a4f3a31d509f76b,gcc/cp,"gcc/cp/name-lookup.cc,gcc/cp/pt.cc",method_localizable_gcc
114431,f536ea9cc3226793dc156952340f21e55b60c04e,gcc/root,gcc/btfout.cc,method_localizable_gcc
114479,daa2e7c7ffe49b788357f7f2c9ef1c9b125c1f8c,gcc/cp,gcc/cp/semantics.cc,method_localizable_gcc
114501,07490d983161912fa314607c5a5beb9c49cc4a3f,gcc/root,gcc/ipa-free-lang-data.cc,method_localizable_gcc
114525,9497105d2b4adc09594502acfd5d04dd079ef663,gcc/cp,gcc/cp/typeck2.cc,method_localizable_gcc
114559,4951a90e534010ec954468a7335a264518a50c6a,gcc/root,gcc/vr-values.cc,method_localizable_gcc
114600,fe99ab1f5e9920fd46ef8148fcffde6729d68523,gcc/cp,gcc/cp/module.cc,method_localizable_gcc
114611,a78f34b6d21da299429f2432b309781ad717c596,gcc/fortran,gcc/fortran/io.cc,method_localizable_gcc
114612,61400b669688848dc764d946a4d16fb51a27e286,gcc/fortran,gcc/fortran/trans-array.cc,method_localizable_gcc
114619,4b2726a62ddfe958302d6790725503ac09b28f11,gcc/cp,gcc/cp/init.cc,method_localizable_gcc
114630,d456728667ddace4cf34ac7a5e63cb67de4c6257,gcc/cp,gcc/cp/pt.cc,method_localizable_gcc
114709,2e353c687dbd343ce592c5ec089774b2c699798a,gcc/cp,gcc/cp/constexpr.cc,method_localizable_gcc
114758,c25c172959e7fb424455ee6acc60571c68b72443,"gcc/c-family,gcc/doc,gcc/root","gcc/c-family/c.opt,gcc/doc/invoke.texi,gcc/gimple.cc,gcc/ipa-inline-transform.cc",method_localizable_gcc
114772,85280523967a8039db47955d6a6ee6f88d6e9b6d,gcc/cp,gcc/cp/pt.cc,method_localizable_gcc
114795,d456728667ddace4cf34ac7a5e63cb67de4c6257,gcc/cp,gcc/cp/pt.cc,method_localizable_gcc
114877,08869baff71588e030363047ee73104592687014,gcc/root,gcc/builtins.cc,method_localizable_gcc
114902,e80523288c9967a5fa6d6e27609cc4b1f1aef8d4,gcc/root,gcc/combine.cc,method_localizable_gcc
114932,4f4722b0722ec343df70e5ec5fd9d5c682ff8149,gcc/root,gcc/tree-ssa-loop-ivopts.cc,method_localizable_gcc
114945,af29d0d6b75f9e5ad69820488972027fe4634850,gcc/root,"gcc/ipa-fnsummary.cc,gcc/ipa-predicate.cc,gcc/ipa-predicate.h",method_localizable_gcc
114992,65e998d172e006cdf0dd4d58f83784a5fed61fc5,gcc/root,gcc/multiple_target.cc,method_localizable_gcc
115007,6713f05a2aeb852c3f4d738c8c5dbad816624323,gcc/cp,"gcc/cp/module.cc,gcc/cp/semantics.cc",method_localizable_gcc
115033,e098149b6b2c61ffe9e758dcd3ef021a78f2d132,gcc/root,gcc/ipa-modref.cc,method_localizable_gcc
115114,b3399b445ba7495b0479d43f2389e64d48de870e,gcc/cp,gcc/cp/pt.cc,method_localizable_gcc
115137,7f35863ebbf7ba63e2f075edfbec105de272578a,gcc/root,gcc/tree-ssa-structalias.cc,method_localizable_gcc
115159,1d1ef1c22752b3e250ee769ae6d79f537471a57f,gcc/cp,"gcc/cp/tree.cc,gcc/cp/typeck.cc",method_localizable_gcc
115231,b7f719612515a86d1d2a36e24b02ade3f0904e10,gcc/cp,"gcc/cp/error.cc,gcc/cp/module.cc,gcc/cp/pt.cc",method_localizable_gcc
115236,19cc61111120087619b496732b249b48b1fbe27e,gcc/root,gcc/tree-ssa-structalias.cc,method_localizable_gcc
115271,f70f4b60debce4a223725781d1973c05d8d1dfa9,gcc/fortran,"gcc/fortran/module.cc,gcc/fortran/openmp.cc,gcc/fortran/trans-decl.cc,gcc/fortran/trans-openmp.cc,gcc/fortran/trans-stmt.h",method_localizable_gcc
115274,39acf3c9dd767626b422843adb8f5be06206af08,"gcc/root,gcc/doc","gcc/Makefile.in,gcc/common.opt,gcc/diagnostic-context-rich-location.cc,gcc/diagnostic-context-rich-location.h,gcc/doc/invoke.texi,gcc/gimple-array-bounds.cc,gcc/gimple-array-bounds.h,gcc/gimple-ssa-warn-access.cc,gcc/gimple-ssa-warn-restrict.cc",method_localizable_gcc
115347,83f764a9ac925d479ad3fee8c44e6053adb3475a,gcc/root,gcc/tree-loop-distribution.cc,method_localizable_gcc
115358,7fb526a9a16162c61e468ea566e00aa5dcbdb738,gcc/cp,"gcc/cp/decl2.cc,gcc/cp/semantics.cc,gcc/cp/typeck.cc",method_localizable_gcc
115388,e29af8de31ba4b73dcee82917c8cec60d53dfa82,gcc/root,gcc/tree-ssa-dse.cc,method_localizable_gcc
115430,3fe6135b62f190921db6dcae7bc2f9582ca4e7c2,gcc/cp,gcc/cp/typeck.cc,method_localizable_gcc
115434,dbba3c9008e35ba45966945baf816886c5520196,"gcc/cp,gcc/root","gcc/cp/constexpr.cc,gcc/cp/contracts.cc,gcc/cp/contracts.h,gcc/cp/coroutines.cc,gcc/cp/decl.cc,gcc/cp/typeck.cc,gcc/gimplify.cc",method_localizable_gcc
115450,0592000aeed84d47040946a125154b3c46d7c84f,gcc/root,"gcc/tree-vect-loop.cc,gcc/tree-vect-slp.cc,gcc/tree-vect-stmts.cc",method_localizable_gcc
115476,5ff315e398b6a790471029950dd7eef4e168c312,gcc/cp,gcc/cp/semantics.cc,method_localizable_gcc
115486,4c743798b1d4530b327dad7c606c610f3811fdbf,gcc/cp,gcc/cp/pt.cc,method_localizable_gcc
115494,c886bd9ab21429a11bea393b5a6e7438a1d924ef,gcc/root,gcc/tree-ssa-pre.cc,method_localizable_gcc
115568,00210d187018a40c2fddcf46fcc9669d6e8d7c53,gcc/root,gcc/lra-remat.cc,method_localizable_gcc
115586,6cd1daf5206d9e0b2da84bf587c487f68aabd8db,gcc/cp,gcc/cp/parser.cc,method_localizable_gcc
115641,ebac11afbcb7a52536da5f04fc524b870f5d76e0,gcc/root,gcc/fold-const.cc,method_localizable_gcc
115646,36db43d30282521732736ba5da23c397fb51f1e0,gcc/root,gcc/tree-call-cdce.cc,method_localizable_gcc
115656,6afaab88c36393acf31599a86bab6dcbe5848928,gcc/cp,"gcc/cp/constraint.cc,gcc/cp/cp-tree.h,gcc/cp/pt.cc",method_localizable_gcc
115657,8191f15022b0ea44fcb549449b0458d07ae02e0a,gcc/cp,gcc/cp/decl.cc,method_localizable_gcc
115701,0dee54fabeb1d7bdf74cdeee080c7e5201008d6e,gcc/root,gcc/tree-ssanames.cc,method_localizable_gcc
115769,ad8e6a4ada0a7ed73ac99404ff2b41ed9dc5e940,gcc/cp,gcc/cp/module.cc,method_localizable_gcc
115788,ed8cd42d138fa048e0c0eff1ea28b39f5abe1c29,gcc/fortran,"gcc/fortran/check.cc,gcc/fortran/expr.cc,gcc/fortran/gfortran.h,gcc/fortran/gfortran.texi,gcc/fortran/intrinsic.cc,gcc/fortran/intrinsic.h,gcc/fortran/intrinsic.texi,gcc/fortran/simplify.cc,gcc/fortran/trans-intrinsic.cc",method_localizable_gcc
115842,6f36cc2535c11b9406715836daeb87169fa79473,gcc/config,gcc/config/i386/i386.cc,method_localizable_gcc
115871,ab908fdb911d6a337cd02b6018bc74b3a2f99acf,gcc/root,gcc/omp-simd-clone.cc,method_localizable_gcc
115895,cf9de710aaacd8a3c2cddf348c704b19a5404a0f,gcc/root,gcc/tree-vect-stmts.cc,method_localizable_gcc
115905,74cfbedd24cfc4bb26b33bdb0b7c55a9139cd757,gcc/cp,gcc/cp/coroutines.cc,method_localizable_gcc
115906,ee0736f665971446f8665a94ef597f683f8128e9,gcc/cp,gcc/cp/parser.cc,method_localizable_gcc
115908,172637cf0d9b7b2798f83b9c5f9598b449675cb0,gcc/cp,gcc/cp/coroutines.cc,method_localizable_gcc
116010,54ba8d44bbd703bca6984700b4d6f978890097e2,gcc/root,"gcc/tree-data-ref.cc,gcc/tree-loop-distribution.cc,gcc/tree-ssa-alias.cc",method_localizable_gcc
116015,a247088adaf122116919235f4a40189506139495,"gcc/cp,gcc/root","gcc/cp/call.cc,gcc/gimplify.cc",method_localizable_gcc
116034,45a1901763c03ef13d5906f9ce25ab69d7e840d0,gcc/root,gcc/tree-ssa.cc,method_localizable_gcc
116057,882f7e53a7664f2c76b10dc020e720ba9f55f022,gcc/root,gcc/tree-ssa-ccp.cc,method_localizable_gcc
116060,04f4ac9218259a1508f9a86ca98cf1d36cab2df2,"gcc/c,gcc/cp","gcc/c/c-typeck.cc,gcc/cp/call.cc",method_localizable_gcc
116064,433fcdb6a2c0d5e80c95f58527228802726f8f0e,gcc/cp,gcc/cp/parser.cc,method_localizable_gcc
116068,18f6bb9899209ccd41c476254d30596606c81dd7,gcc/root,gcc/cgraphunit.cc,method_localizable_gcc
116108,76a71fd521b3bf0d094dff325fbdec686934c469,gcc/cp,gcc/cp/decl.cc,method_localizable_gcc
116125,8eabfcb8b09a54bbf3252811c3ba378e2fc3e44a,gcc/root,"gcc/tree-data-ref.cc,gcc/tree-vect-data-refs.cc",method_localizable_gcc
116138,35f56012806432fd89bbae431950a8dc5f6729a3,gcc/root,gcc/tree-vect-slp.cc,method_localizable_gcc
116142,9426ce98ccb35a43b4f3e8ea14dcbf2f5de5dc48,gcc/root,gcc/tree-vect-stmts.cc,method_localizable_gcc
116162,3790ff7530bce0b551457db1d26aafbe47d1cabe,"gcc/c-family,gcc/cp,gcc/doc","gcc/c-family/c.opt,gcc/cp/class.cc,gcc/cp/cp-tree.h,gcc/cp/method.cc,gcc/doc/invoke.texi",method_localizable_gcc
116174,ccca8dfba8afdbc2da2c00e273fbe4f16eee4521,gcc/config,"gcc/config/i386/i386-features.cc,gcc/config/i386/i386-passes.def,gcc/config/i386/i386-protos.h,gcc/config/i386/i386.cc",method_localizable_gcc
116274,090926ba817bee6de7ee210efeea5d43d5335868,gcc/root,gcc/tree-vect-slp.cc,method_localizable_gcc
116276,140aab25a4865433d987d73c57f4ddf11fdac1e2,gcc/cp,"gcc/cp/call.cc,gcc/cp/cp-tree.h,gcc/cp/pt.cc",method_localizable_gcc
116287,f4269a97e78b0268abcc1cdbd19496b24fff69bf,gcc/config,gcc/config/i386/i386.cc,method_localizable_gcc
116290,3fd1c1a8640bf84c32695531a3ed81d4338409aa,gcc/root,"gcc/tree-loop-distribution.cc,gcc/tree-ssa-loop-ivopts.cc",method_localizable_gcc
116291,98608342932e8951a4c8db3e9df79f9187424d53,gcc/cp,gcc/cp/module.cc,method_localizable_gcc
116293,98608342932e8951a4c8db3e9df79f9187424d53,gcc/cp,gcc/cp/module.cc,method_localizable_gcc
116320,a8027d611bf76ed73614c5f126b046d140047f74,gcc/cp,gcc/cp/semantics.cc,method_localizable_gcc
116327,d9bd361d893d3b62797f2962bca1b8d56521f3c3,gcc/cp,gcc/cp/coroutines.cc,method_localizable_gcc
116352,e36eae19f3a4cc9e5efa9ebfa31e081c7ee52fdc,gcc/root,gcc/tree-vect-slp.cc,method_localizable_gcc
116355,4246cf4f18053eeb47cb2a241fffa9a41573916e,gcc/root,"gcc/tree-switch-conversion.cc,gcc/tree-switch-conversion.h",method_localizable_gcc
116369,a82583e43eaacab9a111d1fca14c7d272aa3e039,gcc/cp,gcc/cp/call.cc,method_localizable_gcc
116380,a1bdcba603d79b4c20acd668ce056a586c4ab77a,gcc/root,gcc/tree-loop-distribution.cc,method_localizable_gcc
116412,5d5193f0734fb4706940f7ac79899da25250be9d,gcc/root,gcc/gimple-match-exports.cc,method_localizable_gcc
116416,1b3bff737b2d5a7dc0d5977b77200c785fc53f01,"gcc/c,gcc/root,gcc/doc","gcc/c/c-parser.cc,gcc/c/c-typeck.cc,gcc/common.opt,gcc/doc/invoke.texi,gcc/expr.cc,gcc/flag-types.h,gcc/gimple-fold.cc,gcc/tree.h",method_localizable_gcc
116417,37f38b0f97374476a4818b68c8df991886428787,gcc/cp,"gcc/cp/cp-tree.h,gcc/cp/parser.cc,gcc/cp/pt.cc,gcc/cp/semantics.cc",method_localizable_gcc
116418,448750aff5b000fbc79183f3ef316d71a6a1701b,gcc/cp,gcc/cp/tree.cc,method_localizable_gcc
116440,bf81237eccb1d5d2d8078b1d2c5a0b9cc0258d61,gcc/cp,gcc/cp/call.c,method_localizable_gcc
116476,420e17e642e0b1e9ebf1502613ea1c0acfa8a0e1,gcc/cp,gcc/cp/call.cc,method_localizable_gcc
116481,c62cbe7164765e03a7bc41377452b80b6237d93d,gcc/root,gcc/pointer-query.cc,method_localizable_gcc
116482,172637cf0d9b7b2798f83b9c5f9598b449675cb0,gcc/cp,gcc/cp/coroutines.cc,method_localizable_gcc
116502,037c97e114341143af35f4df3ff49e12afacf105,gcc/cp,gcc/cp/coroutines.cc,method_localizable_gcc
116506,ec716ad3f4bdccb6a2780161e74e3168efa68121,gcc/cp,"gcc/cp/coroutines.cc,gcc/cp/decl.cc",method_localizable_gcc
116516,00ec6bd805924b2d7d72cf03b200b3b4b7831835,gcc/root,gcc/rtlanal.cc,method_localizable_gcc
116545,05e20b78416230f6e6d5939d5920a7d21f18fdb8,"gcc/c-family,gcc/c,gcc/cp,gcc/doc","gcc/c-family/c-attribs.cc,gcc/c/c-parser.cc,gcc/cp/parser.cc,gcc/doc/extend.texi",method_localizable_gcc
116546,b3327649bffd32af962662dce054b94be2d7330d,gcc/root,gcc/range-op.cc,method_localizable_gcc
116561,08693e29ec186fd7941d0b73d4d466388971fe2f,gcc/root,"gcc/expr.cc,gcc/expr.h,gcc/fold-const.cc,gcc/gimple-fold.cc,gcc/gimplify.cc",method_localizable_gcc
116567,1e79541bed12a11318dbc37f09de95c99bc8ad70,gcc/cp,gcc/cp/pt.cc,method_localizable_gcc
116572,ab0133cdba5dbcc29655593377e80586f7080472,gcc/root,gcc/cgraph.cc,method_localizable_gcc
116613,3d8cd34a450e9ffe2b2ac8a0c8eb33fd5d613483,"gcc/root,gcc/ada,gcc/analyzer,gcc/c-family,gcc/c,gcc/cp,gcc/d,gcc/doc,gcc/fortran,gcc/jit","gcc/Makefile.in,gcc/ada/gcc-interface/misc.cc,gcc/analyzer/analyzer-language.cc,gcc/analyzer/engine.cc,gcc/analyzer/program-point.cc,gcc/c-family/c-format.cc,gcc/c/c-objc-common.cc,gcc/common.opt,gcc/common.opt.urls,gcc/cp/error.cc,gcc/cp/module.cc,gcc/d/d-diagnostic.cc,gcc/diagnostic-buffer.h,gcc/diagnostic-format-json.cc,gcc/diagnostic-format-sarif.cc,gcc/diagnostic-format-sarif.h,gcc/diagnostic-format-text.cc,gcc/diagnostic-format-text.h,gcc/diagnostic-format.h,gcc/diagnostic-global-context.cc,gcc/diagnostic-output-file.h,gcc/diagnostic-path.cc,gcc/diagnostic-show-locus.cc,gcc/diagnostic.cc,gcc/diagnostic.h,gcc/doc/invoke.texi,gcc/fortran/error.cc,gcc/gcc.cc,gcc/jit/dummy-frontend.cc,gcc/jit/jit-playback.cc,gcc/jit/jit-playback.h,gcc/opts-diagnostic.cc,gcc/opts-diagnostic.h,gcc/opts-global.cc,gcc/opts.cc,gcc/selftest-diagnostic.cc,gcc/selftest-run-tests.cc,gcc/selftest.h,gcc/simple-diagnostic-path.cc,gcc/toplev.cc,gcc/tree-diagnostic.cc,gcc/tree-diagnostic.h,gcc/tree.cc",method_localizable_gcc
116636,eb4249345c1241c494f7d0b6b0f6a670e4a0b4e0,gcc/cp,gcc/cp/method.cc,method_localizable_gcc
116669,70035b6c13852435d7ae396c0762ee26897d4d45,gcc/fortran,"gcc/fortran/class.cc,gcc/fortran/expr.cc,gcc/fortran/resolve.cc,gcc/fortran/trans-array.cc,gcc/fortran/trans-expr.cc",method_localizable_gcc
116674,3fd07d4f04f43816a038daf9b16c6d5bf2e96c9b,gcc/root,gcc/tree-vect-stmts.cc,method_localizable_gcc
116681,f4e802c5c2e2ab0e7bffdfe5508ffd99d513fac6,gcc/cp,gcc/cp/name-lookup.cc,method_localizable_gcc
116706,f10853a0087bc115c8ee1ddb5fc641bffdb7f1a4,gcc/fortran,gcc/fortran/trans-array.cc,method_localizable_gcc
116731,a3c01af5e34801aaf65ba76f4afce753e443a99c,gcc/cp,gcc/cp/parser.cc,method_localizable_gcc
116740,ddeb70548c81f5dba91f281290584698897151d8,gcc/cp,gcc/cp/name-lookup.cc,method_localizable_gcc
116756,e9bd9d42dddd7a9b1c080426b0b16d3704673cbf,gcc/cp,"gcc/cp/lambda.cc,gcc/cp/parser.cc,gcc/cp/pt.cc",method_localizable_gcc
116763,ec99905f7b39914ddb074c13ffbe05f0216784a1,gcc/root,gcc/tree-ssa-dce.cc,method_localizable_gcc
116768,567547a89763b583e8b829b81f1db9053c246b96,gcc/root,"gcc/tree-chrec.cc,gcc/tree-data-ref.cc",method_localizable_gcc
116793,de03ef6337b0a368d61c74b790313b4216c7ed6e,gcc/cp,gcc/cp/coroutines.cc,method_localizable_gcc
116824,ec5349c37afe972ee79b777ee749630b1a0a007e,gcc/root,gcc/tree-ssa-phiprop.cc,method_localizable_gcc
116850,3f8b1b21f377427adbdfa4cbfc21b979eb49c9d3,gcc/root,gcc/gimple-ssa-isolate-paths.cc,method_localizable_gcc
116880,ec716ad3f4bdccb6a2780161e74e3168efa68121,gcc/cp,"gcc/cp/coroutines.cc,gcc/cp/decl.cc",method_localizable_gcc
116892,61fd6a338de5f8468969ce284a6435ce4e251e3e,gcc/c,gcc/c/c-decl.cc,method_localizable_gcc
116906,4e49ae8d905d760e97d0c0310f40c7e3a0e4e9df,gcc/root,gcc/tree-ssa-pre.cc,method_localizable_gcc
116922,935c21e2719cb3124d8d9daa8c5611e1974bd93d,gcc/root,gcc/gimple-ssa-backprop.cc,method_localizable_gcc
116929,8b1146fe46e62f8b03bd9ddee48995794e192e82,gcc/cp,gcc/cp/tree.cc,method_localizable_gcc
116938,f2bb7ffe84840d8f4ba6c0e5acdbbad8ca9d3603,gcc/root,gcc/tree-ssa-phiopt.cc,method_localizable_gcc
116939,b38e3a7196d25bc8bcb1fe55da7663745cea9470,gcc/root,"gcc/gimple-fold.cc,gcc/gimple-fold.h,gcc/tree-if-conv.cc,gcc/tree-scalar-evolution.cc,gcc/tree-ssa-ifcombine.cc,gcc/tree-ssa-loop-im.cc,gcc/tree-ssa-loop-split.cc,gcc/tree-ssa-reassoc.cc",method_localizable_gcc
116954,d034c8d5c31811b0c12a4c1ffad89f8f8b086053,gcc/cp,gcc/cp/contracts.cc,method_localizable_gcc
116960,97121b135530b15bc7d1b9e24daa566d9b0473b0,gcc/root,gcc/diagnostic.cc,method_localizable_gcc
117023,da3f2a561649c7c4899449c6b3ab2b6d67792a71,"gcc/analyzer,gcc/root,gcc/c-family,gcc/doc","gcc/analyzer/sm-malloc.cc,gcc/builtin-attrs.def,gcc/builtins.cc,gcc/builtins.def,gcc/c-family/c-attribs.cc,gcc/c-family/c-common.cc,gcc/doc/extend.texi,gcc/gimple-range-infer.cc,gcc/gimple.cc,gcc/gimple.h,gcc/tree-ssa-ccp.cc,gcc/ubsan.cc",method_localizable_gcc
117025,d0779068c39b3774a53309805eab4a7ca970070c,gcc/c,gcc/c/c-parser.cc,method_localizable_gcc
117030,87fa88222ff0c7f8b2ca3a480f41fc4e826cdf32,"gcc/c-family,gcc/c,gcc/doc","gcc/c-family/c-common.cc,gcc/c-family/c-ubsan.cc,gcc/c/c-fold.cc,gcc/c/c-parser.cc,gcc/doc/extend.texi",method_localizable_gcc
117098,22b13b1d4e3dce6bbc8792ffa08cefeb5e125a03,gcc/root,gcc/calls.cc,method_localizable_gcc
117106,0b2f34ca19edf2b033c90ff378f561429b82a77a,gcc/cp,gcc/cp/pt.cc,method_localizable_gcc
117113,887bdabfe3e315d661bed55800cd4f64542c7029,gcc/root,gcc/gimple-loop-jam.cc,method_localizable_gcc
117114,0675eb17480bada678bf2769d39732027abcd6d0,gcc/cp,"gcc/cp/class.cc,gcc/cp/error.cc",method_localizable_gcc
117119,8eeaaec278275db2be81792c833713f64c9d20eb,gcc/root,gcc/tree-data-ref.cc,method_localizable_gcc
117145,d025b6880cde2cb2063b4d34546cdd70e5526e74,"gcc/c-family,gcc/c","gcc/c-family/c-pretty-print.cc,gcc/c/c-decl.cc,gcc/c/c-objc-common.h,gcc/c/c-parser.cc,gcc/c/c-tree.h,gcc/c/c-typeck.cc",method_localizable_gcc
117153,2c42f598b4365fac40bbc32a795e42b87962c874,gcc/cp,gcc/cp/decl2.cc,method_localizable_gcc
117178,799ed87bcf6b5bede87311717adac5fb88fd7722,gcc/c,gcc/c/c-typeck.cc,method_localizable_gcc
117179,39acf3c9dd767626b422843adb8f5be06206af08,"gcc/root,gcc/doc","gcc/Makefile.in,gcc/common.opt,gcc/diagnostic-context-rich-location.cc,gcc/diagnostic-context-rich-location.h,gcc/doc/invoke.texi,gcc/gimple-array-bounds.cc,gcc/gimple-array-bounds.h,gcc/gimple-ssa-warn-access.cc,gcc/gimple-ssa-warn-restrict.cc",method_localizable_gcc
117230,f616bc412c820d1fe1211ab68873607d7bfe2709,gcc/c-family,gcc/c-family/c-warn.cc,method_localizable_gcc
117239,65724317b26eb16a3cd7279aacd68f4c85b355c0,gcc/root,gcc/cselib.cc,method_localizable_gcc
117243,cab0305aea0ca591b032adf09e97acd5e34c9f10,gcc/root,gcc/tree-ssa-phiopt.cc,method_localizable_gcc
117254,72d7bdbdd9fe1e575b7ad6da0fd7587627912ddb,gcc/root,gcc/gimple-ssa-warn-access.cc,method_localizable_gcc
117287,14bdfe040d8d0fb61a3f9aec03b30dd03e3c9329,gcc/root,"gcc/Makefile.in,gcc/gimple-range-fold.cc,gcc/gimple-range-fold.h,gcc/gimple-range.cc,gcc/gimple-range.h,gcc/tree-assume.cc,gcc/tree-vrp.cc",method_localizable_gcc
117307,6c45281a208652143c128541d80ce66da6d49868,gcc/root,gcc/tree-vect-data-refs.cc,method_localizable_gcc
117317,fbb6b0a7d87d41c3fed927c136e4f6da3095a9cb,gcc/cp,gcc/cp/semantics.cc,method_localizable_gcc
117333,fbf5f5bd00de543868e05ca20a8db6c2bc1c21db,gcc/root,gcc/tree-data-ref.cc,method_localizable_gcc
117336,49b6308d2596f7334011f84bae8d35d68c302a3c,gcc/cp,"gcc/cp/lambda.cc,gcc/cp/parser.cc",method_localizable_gcc
117355,5f95136e5efba13d9caf7e4fa3a57e1aaa136aa4,gcc/root,gcc/tree-object-size.cc,method_localizable_gcc
117358,c1e55bcc1075aa74bebd7e1bb87d3939da2e498b,gcc/root,gcc/gimple-fold.cc,method_localizable_gcc
117391,9d9dc4be6796966ee934f4929db94b250956201a,gcc/c,"gcc/c/c-decl.cc,gcc/c/c-tree.h,gcc/c/c-typeck.cc",method_localizable_gcc
117397,744a59f3f55bfc890f755c57c72919566e1bcad5,gcc/cp,gcc/cp/module.cc,method_localizable_gcc
117417,a552a808f004c90d6f880f296041d674bdc27eda,gcc/root,gcc/tree-ssa-forwprop.cc,method_localizable_gcc
117424,f4dbdeabb2944d014d506a537a576a6f9a1f4c1f,gcc/root,gcc/tree-eh.cc,method_localizable_gcc
117432,056de2a74ba57ce4afb38f2e8865b76f19d82d14,gcc/root,gcc/ipa-icf-gimple.cc,method_localizable_gcc
117434,b0bb0d9c58e3c7b15932c716d0108de8b2190b54,gcc/fortran,gcc/fortran/interface.cc,method_localizable_gcc
117458,e3b2c176d3e9f721185532a4a393814316172410,gcc/root,gcc/expr.cc,method_localizable_gcc
117459,04d7d02d5842992ed88955211bf1d6299f38b877,gcc/root,gcc/gimple-lower-bitint.cc,method_localizable_gcc
117498,d6e66e7b3a40315ad303344e19bccb4006c51cac,gcc/root,gcc/tree-eh.cc,method_localizable_gcc
117501,decc6c0d4d909ce510b6533c48d70d0b353f909a,gcc/cp,gcc/cp/cp-gimplify.cc,method_localizable_gcc
117504,6407858139452c6b2e794fccd81b9d87738b3bf8,gcc/cp,gcc/cp/call.cc,method_localizable_gcc
117512,cfb20f17bd17e1cd98ccd8a4517ff3e925cf731c,gcc/cp,gcc/cp/typeck.cc,method_localizable_gcc
117530,93be6016dae6e2f0bfe849ee0469a0a8ae0b9d5e,gcc/cp,gcc/cp/pt.cc,method_localizable_gcc
117546,bff6e5667d6a8bf8060e550bdcb40e094d00af41,gcc/root,gcc/ipa-modref.cc,method_localizable_gcc
117574,5509544dad81adc21c2e6d9782b0ef1390aa4f7c,gcc/root,gcc/tree-ssa-loop-niter.cc,method_localizable_gcc
117579,e6e4cb34e30f25adfb57e998663a8a1796b8573c,gcc/cp,gcc/cp/parser.cc,method_localizable_gcc
117602,4ce9e35396205ee1674658a9b844ccdf80044378,gcc/cp,"gcc/cp/cp-tree.h,gcc/cp/lambda.cc,gcc/cp/parser.cc",method_localizable_gcc
117613,d4a2f9ba6ece32fb8500f10204fcf409aa26fbfb,gcc/cp,"gcc/cp/module.cc,gcc/cp/name-lookup.cc,gcc/cp/name-lookup.h,gcc/cp/parser.cc",method_localizable_gcc
117614,5a78e369a3995480c39c325a2c36f17c2fc37f37,gcc/cp,gcc/cp/constexpr.cc,method_localizable_gcc
117629,99d5ef700619c28904846399a6f6692af4c56b1b,gcc/c,"gcc/c/c-decl.cc,gcc/c/c-errors.cc,gcc/c/c-parser.cc,gcc/c/c-tree.h",method_localizable_gcc
117642,a2370cc4f47fa7f1b2c72135ee1685551c2e25f4,gcc/root,gcc/builtins.cc,method_localizable_gcc
117643,64d31343d4676d8ceef9232dcd33824bc2eff330,gcc/fortran,"gcc/fortran/check.cc,gcc/fortran/gfortran.h,gcc/fortran/intrinsic.cc,gcc/fortran/intrinsic.h,gcc/fortran/iso-c-binding.def,gcc/fortran/primary.cc,gcc/fortran/trans-intrinsic.cc",method_localizable_gcc
117692,21954a58ce408519b03e314f56204b49c5b310ba,gcc/root,"gcc/match.pd,gcc/tree.cc",method_localizable_gcc
117724,1f48225a0ddfaf74a229105343b22f3086c4b8cb,"gcc/lto,gcc/root","gcc/lto/lto-common.cc,gcc/tree.cc",method_localizable_gcc
117730,94b6030810e20f59e1201e795bce0868addec9a1,gcc/fortran,gcc/fortran/class.cc,method_localizable_gcc
117739,3d961691e0878e1328f9cbbc1d1af5e573ee6786,"gcc/doc,gcc/root","gcc/doc/invoke.texi,gcc/gcc.cc",method_localizable_gcc
117763,7137a34d6d784dab0a850d27c80653748326863a,gcc/fortran,gcc/fortran/trans-array.cc,method_localizable_gcc
117775,a71505ad9c2cc6463525b822959c407095a76c15,gcc/cp,gcc/cp/decl.cc,method_localizable_gcc
117778,9ce96b683a40a12299c1d0e02727e747c00ad883,gcc/cp,gcc/cp/parser.cc,method_localizable_gcc
117783,5274f490fa72830aafd278bc752145f1225b08e0,gcc/cp,gcc/cp/decl.cc,method_localizable_gcc
117785,a1e616955e9971fda54a160a49e6cf70dd838a0c,"gcc/c-family,gcc/cp","gcc/c-family/c-cppbuiltin.cc,gcc/cp/call.cc,gcc/cp/constexpr.cc,gcc/cp/cp-gimplify.cc,gcc/cp/cp-tree.h,gcc/cp/decl.cc,gcc/cp/except.cc,gcc/cp/pt.cc,gcc/cp/tree.cc",method_localizable_gcc
117792,6b4e1abd36acdf30c6f3808ad89ba55f835ff16b,gcc/cp,gcc/cp/pt.cc,method_localizable_gcc
117802,0183fb1cef5e382af2a5c0dc3c59efbcd32db6ab,gcc/root,gcc/builtins.cc,method_localizable_gcc
117806,1701efd5c848f56cf9a469c5bf42dd0bca675e0a,gcc/c,gcc/c/c-typeck.cc,method_localizable_gcc
117825,11919b5ac5e5b3c00fda2e2f0b8ce4d53f78691d,gcc/cp,gcc/cp/typeck.cc,method_localizable_gcc
117827,a7ebcb2ed60833fa3f5d390f5a3a412ca113a1b1,gcc/cp,gcc/cp/init.cc,method_localizable_gcc
117839,a0a64aa5da0af5ecb022675cdb9140ccfa098ce3,gcc/config,"gcc/config/i386/i386-features.cc,gcc/config/i386/i386-passes.def,gcc/config/i386/i386-protos.h,gcc/config/i386/i386.cc",method_localizable_gcc
117847,3d72e50caebf232fdd7f70613616ca4fd4fb472b,gcc/root,gcc/gimple-lower-bitint.cc,method_localizable_gcc
117849,9a747094ac623bfd5c5d90eecf2d920f231de1c0,gcc/cp,gcc/cp/semantics.cc,method_localizable_gcc
117888,d5b3d9ed3447bd85c50d794421e97c757b84bfdf,gcc/root,gcc/tree-ssa-loop-ivcanon.cc,method_localizable_gcc
117892,5a48079c15fda4863b02eb253e473c57a5105528,gcc/root,gcc/tree-ssa-dse.cc,method_localizable_gcc
117919,19cf19828710c741525c600db877b49c883ba1ab,gcc/root,gcc/gimple-ssa-sccopy.cc,method_localizable_gcc
117925,eeedc54cc81c4dfb472ecbd6f14cfbf2dd035474,gcc/cp,gcc/cp/constexpr.cc,method_localizable_gcc
117927,c5e71d22d632889860ef079d4b0bff21eef8a660,gcc/root,"gcc/match.pd,gcc/passes.def,gcc/tree-pass.h,gcc/tree-ssa-forwprop.cc",method_localizable_gcc
117937,8a2d5bc28089b2660310b964ef75fb05eb387f88,gcc/cp,gcc/cp/pt.cc,method_localizable_gcc
117938,92ad6d4ebfe5454b9299f295926517bd453bc4a2,gcc/root,gcc/rtlanal.cc,method_localizable_gcc
117939,422c58844ef0d788f45214a69cab97ee0b6414a9,gcc/root,"gcc/expr.cc,gcc/internal-fn.cc",method_localizable_gcc
117965,ec5349c37afe972ee79b777ee749630b1a0a007e,gcc/root,gcc/tree-ssa-phiprop.cc,method_localizable_gcc
117979,ec99905f7b39914ddb074c13ffbe05f0216784a1,gcc/root,gcc/tree-ssa-dce.cc,method_localizable_gcc
117980,fc95e8776cf4b11bbffc593167105883165b9e4c,gcc/cp,gcc/cp/constexpr.cc,method_localizable_gcc
117985,c22c3a743d9827e58b9ff11a09d7227500c0dae3,gcc/cp,gcc/cp/init.cc,method_localizable_gcc
117993,40f0f6ab75a391906bed40cbdc098b0df3a91af7,gcc/cp,gcc/cp/search.cc,method_localizable_gcc
117997,422c58844ef0d788f45214a69cab97ee0b6414a9,gcc/root,"gcc/expr.cc,gcc/internal-fn.cc",method_localizable_gcc
118006,6069f02a486054484ad638b083cb3b9486bb4321,gcc/root,gcc/cfgexpand.cc,method_localizable_gcc
118017,3cae3a80695e5aabd7353c02e179c997158eef30,gcc/root,gcc/lra-constraints.cc,method_localizable_gcc
118024,fbbc1a4ac5c7e55de1edc52cfe267b95f9621e21,gcc/root,gcc/gimple-ssa-warn-access.cc,method_localizable_gcc
118047,fce1365349ee30f5f93d210f4d62a9bf2f2b57bc,gcc/cp,gcc/cp/typeck2.cc,method_localizable_gcc
118049,3f9d6afecbf93445580bd647bfe3d78d1c08828a,gcc/cp,gcc/cp/module.cc,method_localizable_gcc
118053,a72e782528749bf553158039783ce79fa760e3a4,gcc/cp,gcc/cp/constexpr.cc,method_localizable_gcc
118060,e4dd09be9cefc349961e7a88561bc1640564fc25,gcc/cp,gcc/cp/constraint.cc,method_localizable_gcc
118061,278715f255d07ae955cb2c0519b8f1233dfc6bf9,gcc/c,gcc/c/c-typeck.cc,method_localizable_gcc
118067,c158f36027c316aedaa7bde83ca28a3365721fce,gcc/root,gcc/lra-constraints.cc,method_localizable_gcc
118077,b342614139c0a981b369176980663941b9c27f39,gcc/root,gcc/tree-inline.cc,method_localizable_gcc
118080,68d50c95af648cb8b0709ce63285525dfb53d376,gcc/fortran,"gcc/fortran/gfortran.texi,gcc/fortran/trans-decl.cc,gcc/fortran/trans-expr.cc,gcc/fortran/trans-types.cc",method_localizable_gcc
118097,6ed1b40268ed56c82ea75e7403ded7750d01c85a,gcc/root,gcc/ipa-cp.cc,method_localizable_gcc
118101,07f62ed9a7b09951f83855e19d41641b098190b1,gcc/cp,gcc/cp/module.cc,method_localizable_gcc
118104,57d1424efe934caeda222174a3e8bbc1e5ba65f4,gcc/cp,gcc/cp/pt.cc,method_localizable_gcc
118124,40ad10f708b19d3e88948ac820fbfb9f3c3689ae,gcc/cp,gcc/cp/call.cc,method_localizable_gcc
118138,86175a64f167e3b1701132fa1684d76230054c36,gcc/root,gcc/ipa-cp.cc,method_localizable_gcc
118139,9cc31b4e07aab75fcbc81b3a9bcaaa21d2c3bdb2,gcc/cp,gcc/cp/cxx-pretty-print.cc,method_localizable_gcc
118147,a5d05111bde1e07824fd85d3a97785022ae30b8a,gcc/cp,gcc/cp/parser.cc,method_localizable_gcc
118163,7eeb28717b27d5e3786387b35859bbc5d78ed6b6,"gcc/root,gcc/doc","gcc/diagnostic.cc,gcc/diagnostic.h,gcc/doc/ux.texi",method_localizable_gcc
118169,84e90b69fba1cfa2a77942251ddfd0527fb22811,gcc/cp,gcc/cp/typeck2.cc,method_localizable_gcc
118190,0b2f34ca19edf2b033c90ff378f561429b82a77a,gcc/cp,gcc/cp/pt.cc,method_localizable_gcc
118199,8c93a8aa67f12c8e03eb7fd90f671a03ae46935b,gcc/cp,gcc/cp/typeck2.cc,method_localizable_gcc
118206,d3c91b0439f67a6dc20ebb3bee4eeaf436eb7190,gcc/root,gcc/gimple-fold.cc,method_localizable_gcc
118211,ddcfae1d1dfe5875875c9897f0dda14e342b2534,gcc/root,"gcc/tree-vect-data-refs.cc,gcc/tree-vect-loop-manip.cc,gcc/tree-vectorizer.h",method_localizable_gcc
118214,03e0bf3f4f9bd85dcc1f60c4e38157609d754c91,gcc/cp,gcc/cp/decl.cc,method_localizable_gcc
118224,459816efa13d9d553a5c900336f6eef22072f1a1,gcc/root,gcc/tree-ssa-dce.cc,method_localizable_gcc
118225,1dd79f44dfb64b441f3d6c64e7f909d73441bd05,gcc/cp,gcc/cp/typeck.cc,method_localizable_gcc
118239,e5990a6ce611f522b8f48c2b469983da19d39777,gcc/cp,gcc/cp/constexpr.cc,method_localizable_gcc
118243,a73bad74dbb470db3bdd0ee80441285006e6cdb3,gcc/root,gcc/ipa-sra.cc,method_localizable_gcc
118245,05db28033e4377466bb19f317e67ed91b92fd4a9,gcc/cp,gcc/cp/parser.cc,method_localizable_gcc
118255,94fdc545fb03daf261694902bc50e39b44d86191,gcc/cp,gcc/cp/name-lookup.cc,method_localizable_gcc
118265,4c743798b1d4530b327dad7c606c610f3811fdbf,gcc/cp,gcc/cp/pt.cc,method_localizable_gcc
118266,659b70b3f86ae7dc5be6cc6f53741c2ee9c290ff,gcc/root,gcc/ree.cc,method_localizable_gcc
118269,42b24557bdf805d2913d3c75531fe441b1634332,gcc/root,gcc/tree-vect-loop.cc,method_localizable_gcc
118270,f1056463cb4c7950fc1bada6485c14df71ea3dd7,gcc/config,"gcc/config/i386/avx10_2-512satcvtintrin.h,gcc/config/i386/avx10_2satcvtintrin.h,gcc/config/i386/i386-builtin.def,gcc/config/i386/sse.md",method_localizable_gcc
118276,0235b6d41ace62064d5cd42553028136b49ad947,gcc/config,gcc/config/i386/x86-tune-costs.h,method_localizable_gcc
118277,933f0c20d4ce1dba85e85d9d117cfd9f5376a945,gcc/cp,"gcc/cp/cp-tree.h,gcc/cp/parser.cc,gcc/cp/pt.cc,gcc/cp/semantics.cc",method_localizable_gcc
118278,1bc474f60fde7aba2e00d00f9fa491aff243ecba,gcc/cp,gcc/cp/mangle.cc,method_localizable_gcc
118282,fcecc74cb38723457a0447924d9993b31252a8f9,gcc/cp,gcc/cp/call.cc,method_localizable_gcc
118285,ba488a332ad171eff17c1f135c111c5730f4ce25,gcc/cp,gcc/cp/constexpr.cc,method_localizable_gcc
118288,1787119229abca0c78f9c902eeb7c88efed37ce0,gcc/root,gcc/builtins.cc,method_localizable_gcc
118304,e8c5013b6b7820d77edc45d04e634d49b20c05ce,gcc/cp,gcc/cp/decl.cc,method_localizable_gcc
118306,e8c5013b6b7820d77edc45d04e634d49b20c05ce,gcc/cp,gcc/cp/decl.cc,method_localizable_gcc
118319,98545441308c2ae4d535f14b108ad6551fd927d5,gcc/cp,gcc/cp/decl.cc,method_localizable_gcc
118325,2dd4eb15b63ca1f20a637e8b26567d5064a43a4f,gcc/root,gcc/tree-nested.cc,method_localizable_gcc
118344,740c84975ceb7426da656dc7115445872a9e5b6f,gcc/root,gcc/gimple-fold.cc,method_localizable_gcc
118355,fce1365349ee30f5f93d210f4d62a9bf2f2b57bc,gcc/cp,gcc/cp/typeck2.cc,method_localizable_gcc
118363,5f61fb4407fc1de6e359334ae5bbf31a65d38e96,"gcc/root,gcc/fortran","gcc/builtin-types.def,gcc/fortran/types.def,gcc/gimplify.cc,gcc/omp-builtins.def",method_localizable_gcc
118387,64828272cde415bf2d7222eec87147ba84980f3d,gcc/cp,gcc/cp/method.cc,method_localizable_gcc
118390,4ce502f31f95ec19e7d347d43afcd015895f135d,gcc/cp,"gcc/cp/call.cc,gcc/cp/cp-tree.h,gcc/cp/pt.cc",method_localizable_gcc
118392,7eeb28717b27d5e3786387b35859bbc5d78ed6b6,"gcc/root,gcc/doc","gcc/diagnostic.cc,gcc/diagnostic.h,gcc/doc/ux.texi",method_localizable_gcc
118396,da75309c635c54a6010b146514d456d2a4c6ab33,gcc/cp,gcc/cp/constexpr.cc,method_localizable_gcc
118409,41a5a97dba6873d928675fd789a2d884c6d20a8d,gcc/root,gcc/gimple-fold.cc,method_localizable_gcc
118415,422c58844ef0d788f45214a69cab97ee0b6414a9,gcc/root,"gcc/expr.cc,gcc/internal-fn.cc",method_localizable_gcc
118441,462a7f45caf78466ee6d9a1256a1e2848e4ec49c,gcc/fortran,gcc/fortran/trans-intrinsic.cc,method_localizable_gcc
118442,7b7c0fe37332290fad9b31bf3ae05c28375e0a76,gcc/root,gcc/profile.cc,method_localizable_gcc
118454,232d3a73e18d6886f0a5781048a78da293fbb014,gcc/cp,"gcc/cp/cp-tree.h,gcc/cp/pt.cc,gcc/cp/tree.cc",method_localizable_gcc
118456,e5e9e50fc6816713d012f1d96ae308a0946d5a14,gcc/root,gcc/gimple-fold.cc,method_localizable_gcc
118457,e270b8997854d56e8e8536fd1126de7541e3d826,gcc/root,gcc/gimplify.cc,method_localizable_gcc
118464,9f40ec15a30a248d72c496614d7bcbaa9be8ca49,"gcc/doc,gcc/root","gcc/doc/invoke.texi,gcc/tree-vect-data-refs.cc,gcc/tree-vect-stmts.cc,gcc/tree-vectorizer.h",method_localizable_gcc
118472,bea593f115bccffcb2570fc9cd642403193265d9,gcc/root,gcc/fold-const.cc,method_localizable_gcc
118476,5d5193f0734fb4706940f7ac79899da25250be9d,gcc/root,gcc/gimple-match-exports.cc,method_localizable_gcc
118486,dd389c2549a4891e044c96b9298efa2a363c744a,gcc/cp,gcc/cp/decl.cc,method_localizable_gcc
118501,bbc7900ce7e2c3d906286674f80789f057e86c0a,gcc/fortran,"gcc/fortran/dump-parse-tree.cc,gcc/fortran/frontend-passes.cc,gcc/fortran/gfortran.h,gcc/fortran/match.cc,gcc/fortran/parse.cc,gcc/fortran/resolve.cc,gcc/fortran/st.cc,gcc/fortran/trans-stmt.cc",method_localizable_gcc
118509,e388e56301426f627d21215b8fe0065e9fe96870,gcc/cp,gcc/cp/typeck.cc,method_localizable_gcc
118513,5c0e1879ea639dc527d3928af877d3df985e3f13,gcc/cp,"gcc/cp/parser.cc,gcc/cp/tree.cc",method_localizable_gcc
118514,b5a29a93ee29a882c9ed28cb0e6835f97d6f8182,gcc/root,"gcc/gimple-fold.cc,gcc/tree-eh.cc,gcc/tree-eh.h",method_localizable_gcc
118516,767a7a06915651da173b6751959a47487351ed3a,gcc/cp,gcc/cp/parser.cc,method_localizable_gcc
118521,a42374b60884d9ac4ff47e7787b32142526ac666,gcc/root,gcc/tree-scalar-evolution.cc,method_localizable_gcc
118523,da75309c635c54a6010b146514d456d2a4c6ab33,gcc/cp,gcc/cp/constexpr.cc,method_localizable_gcc
118525,16d778239397b2f70a1e0680c0b82ae6ee98fe9e,gcc/cp,gcc/cp/cp-gimplify.cc,method_localizable_gcc
118532,d559fbab6123e2f8bfaeb3672f921bf53a00dba6,gcc/cp,"gcc/cp/call.cc,gcc/cp/error.cc",method_localizable_gcc
118534,3c34cea666c6fffc3959b8e1a4bbc4afdbd7009f,gcc/cp,gcc/cp/constexpr.cc,method_localizable_gcc
118552,6c5937991bd744a4916e9cf65eb5d9c9b5706120,gcc/root,gcc/cfgloopmanip.cc,method_localizable_gcc
118558,2119c254606c58d247d3d0b92bf192780d375ddb,gcc/root,"gcc/tree-vect-stmts.cc,gcc/tree-vectorizer.h",method_localizable_gcc
118569,eb0b551c5570d98dd7cf21fa1bd0240a0c9d875f,gcc/root,gcc/cfgloopmanip.cc,method_localizable_gcc
118572,a56122dea468bc9fc808adee44d788903ad9ff76,gcc/root,gcc/gimple-fold.cc,method_localizable_gcc
118574,299a8e2dc667e795991bc439d2cad5ea5bd379e2,gcc/cp,"gcc/cp/call.cc,gcc/cp/decl.cc,gcc/cp/parser.cc,gcc/cp/pt.cc,gcc/cp/semantics.cc",method_localizable_gcc
118579,f695d0392ffc82298d55474cd3025aec26db04ec,gcc/c,gcc/c/c-parser.cc,method_localizable_gcc
118582,9ddf4a6cc650360e620c8fd97f550bf833cc177a,gcc/cp,gcc/cp/module.cc,method_localizable_gcc
118586,3024b12f2cde5db3bf52b49b07e32ef3065929fb,gcc/cp,gcc/cp/parser.cc,method_localizable_gcc
118613,0bb3223097e5ced4f9a13d18c6c65f2a9496437e,gcc/fortran,gcc/fortran/trans-intrinsic.cc,method_localizable_gcc
118626,58c5055162b698dab6a493b1f90c18af1a34ac65,gcc/cp,gcc/cp/pt.cc,method_localizable_gcc
118629,2e58e238021d2e2991f313921b00b8fb31acab80,gcc/cp,gcc/cp/name-lookup.cc,method_localizable_gcc
118632,019fe9c4d4c7cc9e325b5460d277ebaec108a838,gcc/cp,gcc/cp/pt.cc,method_localizable_gcc
118638,15e66f7c2409ddee058afc61a3760d0d055c2f83,gcc/root,gcc/combine.cc,method_localizable_gcc
118640,89fa4d8996602d8471dec5c1a7b47d0de50621f3,gcc/fortran,gcc/fortran/resolve.cc,method_localizable_gcc
118643,04ba1300407f106a6dd10d346f58a51d87e6d43e,gcc/root,gcc/expr.cc,method_localizable_gcc
118653,62ae21874e231b9fd01733627414fd8e4f561aa9,gcc/root,gcc/tree-vect-loop.cc,method_localizable_gcc
118655,1dac899a10581dbcd55144456cca92d061190762,gcc/cp,gcc/cp/semantics.cc,method_localizable_gcc
118661,ed3daf6801f4b562d6fd80f134a2c68398fe5c00,gcc/cp,"gcc/cp/constexpr.cc,gcc/cp/decl2.cc",method_localizable_gcc
118662,a42b180b4b46417b0e8b2d548f34aeec7826abd0,gcc/root,gcc/combine.cc,method_localizable_gcc
118671,64c66f5bce60fcc4a943bcac1865db2a72aaa1bd,gcc/cp,gcc/cp/call.cc,method_localizable_gcc
118684,50c37516958319e10a137d2b3dba7b070523248a,gcc/root,gcc/expr.cc,method_localizable_gcc
118691,e96e1bb69c7b46db18e747ee379a62681bc8c82d,gcc/root,gcc/tree-vect-slp.cc,method_localizable_gcc
118692,d1c7837d2d6e5a2997228681166ed8c814891881,gcc/root,gcc/expr.cc,method_localizable_gcc
118703,0075e4a8428d056d63724c3b8a48350c0d596613,gcc/m2,"gcc/m2/gm2-gcc/m2builtins.cc,gcc/m2/gm2-libs/Builtins.def,gcc/m2/gm2-libs/Builtins.mod,gcc/m2/gm2-libs/cbuiltin.def",method_localizable_gcc
118706,b5a29a93ee29a882c9ed28cb0e6835f97d6f8182,gcc/root,"gcc/gimple-fold.cc,gcc/tree-eh.cc,gcc/tree-eh.h",method_localizable_gcc
118713,cf24c0fa53870da6e666a97b79c4b053317c4951,gcc/config,"gcc/config/i386/constraints.md,gcc/config/i386/i386-expand.cc,gcc/config/i386/i386-protos.h,gcc/config/i386/i386.cc,gcc/config/i386/i386.md,gcc/config/i386/predicates.md",method_localizable_gcc
118717,b65f4fe10996c247751b0636773009659d92ab6c,gcc/root,"gcc/tree-ssa-phiopt.cc,gcc/tree-ssa-sink.cc",method_localizable_gcc
118718,adf1da77593f8851c6b78d22ebbc1124bbaf1de5,gcc/cp,gcc/cp/parser.cc,method_localizable_gcc
118719,4c98b3825f99fcec8fd921550e2dc45f2d966cbb,gcc/cp,gcc/cp/lambda.cc,method_localizable_gcc
118730,a3f77f2528b9383c70f0361e0f3863cee58e9648,gcc/fortran,gcc/fortran/resolve.cc,method_localizable_gcc
118739,d05b64bdd048ffb7f72d97553888934a9bcd13fa,gcc/root,gcc/combine.cc,method_localizable_gcc
118742,a2e0a30c52faa022421f5d2cc55abc487c86ab01,gcc/c,gcc/c/gimple-parser.cc,method_localizable_gcc
118747,0163d5052dcb5e517da95a9b518f98a5ba3138dd,gcc/fortran,"gcc/fortran/trans-array.cc,gcc/fortran/trans-expr.cc",method_localizable_gcc
118750,4d4c5ec93d65752a4aeda6bf2c9efe429e637969,gcc/fortran,gcc/fortran/resolve.cc,method_localizable_gcc
118763,5954c5a7c23fbdf3afc011d703c9fce15db04cbd,gcc/cp,"gcc/cp/call.cc,gcc/cp/cp-tree.h,gcc/cp/tree.cc,gcc/cp/typeck2.cc",method_localizable_gcc
118765,7c8da04c412ed4f54596f10434aa46592d000fbf,gcc/c,"gcc/c/c-decl.cc,gcc/c/c-typeck.cc",method_localizable_gcc
118773,6c8e6d6febaed3c167ca9534935c2cb18045528e,gcc/cp,gcc/cp/decl.cc,method_localizable_gcc
118785,758de6263dfc7ba8701965fa468691ac23cb7eb5,gcc/root,gcc/ipa-cp.cc,method_localizable_gcc
118787,4856292f7a680ec478e7607f1b71781996d7d542,gcc/cp,gcc/cp/pt.cc,method_localizable_gcc
118789,44c4a72061e86259d3defd3d1c7911f453043e3c,gcc/fortran,gcc/fortran/trans-stmt.cc,method_localizable_gcc
118790,926c989131e914e69cd73529d183ebd9d637798a,"gcc/doc,gcc/root","gcc/doc/gty.texi,gcc/gengtype.cc,gcc/tree.cc",method_localizable_gcc
118796,fc749717001436d49ed34aec6b034670f5a3fbcd,gcc/fortran,gcc/fortran/resolve.cc,method_localizable_gcc
118799,4cd99e41ef687fd62d6908f4807de277c7dc9803,gcc/cp,gcc/cp/module.cc,method_localizable_gcc
118802,06e5b0b4a244090abfea333d91fc5963292cb41d,gcc/fortran,gcc/fortran/parse.cc,method_localizable_gcc
118805,938bda49deb23df5a58df4fd788366b9295b6ba6,gcc/root,gcc/gimple-fold.cc,method_localizable_gcc
118807,7317fc0b03380a83ad03a5fc4fabef5f38c44c9d,gcc/cp,gcc/cp/pt.cc,method_localizable_gcc
118811,32d3e63ebb2aac4208a522fcd3477932d72eacfc,gcc/cp,gcc/cp/tree.cc,method_localizable_gcc
118815,ae14d7d04da8c6cb542269722638071f999f94d8,gcc/config,gcc/config/i386/i386-options.cc,method_localizable_gcc
118822,24cd4753e470ec122d232c9da825274bce0bae15,"gcc/c-family,gcc/cp,gcc/root","gcc/c-family/c-common.h,gcc/c-family/c-gimplify.cc,gcc/cp/constexpr.cc,gcc/cp/semantics.cc,gcc/tree-iterator.cc,gcc/tree-iterator.h",method_localizable_gcc
118833,7db94370a74481ad1db1f0a4dc4aa45fa464a02a,"gcc/c-family,gcc/cp,gcc/root","gcc/c-family/c-common.h,gcc/c-family/c-gimplify.cc,gcc/cp/constexpr.cc,gcc/cp/semantics.cc,gcc/tree-iterator.cc,gcc/tree-iterator.h",method_localizable_gcc
118838,dea7b9a78b11b5ca0c85b971521144ba07a66aca,gcc/c-family,gcc/c-family/c-lex.cc,method_localizable_gcc
118846,741073460b9a850ca85b01509e08bf72900b6c8a,gcc/cp,"gcc/cp/cp-tree.h,gcc/cp/decl2.cc",method_localizable_gcc
118849,6569505d4c1d549b07c6640911d8e3809b5b2a6b,gcc/cp,gcc/cp/decl2.cc,method_localizable_gcc
118852,e96e1bb69c7b46db18e747ee379a62681bc8c82d,gcc/root,gcc/tree-vect-slp.cc,method_localizable_gcc
118856,c612c500de3804b330090fe478b5e055944ff8b2,gcc/cp,gcc/cp/constexpr.cc,method_localizable_gcc
118860,e333ad4ed82cdfb1b660e9666895641ef3ffaddb,gcc/root,"gcc/input.cc,gcc/input.h,gcc/toplev.cc",method_localizable_gcc
118868,232f22615857cd83735770d82c7c0178e43bee19,gcc/root,gcc/tree-cfg.cc,method_localizable_gcc
118876,a41b3f54c13890b1327bb3d4fbae8f7feb37d00b,gcc/cp,"gcc/cp/cp-tree.h,gcc/cp/decl.cc,gcc/cp/decl2.cc",method_localizable_gcc
118895,230678c19cb5e2f8a4855b9790794042fc6ad068,gcc/root,gcc/tree-ssa-sccvn.cc,method_localizable_gcc
118902,7b4849ec79873fa6de98436deda47e19cbac32ef,gcc/root,gcc/fold-const.cc,method_localizable_gcc
118903,ad8c618993682a02b758257e21647de28047c880,gcc/cp,gcc/cp/constexpr.cc,method_localizable_gcc
118904,48a9567e4100fd6a734089087c139d51b63b7531,"gcc/cp,gcc/root","gcc/cp/cp-gimplify.cc,gcc/cp/module.cc,gcc/tree.cc,gcc/tree.h,gcc/ubsan.cc",method_localizable_gcc
118905,5954c5a7c23fbdf3afc011d703c9fce15db04cbd,gcc/cp,"gcc/cp/call.cc,gcc/cp/cp-tree.h,gcc/cp/tree.cc,gcc/cp/typeck2.cc",method_localizable_gcc
118915,9a80e4f0dd2d0c72d9871014f745c85b6dd53889,gcc/root,gcc/tree-ssa-reassoc.cc,method_localizable_gcc
118920,3e0768d2ffde3f20c5baa92d33869f0c196245c4,gcc/cp,"gcc/cp/cp-tree.h,gcc/cp/mangle.cc,gcc/cp/module.cc",method_localizable_gcc
118922,cd53c305d46b88549f80de6145a52c5447c9c57e,gcc/root,gcc/tree-ssa-phiopt.cc,method_localizable_gcc
118923,90b735b397c21688d95f1bbb42fba8ad3e17b30e,gcc/cp,"gcc/cp/decl.cc,gcc/cp/method.cc,gcc/cp/tree.cc,gcc/cp/typeck.cc",method_localizable_gcc
118928,3071eb2848a2e748cfd67e8c897890ce06c69d06,gcc/cp,gcc/cp/constexpr.cc,method_localizable_gcc
118946,c7de7ddbfae1656ad8309f8821d17ae43383e5d5,gcc/root,gcc/tree-ssa-forwprop.cc,method_localizable_gcc
118947,94f275432f7ea4781ec7c05fa9d1d81ef6cb3fc1,gcc/root,gcc/gimple-fold.cc,method_localizable_gcc
118948,36d33ce0f9febdfbed3fbb8802905a51ea897954,gcc/root,gcc/fold-const.cc,method_localizable_gcc
118953,fc39a29f75cb181dcefaebf4489303847ae4fe9d,gcc/root,gcc/value-range.cc,method_localizable_gcc
118954,d2720051c419a781a2f04daadcbefc99fa77b051,gcc/root,gcc/tree-predcom.cc,method_localizable_gcc
118961,8ad8f74972923baaaaf2b6d6291d31ef53c4ded4,gcc/cp,"gcc/cp/class.cc,gcc/cp/cp-tree.h,gcc/cp/module.cc,gcc/cp/pt.cc",method_localizable_gcc
118965,17ed44c96f6e5c0cc02d8cb29ff5943dd30ab3c1,"gcc/c,gcc/cp,gcc/fortran","gcc/c/c-parser.cc,gcc/cp/parser.cc,gcc/fortran/openmp.cc",method_localizable_gcc
118973,27ebd2a55cd373542977b21631b6b0919e703733,gcc/root,gcc/tree-ssa-dce.cc,method_localizable_gcc
118986,0bffcd469e68d68ba9c724f515651deff8494b82,gcc/cp,gcc/cp/constexpr.cc,method_localizable_gcc
118993,0d590d21586edbb9c62ce3db92794d93faf7ed34,gcc/root,gcc/gimplify.cc,method_localizable_gcc
118998,c7449f1b1511abbee1c6b060090eda4d2d6b1879,gcc/m2,"gcc/m2/gm2-gcc/m2expr.cc,gcc/m2/gm2-gcc/m2pp.cc",method_localizable_gcc
119000,2033f7565d3974185367db8692003ef69f95bdf1,gcc/c,gcc/c/c-parser.cc,method_localizable_gcc
119001,8d22474af76a386eed488b3c66124134f0e41363,"gcc/c,gcc/root","gcc/c/c-typeck.cc,gcc/varasm.cc",method_localizable_gcc
119030,518def14ef1a8e6e307079f205ff98ad619ccd7b,gcc/root,gcc/gimple-fold.cc,method_localizable_gcc
119034,0abc77da9d704bba55a376bb5c162a54826ab94a,gcc/cp,"gcc/cp/pt.cc,gcc/cp/semantics.cc",method_localizable_gcc
119038,df9c10d18b5b1323efb5f7823c31a259859d87a4,gcc/cp,gcc/cp/lambda.cc,method_localizable_gcc
119039,e60c1793efd81571e408e875f5e42f441ea311e8,gcc/root,gcc/value-range.cc,method_localizable_gcc
119045,7980ce5dcf14eee0b3b937b9783fb02597cef384,gcc/cp,gcc/cp/constexpr.cc,method_localizable_gcc
119049,9ee39fcb15bd6ebd636ee65599b34a4c0d0818e4,gcc/fortran,"gcc/fortran/dump-parse-tree.cc,gcc/fortran/gfortran.h,gcc/fortran/invoke.texi,gcc/fortran/lang.opt,gcc/fortran/resolve.cc",method_localizable_gcc
119054,c6b2a359d348e2255cbf5b548540ecd8a5fa5a59,gcc/fortran,gcc/fortran/resolve.cc,method_localizable_gcc
119057,f22e89167b3abfbf6d67f42fc4d689d8ffdc1810,gcc/root,gcc/tree-vect-loop.cc,method_localizable_gcc
119064,1f52396c6fc940224e9d858d49e41310a6dfa43d,"gcc/c-family,gcc/cp,gcc/doc","gcc/c-family/c-cppbuiltin.cc,gcc/c-family/c-opts.cc,gcc/c-family/c.opt,gcc/c-family/c.opt.urls,gcc/cp/constraint.cc,gcc/cp/cp-trait.def,gcc/cp/cp-tree.h,gcc/cp/parser.cc,gcc/cp/pt.cc,gcc/cp/semantics.cc,gcc/cp/tree.cc,gcc/doc/invoke.texi",method_localizable_gcc
119067,43c11931acc50f3a44efb485b03e6a8d44df97e0,gcc/root,gcc/ipa-devirt.cc,method_localizable_gcc
119071,d05b64bdd048ffb7f72d97553888934a9bcd13fa,gcc/root,gcc/combine.cc,method_localizable_gcc
119073,8d7762945bba3c8321b5856cee3d5e5aed55facf,gcc/cp,gcc/cp/call.cc,method_localizable_gcc
119074,9ee39fcb15bd6ebd636ee65599b34a4c0d0818e4,gcc/fortran,"gcc/fortran/dump-parse-tree.cc,gcc/fortran/gfortran.h,gcc/fortran/invoke.texi,gcc/fortran/lang.opt,gcc/fortran/resolve.cc",method_localizable_gcc
119076,2fa031afe4ea78f490f06e487c48089d7376827c,gcc/cp,gcc/cp/module.cc,method_localizable_gcc
119078,456924e078c0312f9a0f07aa829ab2b6fdcf237c,gcc/fortran,"gcc/fortran/frontend-passes.cc,gcc/fortran/resolve.cc",method_localizable_gcc
119102,b85b405ed333a428a51b68cb914a48ac31bf0203,gcc/cp,gcc/cp/module.cc,method_localizable_gcc
119103,99aa410f5e0a722822698e765ca165e73ca4f637,gcc/root,"gcc/tree-ssa-loop-im.cc,gcc/tree-vect-patterns.cc",method_localizable_gcc
119106,0a624fede4e6d9eeca32279d1418916a0a880394,gcc/fortran,gcc/fortran/expr.cc,method_localizable_gcc
119118,be0942afb3a7080b7b0420a5369bdcf3dcc74b52,gcc/fortran,"gcc/fortran/dependency.cc,gcc/fortran/dependency.h,gcc/fortran/trans-expr.cc",method_localizable_gcc
119119,ad756e186f6352b1369c8094ec8973736142933e,gcc/root,gcc/gimplify.cc,method_localizable_gcc
119120,7f476ee30bab3976eefc3226481e617add83401a,"gcc/c-family,gcc/cp","gcc/c-family/c-gimplify.cc,gcc/cp/cp-gimplify.cc",method_localizable_gcc
119134,9a51880efb942955664854191a7f909b58e1d573,gcc/cp,gcc/cp/pt.cc,method_localizable_gcc
119150,4164c2542952d82e7cdb06d28c8707ac131b5644,gcc/cp,gcc/cp/constexpr.cc,method_localizable_gcc
119154,96492302a23c945d35fe1c83062da6f22c4f7b72,gcc/cp,"gcc/cp/decl2.cc,gcc/cp/module.cc",method_localizable_gcc
119157,613f8ddbe3d7da63d827e588bf0333813c184b8a,gcc/fortran,"gcc/fortran/gfortran.h,gcc/fortran/interface.cc,gcc/fortran/symbol.cc",method_localizable_gcc
119160,19af15ba7ad041b58b7926775cce81be9f5ec013,gcc/root,gcc/avoid-store-forwarding.cc,method_localizable_gcc
119162,bc6bbdb2cbc3ace1fbc8db6cc8976f5d8680809b,gcc/cp,gcc/cp/constexpr.cc,method_localizable_gcc
119175,708c393774188d74399ec75ef20a522444b09f92,gcc/cp,gcc/cp/mangle.cc,method_localizable_gcc
119183,6902b893ef810805585c297679525a3ee9c1f425,gcc/root,gcc/tree.cc,method_localizable_gcc
119199,09205680054ca6dd7cf3bb96ef08f15006d89cff,gcc/fortran,"gcc/fortran/decl.cc,gcc/fortran/trans-common.cc",method_localizable_gcc
119204,1b7a05770833eb210783ec8babd0027ec237d191,gcc/root,gcc/builtins.cc,method_localizable_gcc
119229,6fe63cc1958d15c28916dc0324da254cd843d8a3,gcc/cobol,gcc/cobol/gengen.cc,method_localizable_gcc
119233,359d5b7edaf7d1c418d2026ba0bc76b52d006364,gcc/cp,gcc/cp/pt.cc,method_localizable_gcc
119272,d50171bc07006dfb56cae487d72913e5d2567716,gcc/fortran,gcc/fortran/resolve.cc,method_localizable_gcc
119274,d1c5edc94b6d07ec29a93572f3b5086e88bf3b0e,gcc/root,gcc/tree-ssa-sccvn.cc,method_localizable_gcc
119282,bbc96c9c09921ca7d59564851d0ed6dcd918c300,gcc/cp,gcc/cp/constexpr.cc,method_localizable_gcc
119291,0027f96a361fa8636a52b0766c03dd74ac76f4c0,gcc/root,gcc/combine.cc,method_localizable_gcc
119311,1d7f57da583782ae5d56655a3ac413bdf259838a,gcc/c,gcc/c/c-parser.cc,method_localizable_gcc
119316,9a69c36417ad597ea2dce20fd704878c3727bc38,gcc/cp,gcc/cp/mangle.cc,method_localizable_gcc
119317,87c4460024dadef0aa1c767be146ad3831857ebe,gcc/c,gcc/c/c-decl.cc,method_localizable_gcc
119318,f33d2e6b532304d487193667e6b5d8f8d7df2bf4,gcc/root,gcc/ipa-cp.cc,method_localizable_gcc
119319,aa9d3f17ff359ecad729a9436adbbf644aab2426,gcc/root,gcc/tree-cfg.cc,method_localizable_gcc
119338,a03e9d4932713c1696bb2bc134da8e8eac3edb94,gcc/fortran,gcc/fortran/resolve.cc,method_localizable_gcc
119344,22bdc4d9dd7fd20b4745e810534299bca27c6943,gcc/cp,gcc/cp/typeck.cc,method_localizable_gcc
119345,e13143ab02172adf7b9a4a848c5c17f62579b9cf,gcc/cp,gcc/cp/pt.cc,method_localizable_gcc
119349,de725a153f8968713d0edbd43ebcc4168ebabc62,gcc/fortran,gcc/fortran/trans-expr.cc,method_localizable_gcc
119350,12b2c414b6d0e0d1b3d328b58d654c19c30bee8c,gcc/c,gcc/c/c-typeck.cc,method_localizable_gcc
119366,7ecf468c9a30b5a6da86812b912fe3368437c8b9,gcc/root,"gcc/diagnostic-format-sarif.cc,gcc/diagnostic.cc,gcc/diagnostic.h,gcc/gcc-urlifier.cc,gcc/gcc-urlifier.h,gcc/gcc.cc,gcc/toplev.cc",method_localizable_gcc
119370,62a6cafd7f55c6e88a9780b91039257572038535,gcc/cp,gcc/cp/decl2.cc,method_localizable_gcc
119376,df225ae29a147ae40bb44ba14ee979b67fd19c8e,"gcc/root,gcc/doc","gcc/common.opt,gcc/common.opt.urls,gcc/doc/extend.texi,gcc/doc/invoke.texi,gcc/tree-tailcall.cc",method_localizable_gcc
119378,fd9d35f68eabb7cdb250fde1d1ce2010384182a4,gcc/cp,gcc/cp/pt.cc,method_localizable_gcc
119379,4f9e72dd364915dafc03202cc6ad9ddffaee93f3,gcc/cp,gcc/cp/pt.cc,method_localizable_gcc
119380,1fb3a8dd95fafac81429738b7a973b60a16ed71e,gcc/fortran,gcc/fortran/trans-array.cc,method_localizable_gcc
119383,28c10781fd26324e8ddddfd6077e743944f1a32e,gcc/cp,"gcc/cp/call.cc,gcc/cp/cp-tree.h,gcc/cp/cvt.cc,gcc/cp/typeck.cc",method_localizable_gcc
119386,1500a9c9cd7e2a264570d8380789981d77041cc2,gcc/config,gcc/config/i386/i386-options.cc,method_localizable_gcc
119401,95c25cb09f58810bc520c3db469945c6a751aa32,gcc/cp,gcc/cp/pt.cc,method_localizable_gcc
119432,ed3374b0542e0383f03f1db1aacbeef0e693a862,"gcc/c,gcc/root","gcc/c/gimple-parser.cc,gcc/tree-pretty-print.cc",method_localizable_gcc
119449,90ab42f92b876b74056db297557e8c3d51cdd773,gcc/m2,"gcc/m2/gm2-compiler/M2GCCDeclare.def,gcc/m2/gm2-compiler/M2GCCDeclare.mod,gcc/m2/gm2-compiler/M2GenGCC.mod,gcc/m2/gm2-compiler/M2Quads.mod,gcc/m2/gm2-compiler/M2Range.mod,gcc/m2/gm2-compiler/M2System.mod,gcc/m2/gm2-gcc/m2pp.cc,gcc/m2/gm2-gcc/m2type.cc",method_localizable_gcc
119460,faff25435b0d23b2ac4deef5a9434c8cd098c0d2,gcc/fortran,"gcc/fortran/iresolve.cc,gcc/fortran/trans-decl.cc,gcc/fortran/trans-expr.cc,gcc/fortran/trans-intrinsic.cc",method_localizable_gcc
119462,6602fc076a883cf0cd20a37655a6bd9c146a2770,gcc/cp,gcc/cp/module.cc,method_localizable_gcc
119471,dcb7009efc5358207d1b0612732a0608915a3ef7,gcc/root,gcc/range-op.cc,method_localizable_gcc
119483,c95f5a0c0719ad5b23f605b4d8f8dd3689a0066b,gcc/root,"gcc/calls.cc,gcc/tree-tailcall.cc",method_localizable_gcc
119491,29bc904cb827615ed9f36bc3742ccc4ac77515ec,gcc/root,gcc/tree-tailcall.cc,method_localizable_gcc
119493,19ba913517b5e2a001fa9c0f060a1ac74430c027,gcc/root,gcc/tree-tailcall.cc,method_localizable_gcc
119507,d508d24282c6a8172be2abcb2223232f452b667f,gcc/root,gcc/except.cc,method_localizable_gcc
119518,78aed0ae5de801cc1e8220b214145300b28da562,gcc/cp,gcc/cp/decl.cc,method_localizable_gcc
119536,df225ae29a147ae40bb44ba14ee979b67fd19c8e,"gcc/root,gcc/doc","gcc/common.opt,gcc/common.opt.urls,gcc/doc/extend.texi,gcc/doc/invoke.texi,gcc/tree-tailcall.cc",method_localizable_gcc
119549,97dde4260ca1bf841be0e7565962670a30d45fd2,"gcc/common,gcc/config","gcc/common/config/i386/i386-common.cc,gcc/config/i386/i386-options.cc",method_localizable_gcc
119551,25db5966e9cc649deb85df4d89e6cad95f523f6d,gcc/cp,gcc/cp/module.cc,method_localizable_gcc
119563,564e4e0819022925dd160e455ee44baf0fda5805,gcc/cp,gcc/cp/call.cc,method_localizable_gcc
119564,b8e8829cfb73d7aa009d387ab09bdbab221930d7,gcc/cp,gcc/cp/decl.cc,method_localizable_gcc
119574,6a66212916e70a9f27adf458b79c309c926dcf42,gcc/cp,gcc/cp/pt.cc,method_localizable_gcc
119586,e7912d4a81cf34e05c7ded70910069b691a8bb15,gcc/root,gcc/tree-vect-stmts.cc,method_localizable_gcc
119599,aa9d3f17ff359ecad729a9436adbbf644aab2426,gcc/root,gcc/tree-cfg.cc,method_localizable_gcc
119608,f4a3ae1ef5ec951f007c4bd530f30e44945c5f0d,gcc/cp,gcc/cp/module.cc,method_localizable_gcc
119612,0f77d88fdf797842ac0134a4013b4227dd5a658f,gcc/c,"gcc/c/c-decl.cc,gcc/c/c-tree.h,gcc/c/c-typeck.cc",method_localizable_gcc
119613,8f1f35f1cb1c31e2822e241e56e0a04927e1b78a,gcc/root,gcc/cfgrtl.cc,method_localizable_gcc
119614,89b56e903e3a170a8eff2140417cdf81f1d87c9d,gcc/root,gcc/tree-tailcall.cc,method_localizable_gcc
119616,77e0c0df0907657a7d72bbba9e6329d93ec65edb,gcc/root,gcc/tree-tailcall.cc,method_localizable_gcc
119618,d060d7a3ddc1c782e2800b1f68a2eb8f0de1fc32,gcc/root,gcc/profile.cc,method_localizable_gcc
119628,407ae3aa7901509cc2d3140c3311c105d31fc0f4,"gcc/config,gcc/doc","gcc/config/i386/i386-expand.cc,gcc/config/i386/i386-options.cc,gcc/config/i386/i386-protos.h,gcc/config/i386/i386.cc,gcc/config/i386/i386.h,gcc/doc/extend.texi",method_localizable_gcc
119652,e2a178a5110db3b4c25773d386b047b27679bfe5,gcc/cp,gcc/cp/constexpr.cc,method_localizable_gcc
119656,c94d07ba85b3a9b779e47d67a411e06b7f69c6f7,gcc/fortran,"gcc/fortran/interface.cc,gcc/fortran/trans-expr.cc",method_localizable_gcc
119662,d034c78c7be613db3c25fddec1dd50222327117b,gcc/root,gcc/gimplify.cc,method_localizable_gcc
119669,1fda2deeea862072543035b6005c65d4c160691f,gcc/fortran,gcc/fortran/interface.cc,method_localizable_gcc
119687,1f32b87117b0e2ecc33b844d929d723de3fe8085,gcc/cp,gcc/cp/pt.cc,method_localizable_gcc
119688,ce7a22bd26c39137658e973797a419d27d767c2c,"gcc/root,gcc/cp,gcc/doc","gcc/common.opt,gcc/cp/mangle.cc,gcc/doc/invoke.texi",method_localizable_gcc
119694,c9d9521af35b92b26d2a10841c549377be033daf,gcc/cobol,"gcc/cobol/cbldiag.h,gcc/cobol/cdf.y,gcc/cobol/cobol1.cc,gcc/cobol/except.cc,gcc/cobol/genapi.cc,gcc/cobol/lexio.cc,gcc/cobol/parse.y,gcc/cobol/scan_ante.h,gcc/cobol/show_parse.h,gcc/cobol/symbols.cc,gcc/cobol/symfind.cc,gcc/cobol/util.cc",method_localizable_gcc
119703,0235b6d41ace62064d5cd42553028136b49ad947,gcc/config,gcc/config/i386/x86-tune-costs.h,method_localizable_gcc
119704,0235b6d41ace62064d5cd42553028136b49ad947,gcc/config,gcc/config/i386/x86-tune-costs.h,method_localizable_gcc
119707,8581982e8c977f7158d5fed5131caf0aae330403,gcc/root,gcc/gimple-lower-bitint.cc,method_localizable_gcc
119712,c9d4d3ba15c55e108f5f9a28d2609a698634a5db,gcc/root,"gcc/value-range.cc,gcc/value-range.h",method_localizable_gcc
119717,99835bd68e5360b0b3c8ad9c61ea23f70ad3dce6,gcc/c,gcc/c/c-typeck.cc,method_localizable_gcc
119722,7e91bba6d53899689b00bd0c995b35f6586fcacd,gcc/root,"gcc/gimple-lower-bitint.cc,gcc/gimple-lower-bitint.h,gcc/tree-ssa-coalesce.cc",method_localizable_gcc
119755,674b0875a9861e61544e7040452ac22142db7c8b,gcc/cp,gcc/cp/lambda.cc,method_localizable_gcc
119762,714e9020becc260a05f17ae694a6bdde65d9c567,gcc/cp,gcc/cp/module.cc,method_localizable_gcc
119778,d02be6073d902925510736855e7f044eb8755aa4,gcc/root,gcc/tree-inline.cc,method_localizable_gcc
119784,d275b3748a23aa4b6b821ae3bdf1751010923773,gcc/config,gcc/config/i386/i386.cc,method_localizable_gcc
119795,8166458f19846fb795e31d5cf2475e0bade9f546,gcc/root,gcc/avoid-store-forwarding.cc,method_localizable_gcc
119803,074b2b0f91f948fe3488ada91ec6a8576c684dea,gcc/root,gcc/ipa-cp.cc,method_localizable_gcc
119807,615e392c8b1ef362fee2bd4f34d5a82f018c3f97,gcc/cp,gcc/cp/pt.cc,method_localizable_gcc
119811,d05949558ef1c8eeeb07399174a64f968f70e3ee,gcc/root,gcc/tree-ssa-phiopt.cc,method_localizable_gcc
119836,51ed76fe86fc4a2421ef843eb3fc06d633d50ebb,gcc/fortran,gcc/fortran/resolve.cc,method_localizable_gcc
119838,41c446389446a357172883389e36fd10c882ce6d,gcc/cp,gcc/cp/parser.cc,method_localizable_gcc
119844,69faef01dff124cd2e657b7525ba6cc574626853,gcc/cp,gcc/cp/typeck2.cc,method_localizable_gcc
119852,70d3dec42e8c7aec6604f920f56529c796cd398a,gcc/root,gcc/cgraphclones.cc,method_localizable_gcc
119863,0839c77b83c673aa5970c83c5dcaa03147d54362,gcc/cp,gcc/cp/name-lookup.cc,method_localizable_gcc
119876,fbc849d9c3872a05a308724f4009c18685b5af9c,gcc/root,gcc/tree-if-conv.cc,method_localizable_gcc
119903,e4fb1b435a65f505b0172b4f0213483c3a07adbf,gcc/root,gcc/gimple-fold.cc,method_localizable_gcc
119916,4b2da16d0493f4154825ebdcbd8fad2f79a95ed5,gcc/cp,gcc/cp/coroutines.cc,method_localizable_gcc
119920,fbc849d9c3872a05a308724f4009c18685b5af9c,gcc/root,gcc/tree-if-conv.cc,method_localizable_gcc
119928,bdcef06d8bb6abca31ac6cd9008648dd578b9b15,gcc/fortran,gcc/fortran/interface.cc,method_localizable_gcc
119938,3042862fbdba809473e3ea4ddc1697692b233d5f,gcc/cp,gcc/cp/pt.cc,method_localizable_gcc
119939,947e0d1811805468116b0d497bd62779273bfa2b,gcc/cp,gcc/cp/module.cc,method_localizable_gcc
119948,cb3c5b7d15cdb9373d102e7045c0823526a9c660,gcc/fortran,"gcc/fortran/primary.cc,gcc/fortran/resolve.cc",method_localizable_gcc
119950,cb06e4a961b85a06e666f03124f9bd0f99e79f8c,gcc/c,gcc/c/c-typeck.cc,method_localizable_gcc
119960,7da2b6ddf3a8371b585595231cddcb1ad0942ea4,gcc/root,gcc/tree-vect-slp.cc,method_localizable_gcc
119973,37c312486186ed9dc2561b2e341fd81f4f1627ec,gcc/root,gcc/tree-ssa-structalias.cc,method_localizable_gcc
119981,fd9d35f68eabb7cdb250fde1d1ce2010384182a4,gcc/cp,gcc/cp/pt.cc,method_localizable_gcc
119986,51ffec744b513a71fe84373fb87a3c0125b7fffd,gcc/fortran,"gcc/fortran/expr.cc,gcc/fortran/primary.cc",method_localizable_gcc
119996,25db5966e9cc649deb85df4d89e6cad95f523f6d,gcc/cp,gcc/cp/module.cc,method_localizable_gcc
120006,b36014e10c95d3ada1dcdf4695626af90fba0a99,gcc/root,gcc/tree-ssa-structalias.cc,method_localizable_gcc
120013,3ba1b0ac7ccbe7b01811302dc1d50dcdbd7dc2ac,gcc/cp,gcc/cp/module.cc,method_localizable_gcc
120019,bb83283e5c5c55eab7493a58c5e415aa56f5940c,gcc/config,"gcc/config/i386/i386.cc,gcc/config/i386/i386.md",method_localizable_gcc
120023,aa49bb9deb7e040679f184009f38c5027f1a8dc4,gcc/cp,gcc/cp/module.cc,method_localizable_gcc
120024,0ab1e31807a19d699c462937ca639718360eac0c,gcc/root,gcc/calls.cc,method_localizable_gcc
120032,c6eb92973ea308e248ce23927a9ac58ef81ee7a2,gcc/root,gcc/tree-ssa-forwprop.cc,method_localizable_gcc
120036,ae987baeb5fb70877fd007db80b77e374f676c76,gcc/config,gcc/config/i386/i386-features.cc,method_localizable_gcc
120040,e3db74150f5eee104b996cc6f69d3e721b8832b9,gcc/cp,"gcc/cp/constexpr.cc,gcc/cp/init.cc,gcc/cp/module.cc",method_localizable_gcc
120043,7b38bab21a126512c17c8084ad78b6bf75fc1437,gcc/root,gcc/tree-ssa-phiopt.cc,method_localizable_gcc
120048,fcc74146e3e0bfd30f9ccc12359991d73fe928f9,gcc/root,gcc/ipa-cp.cc,method_localizable_gcc
120049,cf129b8d5abe4fec6115fe8ef3d5905d528e6ced,gcc/fortran,gcc/fortran/check.cc,method_localizable_gcc
120055,3913d958e203dbf3c4a0527e7bc03c684e3f05a4,gcc/c,gcc/c/c-typeck.cc,method_localizable_gcc
120057,d32ece49d32b00448d967e7dbc6900fb25cbc775,gcc/c,gcc/c/c-typeck.cc,method_localizable_gcc
120074,673d446894c063c92cafce9ba41340c82e960a11,gcc/root,gcc/gimple-fold.cc,method_localizable_gcc
120080,36daa0da95fba18d0d4eb4e10fa07ac3b76fa426,gcc/root,gcc/tree-switch-conversion.cc,method_localizable_gcc
120089,856c493db1d5e2fa9377f4a0c438afbcaf6c7e01,gcc/root,"gcc/tree-vect-slp.cc,gcc/tree-vect-stmts.cc",method_localizable_gcc
120123,6e8dcc0aa0ba5de2c44ceeb7bc2323def4724cd1,gcc/cp,gcc/cp/lambda.cc,method_localizable_gcc
120125,74b9ae09ed94e58a7e61184fa3f592144fb3b2d0,gcc/cp,gcc/cp/optimize.cc,method_localizable_gcc
120126,f7dc4fd62ce4d9287988892b1e94bbdd0ca1c8fa,gcc/cp,"gcc/cp/pt.cc,gcc/cp/tree.cc",method_localizable_gcc
120143,9def392a1b63a198d15d972f73b4afc888389d7c,gcc/root,gcc/tree-vect-data-refs.cc,method_localizable_gcc
120146,94d10c0ef2dca46f1c043c81bcda67ee7e2efc67,gcc/root,gcc/tree-ssa-structalias.cc,method_localizable_gcc
120152,a2a956cf26e645bfddbc0b743b97472e298c7a8c,gcc/fortran,"gcc/fortran/check.cc,gcc/fortran/gfortran.texi,gcc/fortran/trans-intrinsic.cc",method_localizable_gcc
120161,b380d260ba56b30cba7681c43e1b699d05152cdc,gcc/cp,gcc/cp/pt.cc,method_localizable_gcc
120163,61fada934e894c7fb4a1f1626ea0d0f1f1f1d2f4,gcc/fortran,"gcc/fortran/gfortran.h,gcc/fortran/resolve.cc",method_localizable_gcc
120179,01324ffac8bcc6813ffbc78993a674bcac7b52ab,gcc/fortran,gcc/fortran/match.cc,method_localizable_gcc
120185,3ae6b582d629e63e12d0ecfb7cbe44033778f88c,gcc/cp,"gcc/cp/class.cc,gcc/cp/pt.cc",method_localizable_gcc
120195,82e4932623e57ded0f9303621fe329ee5aaba508,gcc/cp,gcc/cp/name-lookup.cc,method_localizable_gcc
120204,d50e08095b57131e6f1a80b45959087e233376e8,gcc/cp,gcc/cp/pt.cc,method_localizable_gcc
120211,004bf889e0b1b96ae50f93339104d3602a88deb5,gcc/root,gcc/tree-vect-stmts.cc,method_localizable_gcc
120231,6fb88ff622ca2d12229870e9b0b3781bb930d2ad,gcc/root,"gcc/range-op-float.cc,gcc/range-op-mixed.h,gcc/range-op.cc,gcc/range-op.h",method_localizable_gcc
120269,6bc26cceb243c6f359f65a1afa5515f911f3327d,"gcc/c-family,gcc/c,gcc/config,gcc/doc,gcc/root","gcc/c-family/c-common.cc,gcc/c-family/c-common.h,gcc/c-family/c-opts.cc,gcc/c-family/c.opt,gcc/c-family/c.opt.urls,gcc/c/c-errors.cc,gcc/c/c-parser.cc,gcc/c/c-tree.h,gcc/config/rl78/rl78.cc,gcc/doc/cpp.texi,gcc/doc/invoke.texi,gcc/doc/standards.texi,gcc/dwarf2out.cc",method_localizable_gcc
120277,022d8e25e49021b378a4e6c24c2f0c380a066690,gcc/root,gcc/range-op-ptr.cc,method_localizable_gcc
120295,36bc863200b86a311cf7d9a027b0597280dfebf0,gcc/root,gcc/ipa-prop.cc,method_localizable_gcc
120349,9de7d374323eea212aa1ffb2208a0c7cfcf46f51,gcc/cp,gcc/cp/module.cc,method_localizable_gcc
120350,1e579e2eb5bf69419222a10afc854565b6bc0d78,gcc/cp,gcc/cp/rtti.cc,method_localizable_gcc
120355,1d3b863c20831dc56f3671ee053d00440c322248,gcc/fortran,gcc/fortran/interface.cc,method_localizable_gcc
120363,2486d94bc45a9815395a36cc6dc1e9e3219a74b7,gcc/cp,gcc/cp/decl2.cc,method_localizable_gcc
120369,612690936f5ddd122b60cf843cb4f40ae7ede436,gcc/root,gcc/tree-complex.cc,method_localizable_gcc
120395,10360c1b0d45ae129df616a9e9b1db5f2a2eaef8,gcc/cp,gcc/cp/cp-gimplify.cc,method_localizable_gcc
120412,5970feba9d74b8b73f498652ce66dc2aff353ce4,gcc/cp,gcc/cp/module.cc,method_localizable_gcc
120414,fd2a11eb2deb4be498a9d000c0a41446c14672df,gcc/cp,gcc/cp/module.cc,method_localizable_gcc
120451,13699eb9883d6abcfbe971c9c98d113b00553779,gcc/root,gcc/tree-switch-conversion.cc,method_localizable_gcc
120453,0b004c92f5ea239936a403a2a757e12ca82ce6d8,gcc/cp,"gcc/cp/cp-tree.h,gcc/cp/typeck.cc",method_localizable_gcc
120483,88ec0fedaf698aeafe84710a6bada738203bca5b,gcc/fortran,gcc/fortran/trans-expr.cc,method_localizable_gcc
120495,11cab9852408f3e0f760f9f799fe3a0d4905007a,gcc/cp,gcc/cp/pt.cc,method_localizable_gcc
120499,a2a13afec5a7cac278643d4ea1f572efdbae0fcc,gcc/cp,gcc/cp/method.cc,method_localizable_gcc
120502,d96603a48d338a92b78628016d00cbf11576621e,gcc/cp,"gcc/cp/constexpr.cc,gcc/cp/cp-gimplify.cc",method_localizable_gcc
120503,38d76a4e6033016b5e2dcaae57df67075a605edd,gcc/cp,"gcc/cp/cp-tree.h,gcc/cp/decl.cc,gcc/cp/mangle.cc,gcc/cp/tree.cc",method_localizable_gcc
120506,7037c72a8bb41ed07da64b23e14857a066a91baa,gcc/cp,gcc/cp/constexpr.cc,method_localizable_gcc
120510,cf588f1a8e7406ced5b08f32f9d23f015a240a31,gcc/c,gcc/c/c-typeck.cc,method_localizable_gcc
120520,da3f2a561649c7c4899449c6b3ab2b6d67792a71,"gcc/analyzer,gcc/root,gcc/c-family,gcc/doc","gcc/analyzer/sm-malloc.cc,gcc/builtin-attrs.def,gcc/builtins.cc,gcc/builtins.def,gcc/c-family/c-attribs.cc,gcc/c-family/c-common.cc,gcc/doc/extend.texi,gcc/gimple-range-infer.cc,gcc/gimple.cc,gcc/gimple.h,gcc/tree-ssa-ccp.cc,gcc/ubsan.cc",method_localizable_gcc
120523,a1ad36f5a899e3d4c2c97f4f68d283bef3d386b1,gcc/root,"gcc/output.h,gcc/tree-switch-conversion.cc,gcc/varasm.cc",method_localizable_gcc
120533,4f88f1593fac1f9b32045f7d97170913f93986f6,gcc/root,gcc/tree-ssa-phiopt.cc,method_localizable_gcc
120547,46c2de7a8560d1fcaaeaf986d90b23d70cf48dd7,gcc/root,gcc/real.cc,method_localizable_gcc
120555,4e4684ca6a79b22fe91acaa81af2d4a00d6e1345,gcc/cp,gcc/cp/decl2.cc,method_localizable_gcc
120575,433fcdb6a2c0d5e80c95f58527228802726f8f0e,gcc/cp,gcc/cp/parser.cc,method_localizable_gcc
120577,f65c604bf533c30100be5210c370ab0ba5eba817,gcc/cp,gcc/cp/constexpr.cc,method_localizable_gcc
120599,899e7284bfa0b736165c3d9d5c18d5d883c5cbfb,gcc/root,gcc/tree-ssa-forwprop.cc,method_localizable_gcc
120618,6ece2d7274059265468833fb491db44bd90de72a,gcc/cp,gcc/cp/parser.cc,method_localizable_gcc
120620,36bdda709031299d97ce61c77d55d66d1e36da3c,gcc/cp,gcc/cp/constexpr.cc,method_localizable_gcc
120629,f3001dd5fe57738be222c3af690f7fdd86f531a1,gcc/root,gcc/cfgexpand.cc,method_localizable_gcc
120631,153160c3f59c01ab864726abce66b4c3a0f2d909,gcc/root,gcc/dfp.cc,method_localizable_gcc
120638,9148510b2c75c71dfd7e2145fa203102fe2138e4,gcc/root,gcc/tree-ssa-math-opts.cc,method_localizable_gcc
120644,13390e1b65f499ba33b7b5ff76bd9936e81b74e4,gcc/cp,"gcc/cp/decl.cc,gcc/cp/module.cc,gcc/cp/pt.cc",method_localizable_gcc
120660,689ee39f7bbb632a9ca7d1dc18192bd1921e54a8,gcc/root,gcc/avoid-store-forwarding.cc,method_localizable_gcc
120661,c41081b79c20b9dd1dcf12d88dc512574c7a8d81,gcc/root,"gcc/value-range.cc,gcc/value-range.h",method_localizable_gcc
120670,66455591fac1e80b5acc615598cbf556d565e080,gcc/config,gcc/config/i386/i386-expand.cc,method_localizable_gcc
120677,a63b97e918b8592d0f6af94c5355efc82a49e06d,gcc/root,gcc/gimple-crc-optimization.cc,method_localizable_gcc
120683,66455591fac1e80b5acc615598cbf556d565e080,gcc/config,gcc/config/i386/i386-expand.cc,method_localizable_gcc
120684,c612c500de3804b330090fe478b5e055944ff8b2,gcc/cp,gcc/cp/constexpr.cc,method_localizable_gcc
120701,95752870fb5c51868a084b94705a83d728be52c8,gcc/root,gcc/value-range.cc,method_localizable_gcc
120708,becb0be25211ce13ca6764094052a38f14b954dd,gcc/config,gcc/config/i386/i386-expand.cc,method_localizable_gcc
120709,4b4b2c7ab29730b6c0c4394be88143dba667aa06,"gcc/root,gcc/doc","gcc/builtins.cc,gcc/doc/extend.texi,gcc/internal-fn.cc",method_localizable_gcc
120716,e9549b5ee8496af12bac3ebfa3ec0aa8487fb725,gcc/cp,gcc/cp/lambda.cc,method_localizable_gcc
120725,66455591fac1e80b5acc615598cbf556d565e080,gcc/config,gcc/config/i386/i386-expand.cc,method_localizable_gcc
120743,ed7fc2b29ead88be30b40ec2c3c51495200b08c4,gcc/fortran,gcc/fortran/trans-expr.cc,method_localizable_gcc
120748,dc90649466a54ab61926d88500a05f59a55cb055,gcc/cp,"gcc/cp/lambda.cc,gcc/cp/parser.cc",method_localizable_gcc
120773,8f5fac56ca39e99d7a9ad6a0c067c75e6ffcd2cf,gcc/cp,gcc/cp/decl.cc,method_localizable_gcc
120776,5fedaa2347939dcad24581608520067ec6560758,"gcc/c-family,gcc/cp","gcc/c-family/c-cppbuiltin.cc,gcc/cp/call.cc,gcc/cp/constexpr.cc,gcc/cp/cp-objcp-common.cc,gcc/cp/cp-tree.def,gcc/cp/cp-tree.h,gcc/cp/cxx-pretty-print.cc,gcc/cp/decl.cc,gcc/cp/decl2.cc,gcc/cp/error.cc,gcc/cp/name-lookup.cc,gcc/cp/name-lookup.h,gcc/cp/parser.cc,gcc/cp/parser.h,gcc/cp/pt.cc,gcc/cp/semantics.cc",method_localizable_gcc
120777,5111ea055f5699ad47605890fb45af5c3db1de4f,"gcc/c-family,gcc/cp,gcc/root","gcc/c-family/c-cppbuiltin.cc,gcc/cp/class.cc,gcc/cp/constexpr.cc,gcc/cp/cp-tree.h,gcc/cp/method.cc,gcc/gimple-fold.cc",method_localizable_gcc
120778,48787c734ee647cb99abb1e95d937f1ba66e78d0,"gcc/c-family,gcc/c,gcc/cp,gcc/doc","gcc/c-family/c-common.h,gcc/c-family/c-opts.cc,gcc/c-family/c.opt,gcc/c-family/c.opt.urls,gcc/c/c-decl.cc,gcc/cp/lex.cc,gcc/doc/invoke.texi",method_localizable_gcc
120780,aad37494dc0b96e95501190b93a32ff7c85debfc,gcc/root,gcc/tree-object-size.cc,method_localizable_gcc
120784,6fc73d887341122dce5df56b0eaac1244e57e766,gcc/fortran,gcc/fortran/interface.cc,method_localizable_gcc
120808,f359b9150c282c69704d8d2a6c8e071c90506538,gcc/root,gcc/tree-vect-slp-patterns.cc,method_localizable_gcc
120824,38d76a4e6033016b5e2dcaae57df67075a605edd,gcc/cp,"gcc/cp/cp-tree.h,gcc/cp/decl.cc,gcc/cp/mangle.cc,gcc/cp/tree.cc",method_localizable_gcc
120830,f9a6efa7a71e80a0989ac91fb7f282468471bb46,gcc/config,gcc/config/i386/i386-features.cc,method_localizable_gcc
120843,0f1e4dd1f9354ea962113e066152d0a77209f732,gcc/fortran,gcc/fortran/resolve.cc,method_localizable_gcc
120847,887ddb4d8c3ddd27c3a5cfd79f21dd52403c82fa,gcc/fortran,gcc/fortran/coarray.cc,method_localizable_gcc
120866,48a9567e4100fd6a734089087c139d51b63b7531,"gcc/cp,gcc/root","gcc/cp/cp-gimplify.cc,gcc/cp/module.cc,gcc/tree.cc,gcc/tree.h,gcc/ubsan.cc",method_localizable_gcc
120881,cc4f3397331f6ecd5e775cf963c65face0145f3f,"gcc/root,gcc/config,gcc/doc","gcc/config.in,gcc/config/i386/i386-options.cc,gcc/configure,gcc/configure.ac,gcc/doc/install.texi",method_localizable_gcc
120908,536ed87cfb3a1453730411f217fa119b87ffaf90,gcc/config,"gcc/config/i386/i386.cc,gcc/config/i386/i386.md",method_localizable_gcc
120927,e16820d4f7ab1d8a40f70beef722e6f8a4c2392c,gcc/root,gcc/tree-vect-data-refs.cc,method_localizable_gcc
120940,b5f0faa4eb71650a9dde3938c3a98eda710534de,gcc/cp,gcc/cp/typeck.cc,method_localizable_gcc
120941,10075fb355daaebf8ccabb8932c3400b2efd6101,gcc/config,gcc/config/i386/i386-features.cc,method_localizable_gcc
120951,5c2dc85c1923af118a9ec9657dc969fd3d95498a,gcc/root,gcc/tree-call-cdce.cc,method_localizable_gcc
121008,2ca183c113effe2d334b2227f4fdfa5666db8874,gcc/cp,gcc/cp/semantics.cc,method_localizable_gcc
121012,131ba6137bca263d7381ad3331840ee05e306fc9,gcc/cp,gcc/cp/parser.cc,method_localizable_gcc
121015,07d8de9174c421d719649639a1452b8b9f2eee32,gcc/config,gcc/config/i386/i386-features.cc,method_localizable_gcc
121020,46a862ef08f3c44780c8d9043ce16382d8a70ada,gcc/root,"gcc/tree-vect-loop-manip.cc,gcc/tree-vectorizer.h",method_localizable_gcc
121035,f0a86bbc82a51a9c3b419c176f6ab45d6d513401,gcc/root,gcc/tree-ssa-pre.cc,method_localizable_gcc
121049,aa28a331e9f7c526540184d4b748198b8e5ad338,gcc/root,"gcc/internal-fn.cc,gcc/internal-fn.h,gcc/tree-vect-stmts.cc",method_localizable_gcc
121055,5a29c9147404c0473e009df879e7467ff4948820,gcc/cp,gcc/cp/method.cc,method_localizable_gcc
121060,426e9cf512f439d3b97ee450a87f67f65c545c50,gcc/fortran,gcc/fortran/interface.cc,method_localizable_gcc
121096,207a506ee50d6510ff4c53db39a52ba1082842e4,gcc/config,"gcc/config/i386/i386-expand.cc,gcc/config/i386/i386.cc,gcc/config/i386/i386.h",method_localizable_gcc
121108,62843b3453ee30f77ceb7e09769e0cea9920a2cd,gcc/config,gcc/config/i386/i386-expand.cc,method_localizable_gcc
121116,7c3081960922d9bd3ea81a9f8ca6e00c23170a2b,gcc/root,gcc/tree-vect-loop.cc,method_localizable_gcc
121127,f7b82b84407cf696d1f31682edf78723b0866aa3,gcc/root,gcc/gimple-lower-bitint.cc,method_localizable_gcc
121130,1869281ba69da0d98481ecef72da69362101f1ac,gcc/root,gcc/tree-vect-stmts.cc,method_localizable_gcc
121131,0c473aa8fd1e05d6dfbcd6b4b9fb5497fe1397f1,gcc/root,gcc/gimple-fold.cc,method_localizable_gcc
121145,97ad2824f4faffd5da6e90e91f3dbfcc4bb3cc25,gcc/fortran,gcc/fortran/trans-expr.cc,method_localizable_gcc
121159,6e5195734f1da534c206bc142d5be06c5ed7f40f,gcc/root,gcc/calls.cc,method_localizable_gcc
121179,04a176a1d84a84c630cfd4d232736c12b105957a,gcc/cp,"gcc/cp/call.cc,gcc/cp/tree.cc",method_localizable_gcc
121182,fe837dc02bbf80f6907ed8c1065fe12688b8ea95,gcc/fortran,"gcc/fortran/decl.cc,gcc/fortran/parse.cc",method_localizable_gcc
121185,5f9f20df98b1fe8dd8b179b157d268470bde70f4,gcc/fortran,gcc/fortran/trans-array.cc,method_localizable_gcc
121190,94ca071cba4078aa783e6c134277515a4e46709e,gcc/root,gcc/tree-vect-data-refs.cc,method_localizable_gcc
121194,47a7dcd4c027bcc98760043c3416aa354f42b40e,gcc/root,gcc/tree-vect-loop.cc,method_localizable_gcc
121202,efce571b152ac9f5bdbd6821dd537a93e36c1b73,gcc/root,gcc/tree-vect-slp.cc,method_localizable_gcc
121203,3ba8769cdf1cd8bf451a954ab5c4dfde2fafee00,gcc/fortran,gcc/fortran/trans-expr.cc,method_localizable_gcc
121208,a09152201b1028e9b85bc163499ef18e8994b231,gcc/config,gcc/config/i386/i386.cc,method_localizable_gcc
121216,2fda72d1315b72e9d43b05da2f260e5c59aaad41,gcc/root,gcc/expr.cc,method_localizable_gcc
121219,823d5948aa2d8937befcb35f7b1bb9e33346efd9,gcc/cp,gcc/cp/coroutines.cc,method_localizable_gcc
121220,db8b92d8d61de408e14a4aebf5a777734936699d,gcc/root,gcc/tree-ssa-sink.cc,method_localizable_gcc
121231,ce7a22bd26c39137658e973797a419d27d767c2c,"gcc/root,gcc/cp,gcc/doc","gcc/common.opt,gcc/cp/mangle.cc,gcc/doc/invoke.texi",method_localizable_gcc
121236,5760ddbce26ff9c5c8851b6b2089ad65981d5078,gcc/root,gcc/tree-if-conv.cc,method_localizable_gcc
121238,0d41077bba75597ec50dc10b7d1c46e1b018af9d,gcc/cp,gcc/cp/module.cc,method_localizable_gcc
121291,ec7244e6e09654a2e720d60ceb0f24c6d66c44f7,gcc/cp,"gcc/cp/constraint.cc,gcc/cp/except.cc,gcc/cp/method.cc",method_localizable_gcc
121295,0ab20ee0eae1c4556fbade6dd6ea896f00cf0128,gcc/root,gcc/tree-if-conv.cc,method_localizable_gcc
121303,102179f11d35705f384817d7edec32bbda22b2b7,gcc/root,gcc/avoid-store-forwarding.cc,method_localizable_gcc
121351,b51ca7d2f548ffdad03fa779e3ff7bcc3441ff03,gcc/cp,gcc/cp/class.cc,method_localizable_gcc
121362,57a97725a5c493bd8cde0b0c5679099b1a23c795,gcc/root,gcc/tree-ssa-sccvn.cc,method_localizable_gcc
121378,afafae097232e700bb7a74a453a048b83ebefccd,gcc/root,gcc/tree-ssa-loop-ivopts.cc,method_localizable_gcc
121410,59236d56eec6854e261dbf16963d5ee9e03bf7d5,gcc/config,gcc/config/i386/i386-expand.cc,method_localizable_gcc
121422,c7de7ddbfae1656ad8309f8821d17ae43383e5d5,gcc/root,gcc/tree-ssa-forwprop.cc,method_localizable_gcc
121478,70f33ad677e6350a724b56d4cb766480ed8367fc,gcc/c,"gcc/c/c-fold.cc,gcc/c/c-typeck.cc",method_localizable_gcc
121488,45a56f42b4909e2ae0d1ad35dab05c5c092a14bc,gcc/root,gcc/tree-ssa-sccvn.cc,method_localizable_gcc
121493,6d9c1aad2c46092ac0e5adcaad2ea5af57fad180,gcc/root,gcc/tree-ssa-sccvn.cc,method_localizable_gcc
121497,28c0d45201a0a4a0f7dd285b1992039cd6af015f,gcc/config,gcc/config/i386/i386-features.cc,method_localizable_gcc
121509,a440b382e43203857de9195eb526c4a16f21ceb1,gcc/root,gcc/tree-vect-stmts.cc,method_localizable_gcc
121514,2fe432175ef135037dea210002881a093f328779,gcc/root,gcc/tree-ssa-sccvn.cc,method_localizable_gcc
121520,87f354ca75361faa2f40b826d632fbc49a082553,"gcc/c-family,gcc/c,gcc/cp","gcc/c-family/c-cppbuiltin.cc,gcc/c/c-decl.cc,gcc/cp/lex.cc",method_localizable_gcc
121540,6520bb9efb2dd6b1ecdb28ed698b4c5b320de7bb,gcc/config,gcc/config/i386/i386-options.cc,method_localizable_gcc
121541,b42c5ee445f6de5a2a0b4f9ab16dc19c3c6c615b,"gcc/config,gcc/doc","gcc/config/i386/i386-options.cc,gcc/doc/extend.texi",method_localizable_gcc
121552,4bed19cf6170541ff757ee1b21d9fec9eb0c6541,"gcc/c-family,gcc/cp,gcc/doc","gcc/c-family/c.opt,gcc/c-family/c.opt.urls,gcc/cp/decl.cc,gcc/doc/invoke.texi",method_localizable_gcc
121553,6747672747cd86f75519f814816b7f83ddaedcc2,gcc/cp,gcc/cp/name-lookup.cc,method_localizable_gcc
121572,4931fc20f4f7e6b69e3b926c27179192345cb3c1,gcc/config,gcc/config/i386/i386-features.cc,method_localizable_gcc
121575,fa03e49399a8b202b7d6700604c8fbe5ee33474f,gcc/cp,gcc/cp/pt.cc,method_localizable_gcc
121578,38d76a4e6033016b5e2dcaae57df67075a605edd,gcc/cp,"gcc/cp/cp-tree.h,gcc/cp/decl.cc,gcc/cp/mangle.cc,gcc/cp/tree.cc",method_localizable_gcc
121583,cc85998ba7984e43c1d89d47dfbfc219c142fddf,gcc/cp,gcc/cp/semantics.cc,method_localizable_gcc
121601,2d4b7b983c7232325a9a7659e37143bdd5112dcc,gcc/cp,gcc/cp/constexpr.cc,method_localizable_gcc
121607,d147e7a20a1372d8ea0af3185737bd6f46585569,gcc/config,gcc/config/i386/i386-features.cc,method_localizable_gcc
121619,fb7c62f7a8fed8e30c5bd6cbb0fdb26774ba247d,gcc/rtl-ssa,"gcc/rtl-ssa/blocks.cc,gcc/rtl-ssa/changes.cc,gcc/rtl-ssa/functions.h",method_localizable_gcc
121635,60fca68165bb66943ac0f70e28b3d9f2df93c219,gcc/config,gcc/config/i386/i386-features.cc,method_localizable_gcc
121638,79e22e16f63882cce2074511a18672a1ca9e7dac,gcc/root,gcc/tree-vect-stmts.cc,method_localizable_gcc
121658,2dfd2779e373dffaae9532d45267497a6246f661,gcc/config,"gcc/config/i386/i386.cc,gcc/config/i386/sse.md",method_localizable_gcc
121668,775ecdb237d312e82fa5f3bcd6a5b8693249524a,gcc/config,gcc/config/i386/i386-features.cc,method_localizable_gcc
121686,18d44963e0343e1ad09fcd65ffecffb8d87c487d,gcc/root,gcc/tree-vect-slp.cc,method_localizable_gcc
121694,34262b9835323907deb653d480f3847950028e35,gcc/config,gcc/config/i386/i386-features.cc,method_localizable_gcc
121695,0ab20ee0eae1c4556fbade6dd6ea896f00cf0128,gcc/root,gcc/tree-if-conv.cc,method_localizable_gcc
121698,3e2f2b593980a19952be0e71b6d494a294a1ddea,"gcc/config,gcc/doc,gcc/root","gcc/config/aarch64/aarch64.cc,gcc/config/i386/i386-expand.cc,gcc/config/s390/s390.cc,gcc/doc/md.texi,gcc/tree-ssa-math-opts.cc,gcc/tree-ssa-phiopt.cc",method_localizable_gcc
121713,82d1617551aad498957cbbc0558001e2b24dc2f9,gcc/root,gcc/tree-ssa-forwprop.cc,method_localizable_gcc
121725,bfa70ddb650ec91c2511d351b2b3c3f78dfad6d4,gcc/config,gcc/config/i386/i386-features.cc,method_localizable_gcc
121727,188be0dff053050a4fe73d596fbefdb612d7646b,gcc/fortran,gcc/fortran/trans-expr.cc,method_localizable_gcc
13962,a9251ab3c91c8c559d0306838575a666ae62dff4,gcc/root,"gcc/gimple-pretty-print.cc,gcc/tree-ssa-alias.cc,gcc/tree-ssa-alias.h,gcc/tree-ssa-structalias.cc",method_localizable_gcc
14295,7bb1933c1fcca8cb99132ff5d08b3f3efca4ff07,gcc/root,gcc/tree-ssa-forwprop.cc,method_localizable_gcc
19501,64655e7bdbea6b922f1f759eb9f1730b5e57029f,gcc/cp,gcc/cp/parser.cc,method_localizable_gcc
24878,9576353454e6c2a20a9742e2f29f17830766cd8a,gcc/fortran,gcc/fortran/interface.cc,method_localizable_gcc
33799,4c6afbbd48f0c40ddf949bc403d9bd5f5e14204f,gcc/cp,"gcc/cp/except.c,gcc/cp/parser.c,gcc/cp/semantics.c",method_localizable_gcc
37801,9bbad3685131ec95d970f81bf75f9556d4d92742,gcc/root,gcc/dwarf2out.cc,method_localizable_gcc
40317,2dd4eb15b63ca1f20a637e8b26567d5064a43a4f,gcc/root,gcc/tree-nested.cc,method_localizable_gcc
43374,198f38a607980a4a4be81673d4fa1e637728be86,"gcc/root,gcc/c-family","gcc/builtins.cc,gcc/c-family/c-cppbuiltin.cc,gcc/real.cc",method_localizable_gcc
47485,f2a8f3c364a0d196efb0687ea421190b46d041d5,gcc/fortran,gcc/fortran/cpp.cc,method_localizable_gcc
48958,08bdc2ac98ae05ef694f4e55c296835fc01a3673,gcc/fortran,gcc/fortran/trans-array.cc,method_localizable_gcc
49372,ad64a821970ef5547d77ece22d302b0e599ae0d2,gcc/cp,"gcc/cp/constexpr.c,gcc/cp/cp-gimplify.c,gcc/cp/cp-tree.h,gcc/cp/init.c,gcc/cp/tree.c,gcc/cp/typeck2.c",method_localizable_gcc
51961,5789351587782923cfb4f62d2a05d417fd00689e,gcc/fortran,gcc/fortran/resolve.cc,method_localizable_gcc
52809,32b5875c911f80d551d006d7473e6f1f8705857a,gcc/cp,gcc/cp/semantics.cc,method_localizable_gcc
52953,c24982689b8af19da9a64f2283fb99764a1c5db0,gcc/cp,gcc/cp/name-lookup.cc,method_localizable_gcc
53164,36bd6eafb6062f1fb92a994538c6ed017ced670b,gcc/cp,gcc/cp/pt.cc,method_localizable_gcc
53220,3d104d93a7011146b0870ab160613147adb8d9b3,"gcc/c,gcc/cp","gcc/c/c-typeck.cc,gcc/cp/call.cc,gcc/cp/typeck.cc",method_localizable_gcc
56423,4ce8ad684b90606a74f0cccfd9455184046c6c4e,gcc/fortran,gcc/fortran/resolve.cc,method_localizable_gcc
58416,af0d2d95a5f767d92bd64f959679fb4612247b0b,gcc/root,gcc/tree-sra.cc,method_localizable_gcc
58483,6d64cee84be39d688a0221246f24bba8e84a54b0,gcc/root,"gcc/ChangeLog,gcc/tree-ssa-scopedtables.c",method_localizable_gcc
58857,e2f024f586e99fb63dd49e0603f52d1cb765a77e,gcc/fortran,"gcc/fortran/class.cc,gcc/fortran/trans-decl.cc",method_localizable_gcc
59252,272bacf6a9828ad092a370ec0c642a97ead6c353,gcc/fortran,gcc/fortran/trans-expr.cc,method_localizable_gcc
59465,e4e02c07d93559a037608c73e8153549b5104fbb,gcc/cp,gcc/cp/init.cc,method_localizable_gcc
60336,0e65fef8717f404cf9c85bff51bf87d534f87828,gcc/config,gcc/config/i386/i386.cc,method_localizable_gcc
60440,aa55a6a30bc4778938af42dac9b624cf67fa4698,gcc/c,gcc/c/c-typeck.cc,method_localizable_gcc
60512,d9abaa8d58f5729925b1db735d4723a9ea825eaa,"gcc/c-family,gcc/c,gcc/cp,gcc/doc,gcc/objc,gcc/objcp","gcc/c-family/c-common.cc,gcc/c-family/c-common.h,gcc/c-family/c-lex.cc,gcc/c-family/c-ppoutput.cc,gcc/c/c-lang.cc,gcc/c/c-objc-common.cc,gcc/c/c-objc-common.h,gcc/cp/cp-lang.cc,gcc/cp/cp-objcp-common.cc,gcc/cp/cp-objcp-common.h,gcc/doc/cpp.texi,gcc/objc/objc-act.cc,gcc/objc/objc-act.h,gcc/objc/objc-lang.cc,gcc/objcp/objcp-lang.cc",method_localizable_gcc
60560,7d6e5591e6ab1f5a24dcf007b17f81cc19987c47,gcc/fortran,"gcc/fortran/expr.cc,gcc/fortran/resolve.cc",method_localizable_gcc
60779,b30424f43522171e8ffe587e0df0ce3627c88f6c,"gcc/root,gcc/doc","gcc/common.opt,gcc/doc/invoke.texi,gcc/ipa-inline-transform.cc,gcc/ipa-inline.cc,gcc/opts.cc",method_localizable_gcc
63278,c6f9f53d6eb5a2568d231ffa56fbec3e2e4c626d,gcc/root,"gcc/tree-ssa-loop-ivcanon.cc,gcc/tree-ssa-loop-niter.cc",method_localizable_gcc
63311,cb3afcd2a380f2fb6c490f2c1318f76402eab43a,gcc/analyzer,gcc/analyzer/region-model.cc,method_localizable_gcc
64266,964f78b7e75a4dd4c5c68cec0858270fbfc1d37b,gcc/cp,"gcc/cp/ChangeLog,gcc/cp/cp-tree.h,gcc/cp/decl.c,gcc/cp/lambda.c,gcc/cp/pt.c",method_localizable_gcc
66279,877c791d757da7b08b96cd263631ddbb3ed5890e,gcc/root,gcc/gimplify.cc,method_localizable_gcc
67196,70b2e511fe4a55a0c3fc7538c86c8851babd585f,gcc/root,gcc/gimple-predicate-analysis.cc,method_localizable_gcc
67797,45d82eb7b7389a7c668db29bf2d5ec4ed2bc4da0,gcc/root,gcc/tree-tailcall.cc,method_localizable_gcc
68942,0abc77da9d704bba55a376bb5c162a54826ab94a,gcc/cp,"gcc/cp/pt.cc,gcc/cp/semantics.cc",method_localizable_gcc
69471,85627e2a9e9808c49da92b943a3c8e22106bf9aa,"gcc/root,gcc/config,gcc/doc","gcc/ChangeLog,gcc/config/i386/i386.opt,gcc/doc/options.texi,gcc/opts-common.c",method_localizable_gcc
69482,d5acaa088e9da95d3f99c12e2d8c80bc8403f9e5,gcc/root,gcc/cfgexpand.cc,method_localizable_gcc
70308,0235b6d41ace62064d5cd42553028136b49ad947,gcc/config,gcc/config/i386/x86-tune-costs.h,method_localizable_gcc
70359,635aeaa20ffdf6e794f180cc8e053e8dc46db760,gcc/root,"gcc/ChangeLog,gcc/tree-outof-ssa.c",method_localizable_gcc
70413,135bb9e37167ef70501a888bd3db195b11b37ae3,gcc/cp,gcc/cp/decl2.cc,method_localizable_gcc
70417,7a7d8c3f6167fd45658ddbfa32adcfd2acc98eb4,"gcc/c-family,gcc/cp,gcc/doc","gcc/c-family/c.opt,gcc/cp/parser.c,gcc/doc/invoke.texi",method_localizable_gcc
71093,e0659b5417b7f8a090ad2ed4dea830f11ef9c877,gcc/cp,gcc/cp/constexpr.cc,method_localizable_gcc
71598,acf8e57ae2ee28123fc04ce26635963751851824,"gcc/root,gcc/c","gcc/ChangeLog,gcc/c/ChangeLog,gcc/c/c-objc-common.c,gcc/c/c-objc-common.h,gcc/c/c-tree.h,gcc/gimple.c",method_localizable_gcc
71884,2619413a5e032e2f2c3d4a2202ba8bf324cf08ab,gcc/fortran,gcc/fortran/resolve.cc,method_localizable_gcc
76957,f36240f8c835d792f788b6724e272fc0a4a4f26f,gcc/root,gcc/tree-ssa-threadupdate.c,method_localizable_gcc
77608,b12c9ce245204abbd89ac1692b21f16d0ca13583,gcc/root,gcc/tree-object-size.cc,method_localizable_gcc
77872,ef605e106c6075bfe2a5625add7185a9a3f722b1,gcc/fortran,gcc/fortran/trans-expr.cc,method_localizable_gcc
79378,5dbaf4851bbf56b6176dca1f1e7d38a16b5b84ee,gcc/cp,gcc/cp/semantics.cc,method_localizable_gcc
79592,9c7b2b0ba8687f92f7beab2e3615a1107c7063db,gcc/cp,"gcc/cp/ChangeLog,gcc/cp/constexpr.c",method_localizable_gcc
79620,705ab7927c81b77503d229513fac991106617766,gcc/cp,"gcc/cp/cp-tree.h,gcc/cp/semantics.cc",method_localizable_gcc
79958,bff532827515b23335e315141e37475a142c6932,gcc/root,gcc/tree-ssa-dse.cc,method_localizable_gcc
80328,18981635127c6701733dc052aa054e569271b733,"gcc/c-family,gcc/cp,gcc/doc","gcc/c-family/c-common.def,gcc/c-family/c-lex.cc,gcc/c-family/c-opts.cc,gcc/cp/call.cc,gcc/cp/constexpr.cc,gcc/cp/cp-gimplify.cc,gcc/cp/cp-tree.h,gcc/cp/cvt.cc,gcc/cp/parser.cc,gcc/cp/pt.cc,gcc/cp/typeck.cc,gcc/doc/invoke.texi",method_localizable_gcc
80520,72cfde41e5fddeeb3463a358e66d2c033cbfe20b,gcc/root,"gcc/ChangeLog,gcc/gimple-ssa-split-paths.c",method_localizable_gcc
80635,5e7c0927cbd115d488d527c86dfc671b22c378db,gcc/root,gcc/tree-vrp.c,method_localizable_gcc
81277,964f78b7e75a4dd4c5c68cec0858270fbfc1d37b,gcc/cp,"gcc/cp/ChangeLog,gcc/cp/cp-tree.h,gcc/cp/decl.c,gcc/cp/lambda.c,gcc/cp/pt.c",method_localizable_gcc
81376,67aeaded2f8dabe16b4879261c6b6ddda6b53cd2,gcc/root,"gcc/ChangeLog,gcc/match.pd,gcc/real.c,gcc/real.h",method_localizable_gcc
81501,90238c0f172b9ea7189cf295584632217792b55a,gcc/config,"gcc/config/i386/i386-features.cc,gcc/config/i386/i386-passes.def,gcc/config/i386/i386-protos.h,gcc/config/i386/i386.cc,gcc/config/i386/i386.h,gcc/config/i386/i386.md",method_localizable_gcc
81978,504fbafd45a526f4851e7655d78d678d0c9eecbe,gcc/fortran,"gcc/fortran/trans-array.cc,gcc/fortran/trans-expr.cc",method_localizable_gcc
82081,5a56bd472c3a36f7ee1dba45cf89131596625213,gcc/root,"gcc/ChangeLog,gcc/tree-tailcall.c",method_localizable_gcc
82142,924855daa204b4821057313cad44898445824e11,gcc/root,"gcc/gimple-fold.cc,gcc/tree-ssa-ccp.cc",method_localizable_gcc
82205,6aa1cbb140bba220439d839207a23f09222c99df,gcc/fortran,"gcc/fortran/decl.cc,gcc/fortran/primary.cc,gcc/fortran/trans-array.cc,gcc/fortran/trans-io.cc",method_localizable_gcc
82774,908ad66ea64ef84014d3ea9f2f3b62ed3968b9e3,gcc/fortran,"gcc/fortran/interface.cc,gcc/fortran/resolve.cc,gcc/fortran/trans-array.cc,gcc/fortran/trans-expr.cc",method_localizable_gcc
82843,68700cafd15691802325340d9cf9c1e31ff5abe4,gcc/fortran,"gcc/fortran/intrinsic.cc,gcc/fortran/resolve.cc",method_localizable_gcc
83144,5bb1e518b4a5b772665a22cc27245ece5bf82750,gcc/cp,"gcc/cp/constexpr.c,gcc/cp/typeck2.c",method_localizable_gcc
83469,57da36bed1004d2b78057568176b76cb0a50d149,gcc/cp,"gcc/cp/cp-tree.h,gcc/cp/decl.cc,gcc/cp/error.cc,gcc/cp/module.cc,gcc/cp/parser.cc,gcc/cp/pt.cc",method_localizable_gcc
83907,16f7fcadac19dabd04a5abbe6601df52d22e9685,gcc/root,gcc/tree-ssa-strlen.cc,method_localizable_gcc
84009,849878d4fd40ad4ac2bff9a7bfe50176051d7176,gcc/cp,gcc/cp/parser.cc,method_localizable_gcc
84122,ea6ef13d0fc4e020d8c405333153dad9eee1f18d,gcc/fortran,"gcc/fortran/parse.cc,gcc/fortran/simplify.cc",method_localizable_gcc
84868,ab84a8a4b78990942e006e9f060dc2705f2c6d8f,gcc/fortran,"gcc/fortran/simplify.cc,gcc/fortran/trans-expr.cc",method_localizable_gcc
85563,6851e3423c2b5ec6516efa0677745d25c905e079,gcc/root,gcc/tree-vrp.cc,method_localizable_gcc
85750,9c21d7eaf8383749d1a9cd266709ec9ed04e3a00,gcc/fortran,gcc/fortran/resolve.cc,method_localizable_gcc
85781,40bf3f1fd058028988b2625f89efe6bb811a4185,gcc/fortran,"gcc/fortran/ChangeLog,gcc/fortran/trans-expr.c",method_localizable_gcc
85788,39acf3c9dd767626b422843adb8f5be06206af08,"gcc/root,gcc/doc","gcc/Makefile.in,gcc/common.opt,gcc/diagnostic-context-rich-location.cc,gcc/diagnostic-context-rich-location.h,gcc/doc/invoke.texi,gcc/gimple-array-bounds.cc,gcc/gimple-array-bounds.h,gcc/gimple-ssa-warn-access.cc,gcc/gimple-ssa-warn-restrict.cc",method_localizable_gcc
85815,d525c67f13c824db4b0d9f9d8107fd398d1fcdf0,gcc/cp,"gcc/cp/ChangeLog,gcc/cp/parser.c",method_localizable_gcc
85889,80d1e2ec4d394111ebd50d2e8928f7596b7b5c7e,gcc/cp,gcc/cp/lambda.cc,method_localizable_gcc
85942,ea6ef13d0fc4e020d8c405333153dad9eee1f18d,gcc/fortran,"gcc/fortran/parse.cc,gcc/fortran/simplify.cc",method_localizable_gcc
86270,83bc61c9fd6581d0a4c4ee16bdfdaeedcdd6ebcd,gcc/root,gcc/tree-outof-ssa.cc,method_localizable_gcc
86273,18499b9f848707aee42d810e99ac0a4c9788433c,gcc/cp,gcc/cp/parser.cc,method_localizable_gcc
86933,4c743798b1d4530b327dad7c606c610f3811fdbf,gcc/cp,gcc/cp/pt.cc,method_localizable_gcc
86943,1681089aa4625e42a2c0dfc7228bdb1e88f21ca0,gcc/cp,"gcc/cp/ChangeLog,gcc/cp/pt.c",method_localizable_gcc
87185,b13bb5045c5010f38169b9786819a024f64fb59d,gcc/cp,gcc/cp/lambda.cc,method_localizable_gcc
87326,621fe931be1e0220854e4d3c49cf2ce05cf735f7,gcc/fortran,"gcc/fortran/check.cc,gcc/fortran/gfortran.texi,gcc/fortran/intrinsic.cc,gcc/fortran/intrinsic.h,gcc/fortran/intrinsic.texi,gcc/fortran/iresolve.cc,gcc/fortran/simplify.cc,gcc/fortran/trans-decl.cc,gcc/fortran/trans-expr.cc,gcc/fortran/trans-intrinsic.cc",method_localizable_gcc
87378,4661094069c52581fda8e3ae6493131df7d0b1e8,gcc/cp,"gcc/cp/ChangeLog,gcc/cp/typeck.c",method_localizable_gcc
87525,2552fb9d979782d5265e32f5362850e973afe380,gcc/root,"gcc/ChangeLog,gcc/ipa-cp.c",method_localizable_gcc
87556,1be1970f97d05a07851cd826132fcf466827ebe5,gcc/fortran,"gcc/fortran/coarray.cc,gcc/fortran/decl.cc,gcc/fortran/dump-parse-tree.cc,gcc/fortran/frontend-passes.cc,gcc/fortran/gfortran.texi,gcc/fortran/intrinsic.texi,gcc/fortran/iso-fortran-env.def,gcc/fortran/match.cc,gcc/fortran/parse.cc,gcc/fortran/parse.h,gcc/fortran/resolve.cc,gcc/fortran/trans-decl.cc,gcc/fortran/trans-expr.cc,gcc/fortran/trans-intrinsic.cc,gcc/fortran/trans-stmt.cc",method_localizable_gcc
87600,39abbb865c2363ab508bdf5dc24553e448c803b0,gcc/root,"gcc/ChangeLog,gcc/cfgexpand.c,gcc/lra-constraints.c",method_localizable_gcc
87729,556b816b820f6749910784cbaca8bb0bb822a970,gcc/cp,gcc/cp/class.cc,method_localizable_gcc
87765,b1f91819e312d1e92d88a693718d791693cdf26c,gcc/cp,gcc/cp/pt.cc,method_localizable_gcc
87767,18b57c1d4a8777bedfe4ed47166f033e71bc144b,gcc/config,"gcc/config/i386/i386.c,gcc/config/i386/i386.h,gcc/config/i386/sse.md",method_localizable_gcc
87811,e53f77c666d6806c2e8c288ca1affa1497453e57,"gcc/root,gcc/doc","gcc/ChangeLog,gcc/doc/extend.texi,gcc/predict.c",method_localizable_gcc
87901,800b3977031dd4f14d09ced975276e09457dfff7,gcc/root,gcc/tree-ssa-dse.cc,method_localizable_gcc
87939,bd8a48500c1e775ab9cb4a737314cb800444ab4b,gcc/fortran,"gcc/fortran/check.cc,gcc/fortran/dump-parse-tree.cc,gcc/fortran/gfortran.h,gcc/fortran/intrinsic.cc,gcc/fortran/intrinsic.h,gcc/fortran/match.cc,gcc/fortran/resolve.cc,gcc/fortran/trans-decl.cc,gcc/fortran/trans-intrinsic.cc,gcc/fortran/trans-stmt.cc,gcc/fortran/trans-stmt.h,gcc/fortran/trans.cc,gcc/fortran/trans.h",method_localizable_gcc
87946,908ad66ea64ef84014d3ea9f2f3b62ed3968b9e3,gcc/fortran,"gcc/fortran/interface.cc,gcc/fortran/resolve.cc,gcc/fortran/trans-array.cc,gcc/fortran/trans-expr.cc",method_localizable_gcc
87984,32ad5415b926ca25e9102309e92561c1a30aa8ff,gcc/root,"gcc/tree-ssa-dom.cc,gcc/tree-ssa-sccvn.cc",method_localizable_gcc
88154,8f4ee36bd5248cd244f65282167e3a13a3c98bc2,gcc/fortran,"gcc/fortran/check.cc,gcc/fortran/expr.cc,gcc/fortran/gfortran.texi,gcc/fortran/intrinsic.cc,gcc/fortran/intrinsic.h,gcc/fortran/intrinsic.texi,gcc/fortran/iresolve.cc,gcc/fortran/iso-fortran-env.def,gcc/fortran/libgfortran.h,gcc/fortran/simplify.cc,gcc/fortran/trans-decl.cc,gcc/fortran/trans-intrinsic.cc",method_localizable_gcc
88174,a46bca36b7b3a8a7e15b04225fb2b4f9b1bed62c,gcc/cp,gcc/cp/constexpr.cc,method_localizable_gcc
88254,1be1970f97d05a07851cd826132fcf466827ebe5,gcc/fortran,"gcc/fortran/coarray.cc,gcc/fortran/decl.cc,gcc/fortran/dump-parse-tree.cc,gcc/fortran/frontend-passes.cc,gcc/fortran/gfortran.texi,gcc/fortran/intrinsic.texi,gcc/fortran/iso-fortran-env.def,gcc/fortran/match.cc,gcc/fortran/parse.cc,gcc/fortran/parse.h,gcc/fortran/resolve.cc,gcc/fortran/trans-decl.cc,gcc/fortran/trans-expr.cc,gcc/fortran/trans-intrinsic.cc,gcc/fortran/trans-stmt.cc",method_localizable_gcc
88575,4951a90e534010ec954468a7335a264518a50c6a,gcc/root,gcc/vr-values.cc,method_localizable_gcc
88688,caf0892eea67349d9a1e44590c3440768136fe2b,gcc/fortran,"gcc/fortran/decl.cc,gcc/fortran/expr.cc,gcc/fortran/gfortran.h,gcc/fortran/match.cc,gcc/fortran/resolve.cc,gcc/fortran/trans-decl.cc,gcc/fortran/trans-stmt.cc",method_localizable_gcc
88735,454a4d5041f53cd1f7d902f6c0017b7ce95b36df,gcc/fortran,"gcc/fortran/class.cc,gcc/fortran/dump-parse-tree.cc,gcc/fortran/gfortran.h,gcc/fortran/resolve.cc,gcc/fortran/trans-array.cc,gcc/fortran/trans-array.h,gcc/fortran/trans-decl.cc,gcc/fortran/trans-expr.cc,gcc/fortran/trans-io.cc,gcc/fortran/trans-stmt.cc,gcc/fortran/trans.cc,gcc/fortran/trans.h",method_localizable_gcc
88771,39acf3c9dd767626b422843adb8f5be06206af08,"gcc/root,gcc/doc","gcc/Makefile.in,gcc/common.opt,gcc/diagnostic-context-rich-location.cc,gcc/diagnostic-context-rich-location.h,gcc/doc/invoke.texi,gcc/gimple-array-bounds.cc,gcc/gimple-array-bounds.h,gcc/gimple-ssa-warn-access.cc,gcc/gimple-ssa-warn-restrict.cc",method_localizable_gcc
88960,8f4ee36bd5248cd244f65282167e3a13a3c98bc2,gcc/fortran,"gcc/fortran/check.cc,gcc/fortran/expr.cc,gcc/fortran/gfortran.texi,gcc/fortran/intrinsic.cc,gcc/fortran/intrinsic.h,gcc/fortran/intrinsic.texi,gcc/fortran/iresolve.cc,gcc/fortran/iso-fortran-env.def,gcc/fortran/libgfortran.h,gcc/fortran/simplify.cc,gcc/fortran/trans-decl.cc,gcc/fortran/trans-intrinsic.cc",method_localizable_gcc
89231,6e92a6a2a72d3b7a5e1b29042d8a6a43fe1085aa,gcc/cp,gcc/cp/pt.cc,method_localizable_gcc
89317,324e9953400999872a0a57524399d86e6414c149,gcc/root,"gcc/match.pd,gcc/tree-ssa-ccp.cc",method_localizable_gcc
89606,7bb1933c1fcca8cb99132ff5d08b3f3efca4ff07,gcc/root,gcc/tree-ssa-forwprop.cc,method_localizable_gcc
89780,8d22c7cb8b1a6f9b67c54a798dd5504244614e51,"gcc/cp,gcc/root","gcc/cp/pt.cc,gcc/cp/typeck.cc,gcc/diagnostic-spec.cc,gcc/diagnostic-spec.h",method_localizable_gcc
90078,9e14603dfeba1fc1d54f2373de20eea7469ee0c3,gcc/root,"gcc/ChangeLog,gcc/tree-ssa-loop-ivopts.c",method_localizable_gcc
90746,1c26adba4b95f9a79f3aa57637d34cff7982d832,gcc/root,gcc/calls.cc,method_localizable_gcc
91299,80aab83b90d0a1c9e3037a952c138ac2f1ce3f41,gcc/lto,gcc/lto/lto-symtab.cc,method_localizable_gcc
91319,c121afc3b6c96a1f229ba0c4a4de6bd4b6be9a53,gcc/cp,gcc/cp/parser.cc,method_localizable_gcc
91968,80f606b1f3593b1b20d4348b327cb8b69e7d8f99,"gcc/root,gcc/cp","gcc/ChangeLog,gcc/cp/ChangeLog,gcc/cp/decl.c,gcc/dwarf2out.c,gcc/tree-ssa-phiprop.c,gcc/tree-vect-stmts.c,gcc/tree.c",method_localizable_gcc
92038,aea86742ce3963750a6becb4b45d3dd2fa11ecc4,gcc/root,"gcc/ChangeLog,gcc/gimple-ssa-store-merging.c",method_localizable_gcc
92080,d073bb6cfc219d4b6c283a0b527ee88b42e640e0,gcc/config,"gcc/config/i386/i386-expand.cc,gcc/config/i386/i386-features.cc,gcc/config/i386/i386.h",method_localizable_gcc
92120,dbf8bd3c2f2cd2d27ca4f0fe379bd9490273c6d7,"gcc/c,gcc/cp,gcc/root","gcc/c/c-parser.c,gcc/c/c-typeck.c,gcc/cp/cp-tree.h,gcc/cp/parser.c,gcc/cp/pt.c,gcc/cp/semantics.c,gcc/gimplify.c,gcc/omp-low.c,gcc/tree-pretty-print.c",method_localizable_gcc
92969,4c743798b1d4530b327dad7c606c610f3811fdbf,gcc/cp,gcc/cp/pt.cc,method_localizable_gcc
93265,668e607efe52abbe4612fa85454731d26a71a5be,gcc/root,gcc/tree-ssa-forwprop.cc,method_localizable_gcc
93330,79e0dbf1c44fc23d870b8a08ad3562454efea015,gcc/fortran,gcc/fortran/interface.cc,method_localizable_gcc
93437,7d112d6670a0e0e662f8a7e64c33686e475832c8,gcc/root,"gcc/ChangeLog,gcc/builtins.c,gcc/gimple-ssa-warn-restrict.c,gcc/tree-ssa-strlen.c,gcc/tree.c,gcc/tree.h",method_localizable_gcc
93621,26bebf576ddcdcfb596f07e8c2896f17c48516e7,gcc/root,"gcc/ChangeLog,gcc/cgraph.c,gcc/cgraphunit.c,gcc/ipa-inline-transform.c,gcc/ipa-inline.h",method_localizable_gcc
93809,57da36bed1004d2b78057568176b76cb0a50d149,gcc/cp,"gcc/cp/cp-tree.h,gcc/cp/decl.cc,gcc/cp/error.cc,gcc/cp/module.cc,gcc/cp/parser.cc,gcc/cp/pt.cc",method_localizable_gcc
94057,6d85947d23ab6a9b9975b2e0590db9308c5c1b07,gcc/cp,"gcc/cp/ChangeLog,gcc/cp/parser.c",method_localizable_gcc
94109,eb99c92ee882b112f99f09921e55b988061bfbe8,gcc/fortran,"gcc/fortran/class.c,gcc/fortran/gfortran.h,gcc/fortran/symbol.c",method_localizable_gcc
94252,cd68edf894d6b72e5bc37ac205deef9d237ab70b,gcc/cp,"gcc/cp/ChangeLog,gcc/cp/constraint.cc,gcc/cp/cp-gimplify.c,gcc/cp/parser.c,gcc/cp/pt.c,gcc/cp/semantics.c",method_localizable_gcc
94264,3d104d93a7011146b0870ab160613147adb8d9b3,"gcc/c,gcc/cp","gcc/c/c-typeck.cc,gcc/cp/call.cc,gcc/cp/typeck.cc",method_localizable_gcc
94511,ce7a22bd26c39137658e973797a419d27d767c2c,"gcc/root,gcc/cp,gcc/doc","gcc/common.opt,gcc/cp/mangle.cc,gcc/doc/invoke.texi",method_localizable_gcc
94539,5b6551bc6049b34425fb96e8d91eb15b04f87f62,gcc/root,"gcc/ChangeLog,gcc/tree-ssa-alias.c",method_localizable_gcc
94713,98cd4d123aa14598b1f0d54c22663c8200a96d9c,"gcc/analyzer,gcc/doc","gcc/analyzer/analyzer.cc,gcc/analyzer/analyzer.h,gcc/analyzer/analyzer.opt,gcc/analyzer/constraint-manager.cc,gcc/analyzer/constraint-manager.h,gcc/analyzer/diagnostic-manager.cc,gcc/analyzer/diagnostic-manager.h,gcc/analyzer/engine.cc,gcc/analyzer/exploded-graph.h,gcc/analyzer/pending-diagnostic.h,gcc/analyzer/program-state.cc,gcc/analyzer/region-model-impl-calls.cc,gcc/analyzer/region-model-manager.cc,gcc/analyzer/region-model-reachability.cc,gcc/analyzer/region-model.cc,gcc/analyzer/region-model.h,gcc/analyzer/region.cc,gcc/analyzer/region.h,gcc/analyzer/sm-malloc.cc,gcc/analyzer/store.cc,gcc/analyzer/store.h,gcc/analyzer/svalue.cc,gcc/analyzer/svalue.h,gcc/doc/invoke.texi",method_localizable_gcc
94962,8b449dcd84334068c769a2f427812dadb95e61de,gcc/config,"gcc/config/i386/constraints.md,gcc/config/i386/i386.cc,gcc/config/i386/predicates.md,gcc/config/i386/sse.md",method_localizable_gcc
95189,d4ec0a15afb7538247206aa9936071544fd860f8,gcc/root,"gcc/builtins.c,gcc/expr.c,gcc/fold-const.c,gcc/tree.c,gcc/tree.h",method_localizable_gcc
95445,3e89a4d5138e585713604135d4c2601244055e82,"gcc/c-family,gcc/c,gcc/doc","gcc/c-family/c-opts.cc,gcc/c-family/c.opt,gcc/c-family/c.opt.urls,gcc/c/c-decl.cc,gcc/c/c-typeck.cc,gcc/doc/invoke.texi",method_localizable_gcc
95505,e80ee62b26d60c39b986992c6493301c5acffe31,gcc/cp,gcc/cp/coroutines.cc,method_localizable_gcc
95615,88bb77a8dcf75f556b8dcb24b8785b4567d24e4f,gcc/cp,gcc/cp/coroutines.cc,method_localizable_gcc
95801,ce489c870bf28e5e3ffd5fe6730727d1ea942b3f,gcc/root,gcc/range-op.cc,method_localizable_gcc
96174,62714a106493d0f1f22ff98c2dff2204f09cfcc0,gcc/config,gcc/config/i386/avx512fintrin.h,method_localizable_gcc
96862,ace10c37de7c2f9f2d419337dc1f173c01f7ec7d,gcc/cp,gcc/cp/constexpr.c,method_localizable_gcc
96935,a99116a2cab3f1265a79ffe10ad63fe4ee26f10a,gcc/root,gcc/input.c,method_localizable_gcc
97210,8f4ee36bd5248cd244f65282167e3a13a3c98bc2,gcc/fortran,"gcc/fortran/check.cc,gcc/fortran/expr.cc,gcc/fortran/gfortran.texi,gcc/fortran/intrinsic.cc,gcc/fortran/intrinsic.h,gcc/fortran/intrinsic.texi,gcc/fortran/iresolve.cc,gcc/fortran/iso-fortran-env.def,gcc/fortran/libgfortran.h,gcc/fortran/simplify.cc,gcc/fortran/trans-decl.cc,gcc/fortran/trans-intrinsic.cc",method_localizable_gcc
97438,c85bc938ccf75ea45c00e430f715544ff396e5b5,gcc/cp,gcc/cp/coroutines.cc,method_localizable_gcc
98195,f89c7916b971d4535d1ae206222ae0e9ff5175f0,gcc/c,gcc/c/c-typeck.cc,method_localizable_gcc
98454,f644e21ee364405213a8609bbd8371c27fdb69d9,gcc/fortran,gcc/fortran/resolve.cc,method_localizable_gcc
98533,0ba3e5ff14a48f1fb7ca53cb86194e08d5b5da66,gcc/cp,gcc/cp/parser.cc,method_localizable_gcc
98735,48a9567e4100fd6a734089087c139d51b63b7531,"gcc/cp,gcc/root","gcc/cp/cp-gimplify.cc,gcc/cp/module.cc,gcc/tree.cc,gcc/tree.h,gcc/ubsan.cc",method_localizable_gcc
98845,5a855127604e4df40afb25326a449b066c4a3527,gcc/root,gcc/tree-ssa-tail-merge.cc,method_localizable_gcc
98871,03b634c8e0d3e8628ced79fc4f40873e12a3039c,gcc/root,"gcc/builtins.c,gcc/calls.c,gcc/expr.c,gcc/gimple-fold.c,gcc/gimple-ssa-sprintf.c,gcc/gimple-ssa-warn-alloca.c,gcc/gimple-ssa-warn-restrict.c,gcc/trans-mem.c,gcc/tree-ssa-ccp.c,gcc/tree-ssa-strlen.c,gcc/tree-ssa-uninit.c",method_localizable_gcc
98893,a5b54be2a3604454ad94e1b3e5f554bacc81bbdf,gcc/cp,gcc/cp/decl.cc,method_localizable_gcc
98903,52e297a3aa91ade5ee248fb728cf3b2f0ef320e7,gcc/fortran,"gcc/fortran/array.cc,gcc/fortran/coarray.cc,gcc/fortran/expr.cc,gcc/fortran/gfortran.h,gcc/fortran/resolve.cc,gcc/fortran/trans-array.cc,gcc/fortran/trans-intrinsic.cc",method_localizable_gcc
98935,7b5599dbd75fe1ee7d861d4cfc6ea655a126bef3,gcc/cp,gcc/cp/coroutines.cc,method_localizable_gcc
99007,5c85df8968b00acc934396d7461a4a5ac6ddedd1,gcc/root,gcc/gimplify.c,method_localizable_gcc
99456,02f305440f29c68b7368c9af9ae689cce6d26d6d,gcc/cp,gcc/cp/constexpr.c,method_localizable_gcc
99619,3dfdc0d1e1c4e00a77f2afc41d577c1b36cb4702,gcc/root,"gcc/ipa-visibility.cc,gcc/varasm.cc",method_localizable_gcc
99678,4df86402990e2f45e02a367f1734a22ebc041e98,gcc/cp,gcc/cp/parser.cc,method_localizable_gcc
99709,095700c4cc6dece45f45ae7285b6523170f08953,gcc/fortran,"gcc/fortran/trans-array.cc,gcc/fortran/trans-expr.cc",method_localizable_gcc
99739,fc259b522c0f8b7bbca8e7adcd3da63330094a34,gcc/root,"gcc/tree-ssa-dom.cc,gcc/tree-ssa-threadedge.cc,gcc/vr-values.h",method_localizable_gcc
99838,55a920367eb34cb33a3ff22f5487a56baa1f93c6,gcc/fortran,gcc/fortran/data.cc,method_localizable_gcc
