=== START 2026-01-16 22:38:45 ===
Bug ID: 117829
Toolchain: nightly-2023-11-12
Source: /data/zhangtianrong/projects/rustc-cbl/rustcbugs/117829
Run dir: /data/zhangtianrong/projects/rustc-cbl/run/117829
CMD: rustup run nightly-2023-11-12 cargo build
------------------------------------------------------------
   Compiling bug_117829 v0.1.0 (/data/zhangtianrong/projects/rustc-cbl/run/117829)
error[E0567]: auto traits cannot have generic parameters
 --> src/main.rs:1:13
  |
1 | auto trait Z<'a, T: ?Sized>
  |            -^^^^^^^^^^^^^^^ help: remove the parameters
  |            |
  |            auto trait cannot have generic parameters

error[E0568]: auto traits cannot have super traits or lifetime bounds
 --> src/main.rs:2:1
  |
1 |   auto trait Z<'a, T: ?Sized>
  |              - auto traits cannot have super traits or lifetime bounds
2 | / where
3 | |     T: Z<'a, u16>,
4 | |
5 | |     for<'b> <T as Z<'b, u16>>::W: Clone,
  | |________________________________________^ help: remove the super traits or lifetime bounds

error[E0380]: auto traits cannot have associated items
 --> src/main.rs:7:10
  |
1 | auto trait Z<'a, T: ?Sized>
  |            - auto traits cannot have associated items
...
7 |     type W: ?Sized;
  |     -----^--------- help: remove these associated items

error[E0658]: auto traits are experimental and possibly buggy
 --> src/main.rs:1:1
  |
1 | / auto trait Z<'a, T: ?Sized>
2 | | where
3 | |     T: Z<'a, u16>,
4 | |
... |
7 | |     type W: ?Sized;
8 | | }
  | |_^
  |
  = note: see issue #13231 <https://github.com/rust-lang/rust/issues/13231> for more information
  = help: add `#![feature(auto_traits)]` to the crate attributes to enable

error: internal compiler error: compiler/rustc_trait_selection/src/traits/project.rs:1912:21: unexpected builtin trait with associated type: <u16 as Z<'b, u16>>

thread 'rustc' panicked at /rustc/2c1b65ee1431f8d3fe2142e821eb13c623bbf8a0/compiler/rustc_errors/src/lib.rs:1661:9:
Box<dyn Any>
stack backtrace:
   0:     0x751b3e43461c - std::backtrace_rs::backtrace::libunwind::trace::hdb15da5afb86ee7e
                               at /rustc/2c1b65ee1431f8d3fe2142e821eb13c623bbf8a0/library/std/src/../../backtrace/src/backtrace/libunwind.rs:104:5
   1:     0x751b3e43461c - std::backtrace_rs::backtrace::trace_unsynchronized::hdb899b54e42733b4
                               at /rustc/2c1b65ee1431f8d3fe2142e821eb13c623bbf8a0/library/std/src/../../backtrace/src/backtrace/mod.rs:66:5
   2:     0x751b3e43461c - std::sys_common::backtrace::_print_fmt::ha2f12a4c6af928d6
                               at /rustc/2c1b65ee1431f8d3fe2142e821eb13c623bbf8a0/library/std/src/sys_common/backtrace.rs:67:5
   3:     0x751b3e43461c - <std::sys_common::backtrace::_print::DisplayBacktrace as core::fmt::Display>::fmt::h9295f82e516c10b8
                               at /rustc/2c1b65ee1431f8d3fe2142e821eb13c623bbf8a0/library/std/src/sys_common/backtrace.rs:44:22
   4:     0x751b3e487620 - core::fmt::rt::Argument::fmt::h9d7e0ffb38277756
                               at /rustc/2c1b65ee1431f8d3fe2142e821eb13c623bbf8a0/library/core/src/fmt/rt.rs:142:9
   5:     0x751b3e487620 - core::fmt::write::hd171c1400fbce3c6
                               at /rustc/2c1b65ee1431f8d3fe2142e821eb13c623bbf8a0/library/core/src/fmt/mod.rs:1120:17
   6:     0x751b3e4284af - std::io::Write::write_fmt::h171c56184ed2c4b5
                               at /rustc/2c1b65ee1431f8d3fe2142e821eb13c623bbf8a0/library/std/src/io/mod.rs:1762:15
   7:     0x751b3e434404 - std::sys_common::backtrace::_print::hdd596214cd7c5696
                               at /rustc/2c1b65ee1431f8d3fe2142e821eb13c623bbf8a0/library/std/src/sys_common/backtrace.rs:47:5
   8:     0x751b3e434404 - std::sys_common::backtrace::print::h638b0e64603d17ef
                               at /rustc/2c1b65ee1431f8d3fe2142e821eb13c623bbf8a0/library/std/src/sys_common/backtrace.rs:34:9
   9:     0x751b3e437097 - std::panicking::default_hook::{{closure}}::ha1a911c4127c9ef2
  10:     0x751b3e436dff - std::panicking::default_hook::h20b69f3de796b2eb
                               at /rustc/2c1b65ee1431f8d3fe2142e821eb13c623bbf8a0/library/std/src/panicking.rs:292:9
  11:     0x751b3b0f0630 - std[c4bd9fc7ef7c0c3b]::panicking::update_hook::<alloc[15c72585ba825506]::boxed::Box<rustc_driver_impl[d8606f92990f6f5d]::install_ice_hook::{closure#0}>>::{closure#0}
  12:     0x751b3e4377d8 - <alloc::boxed::Box<F,A> as core::ops::function::Fn<Args>>::call::h57f65bd83691d0db
                               at /rustc/2c1b65ee1431f8d3fe2142e821eb13c623bbf8a0/library/alloc/src/boxed.rs:2021:9
  13:     0x751b3e4377d8 - std::panicking::rust_panic_with_hook::h2ece9f186b8589f9
                               at /rustc/2c1b65ee1431f8d3fe2142e821eb13c623bbf8a0/library/std/src/panicking.rs:783:13
  14:     0x751b3b53d694 - std[c4bd9fc7ef7c0c3b]::panicking::begin_panic::<rustc_errors[7b9df7769822e010]::ExplicitBug>::{closure#0}
  15:     0x751b3b5372a6 - std[c4bd9fc7ef7c0c3b]::sys_common::backtrace::__rust_end_short_backtrace::<std[c4bd9fc7ef7c0c3b]::panicking::begin_panic<rustc_errors[7b9df7769822e010]::ExplicitBug>::{closure#0}, !>
  16:     0x751b3b531c46 - std[c4bd9fc7ef7c0c3b]::panicking::begin_panic::<rustc_errors[7b9df7769822e010]::ExplicitBug>
  17:     0x751b3b5172e4 - <rustc_errors[7b9df7769822e010]::HandlerInner>::bug::<alloc[15c72585ba825506]::string::String>
  18:     0x751b3b516fea - <rustc_errors[7b9df7769822e010]::Handler>::bug::<alloc[15c72585ba825506]::string::String>
  19:     0x751b3b5b95bd - rustc_middle[daae97892c643097]::util::bug::opt_span_bug_fmt::<rustc_span[9e0791e3c4c86dbe]::span_encoding::Span>::{closure#0}
  20:     0x751b3b5a046a - rustc_middle[daae97892c643097]::ty::context::tls::with_opt::<rustc_middle[daae97892c643097]::util::bug::opt_span_bug_fmt<rustc_span[9e0791e3c4c86dbe]::span_encoding::Span>::{closure#0}, !>::{closure#0}
  21:     0x751b3b5a02e8 - rustc_middle[daae97892c643097]::ty::context::tls::with_context_opt::<rustc_middle[daae97892c643097]::ty::context::tls::with_opt<rustc_middle[daae97892c643097]::util::bug::opt_span_bug_fmt<rustc_span[9e0791e3c4c86dbe]::span_encoding::Span>::{closure#0}, !>::{closure#0}, !>
  22:     0x751b39517aa0 - rustc_middle[daae97892c643097]::util::bug::bug_fmt
  23:     0x751b3c6866ec - rustc_trait_selection[68d7b642aca99d2e]::traits::project::opt_normalize_projection_type
  24:     0x751b3c6790be - <rustc_trait_selection[68d7b642aca99d2e]::traits::project::AssocTypeNormalizer as rustc_type_ir[ff5b6e07df384692]::fold::TypeFolder<rustc_middle[daae97892c643097]::ty::context::TyCtxt>>::fold_ty
  25:     0x751b3c67731e - <rustc_trait_selection[68d7b642aca99d2e]::traits::project::AssocTypeNormalizer as rustc_type_ir[ff5b6e07df384692]::fold::TypeFolder<rustc_middle[daae97892c643097]::ty::context::TyCtxt>>::fold_predicate
  26:     0x751b3c9fd202 - <rustc_trait_selection[68d7b642aca99d2e]::traits::select::SelectionContext>::vtable_auto_impl::{closure#0}
  27:     0x751b39505d0d - <rustc_trait_selection[68d7b642aca99d2e]::traits::select::SelectionContext>::poly_select
  28:     0x751b3c67a846 - rustc_trait_selection[68d7b642aca99d2e]::traits::project::opt_normalize_projection_type
  29:     0x751b3c6790be - <rustc_trait_selection[68d7b642aca99d2e]::traits::project::AssocTypeNormalizer as rustc_type_ir[ff5b6e07df384692]::fold::TypeFolder<rustc_middle[daae97892c643097]::ty::context::TyCtxt>>::fold_ty
  30:     0x751b3c67731e - <rustc_trait_selection[68d7b642aca99d2e]::traits::project::AssocTypeNormalizer as rustc_type_ir[ff5b6e07df384692]::fold::TypeFolder<rustc_middle[daae97892c643097]::ty::context::TyCtxt>>::fold_predicate
  31:     0x751b3c9fd202 - <rustc_trait_selection[68d7b642aca99d2e]::traits::select::SelectionContext>::vtable_auto_impl::{closure#0}
  32:     0x751b39505d0d - <rustc_trait_selection[68d7b642aca99d2e]::traits::select::SelectionContext>::poly_select
  33:     0x751b3c67a846 - rustc_trait_selection[68d7b642aca99d2e]::traits::project::opt_normalize_projection_type
  34:     0x751b3c6790be - <rustc_trait_selection[68d7b642aca99d2e]::traits::project::AssocTypeNormalizer as rustc_type_ir[ff5b6e07df384692]::fold::TypeFolder<rustc_middle[daae97892c643097]::ty::context::TyCtxt>>::fold_ty
  35:     0x751b3c67731e - <rustc_trait_selection[68d7b642aca99d2e]::traits::project::AssocTypeNormalizer as rustc_type_ir[ff5b6e07df384692]::fold::TypeFolder<rustc_middle[daae97892c643097]::ty::context::TyCtxt>>::fold_predicate
  36:     0x751b3c9fd202 - <rustc_trait_selection[68d7b642aca99d2e]::traits::select::SelectionContext>::vtable_auto_impl::{closure#0}
  37:     0x751b39505d0d - <rustc_trait_selection[68d7b642aca99d2e]::traits::select::SelectionContext>::poly_select
  38:     0x751b3c67a846 - rustc_trait_selection[68d7b642aca99d2e]::traits::project::opt_normalize_projection_type
  39:     0x751b3c6790be - <rustc_trait_selection[68d7b642aca99d2e]::traits::project::AssocTypeNormalizer as rustc_type_ir[ff5b6e07df384692]::fold::TypeFolder<rustc_middle[daae97892c643097]::ty::context::TyCtxt>>::fold_ty
  40:     0x751b3c67731e - <rustc_trait_selection[68d7b642aca99d2e]::traits::project::AssocTypeNormalizer as rustc_type_ir[ff5b6e07df384692]::fold::TypeFolder<rustc_middle[daae97892c643097]::ty::context::TyCtxt>>::fold_predicate
  41:     0x751b3c9fd202 - <rustc_trait_selection[68d7b642aca99d2e]::traits::select::SelectionContext>::vtable_auto_impl::{closure#0}
  42:     0x751b39505d0d - <rustc_trait_selection[68d7b642aca99d2e]::traits::select::SelectionContext>::poly_select
  43:     0x751b3c67a846 - rustc_trait_selection[68d7b642aca99d2e]::traits::project::opt_normalize_projection_type
  44:     0x751b3c6790be - <rustc_trait_selection[68d7b642aca99d2e]::traits::project::AssocTypeNormalizer as rustc_type_ir[ff5b6e07df384692]::fold::TypeFolder<rustc_middle[daae97892c643097]::ty::context::TyCtxt>>::fold_ty
  45:     0x751b3c67731e - <rustc_trait_selection[68d7b642aca99d2e]::traits::project::AssocTypeNormalizer as rustc_type_ir[ff5b6e07df384692]::fold::TypeFolder<rustc_middle[daae97892c643097]::ty::context::TyCtxt>>::fold_predicate
  46:     0x751b3c9fd202 - <rustc_trait_selection[68d7b642aca99d2e]::traits::select::SelectionContext>::vtable_auto_impl::{closure#0}
  47:     0x751b39505d0d - <rustc_trait_selection[68d7b642aca99d2e]::traits::select::SelectionContext>::poly_select
  48:     0x751b3c67a846 - rustc_trait_selection[68d7b642aca99d2e]::traits::project::opt_normalize_projection_type
  49:     0x751b3c6790be - <rustc_trait_selection[68d7b642aca99d2e]::traits::project::AssocTypeNormalizer as rustc_type_ir[ff5b6e07df384692]::fold::TypeFolder<rustc_middle[daae97892c643097]::ty::context::TyCtxt>>::fold_ty
  50:     0x751b3c67731e - <rustc_trait_selection[68d7b642aca99d2e]::traits::project::AssocTypeNormalizer as rustc_type_ir[ff5b6e07df384692]::fold::TypeFolder<rustc_middle[daae97892c643097]::ty::context::TyCtxt>>::fold_predicate
  51:     0x751b3c9fd202 - <rustc_trait_selection[68d7b642aca99d2e]::traits::select::SelectionContext>::vtable_auto_impl::{closure#0}
  52:     0x751b39505d0d - <rustc_trait_selection[68d7b642aca99d2e]::traits::select::SelectionContext>::poly_select
  53:     0x751b3c67a846 - rustc_trait_selection[68d7b642aca99d2e]::traits::project::opt_normalize_projection_type
  54:     0x751b3c6790be - <rustc_trait_selection[68d7b642aca99d2e]::traits::project::AssocTypeNormalizer as rustc_type_ir[ff5b6e07df384692]::fold::TypeFolder<rustc_middle[daae97892c643097]::ty::context::TyCtxt>>::fold_ty
  55:     0x751b3c67731e - <rustc_trait_selection[68d7b642aca99d2e]::traits::project::AssocTypeNormalizer as rustc_type_ir[ff5b6e07df384692]::fold::TypeFolder<rustc_middle[daae97892c643097]::ty::context::TyCtxt>>::fold_predicate
  56:     0x751b3c9fd202 - <rustc_trait_selection[68d7b642aca99d2e]::traits::select::SelectionContext>::vtable_auto_impl::{closure#0}
  57:     0x751b39505d0d - <rustc_trait_selection[68d7b642aca99d2e]::traits::select::SelectionContext>::poly_select
  58:     0x751b3c67a846 - rustc_trait_selection[68d7b642aca99d2e]::traits::project::opt_normalize_projection_type
  59:     0x751b3c6790be - <rustc_trait_selection[68d7b642aca99d2e]::traits::project::AssocTypeNormalizer as rustc_type_ir[ff5b6e07df384692]::fold::TypeFolder<rustc_middle[daae97892c643097]::ty::context::TyCtxt>>::fold_ty
  60:     0x751b3c67731e - <rustc_trait_selection[68d7b642aca99d2e]::traits::project::AssocTypeNormalizer as rustc_type_ir[ff5b6e07df384692]::fold::TypeFolder<rustc_middle[daae97892c643097]::ty::context::TyCtxt>>::fold_predicate
  61:     0x751b3c9fd202 - <rustc_trait_selection[68d7b642aca99d2e]::traits::select::SelectionContext>::vtable_auto_impl::{closure#0}
  62:     0x751b39505d0d - <rustc_trait_selection[68d7b642aca99d2e]::traits::select::SelectionContext>::poly_select
  63:     0x751b3c67a846 - rustc_trait_selection[68d7b642aca99d2e]::traits::project::opt_normalize_projection_type
  64:     0x751b3c6790be - <rustc_trait_selection[68d7b642aca99d2e]::traits::project::AssocTypeNormalizer as rustc_type_ir[ff5b6e07df384692]::fold::TypeFolder<rustc_middle[daae97892c643097]::ty::context::TyCtxt>>::fold_ty
  65:     0x751b3c67731e - <rustc_trait_selection[68d7b642aca99d2e]::traits::project::AssocTypeNormalizer as rustc_type_ir[ff5b6e07df384692]::fold::TypeFolder<rustc_middle[daae97892c643097]::ty::context::TyCtxt>>::fold_predicate
  66:     0x751b3c9fd202 - <rustc_trait_selection[68d7b642aca99d2e]::traits::select::SelectionContext>::vtable_auto_impl::{closure#0}
  67:     0x751b39505d0d - <rustc_trait_selection[68d7b642aca99d2e]::traits::select::SelectionContext>::poly_select
  68:     0x751b3c67a846 - rustc_trait_selection[68d7b642aca99d2e]::traits::project::opt_normalize_projection_type
  69:     0x751b3c6790be - <rustc_trait_selection[68d7b642aca99d2e]::traits::project::AssocTypeNormalizer as rustc_type_ir[ff5b6e07df384692]::fold::TypeFolder<rustc_middle[daae97892c643097]::ty::context::TyCtxt>>::fold_ty
  70:     0x751b3c67731e - <rustc_trait_selection[68d7b642aca99d2e]::traits::project::AssocTypeNormalizer as rustc_type_ir[ff5b6e07df384692]::fold::TypeFolder<rustc_middle[daae97892c643097]::ty::context::TyCtxt>>::fold_predicate
  71:     0x751b3c9fd202 - <rustc_trait_selection[68d7b642aca99d2e]::traits::select::SelectionContext>::vtable_auto_impl::{closure#0}
  72:     0x751b39505d0d - <rustc_trait_selection[68d7b642aca99d2e]::traits::select::SelectionContext>::poly_select
  73:     0x751b3c67a846 - rustc_trait_selection[68d7b642aca99d2e]::traits::project::opt_normalize_projection_type
  74:     0x751b3c6790be - <rustc_trait_selection[68d7b642aca99d2e]::traits::project::AssocTypeNormalizer as rustc_type_ir[ff5b6e07df384692]::fold::TypeFolder<rustc_middle[daae97892c643097]::ty::context::TyCtxt>>::fold_ty
  75:     0x751b3c67731e - <rustc_trait_selection[68d7b642aca99d2e]::traits::project::AssocTypeNormalizer as rustc_type_ir[ff5b6e07df384692]::fold::TypeFolder<rustc_middle[daae97892c643097]::ty::context::TyCtxt>>::fold_predicate
  76:     0x751b3c9fd202 - <rustc_trait_selection[68d7b642aca99d2e]::traits::select::SelectionContext>::vtable_auto_impl::{closure#0}
  77:     0x751b39505d0d - <rustc_trait_selection[68d7b642aca99d2e]::traits::select::SelectionContext>::poly_select
  78:     0x751b3c67a846 - rustc_trait_selection[68d7b642aca99d2e]::traits::project::opt_normalize_projection_type
  79:     0x751b3c6790be - <rustc_trait_selection[68d7b642aca99d2e]::traits::project::AssocTypeNormalizer as rustc_type_ir[ff5b6e07df384692]::fold::TypeFolder<rustc_middle[daae97892c643097]::ty::context::TyCtxt>>::fold_ty
  80:     0x751b3c67731e - <rustc_trait_selection[68d7b642aca99d2e]::traits::project::AssocTypeNormalizer as rustc_type_ir[ff5b6e07df384692]::fold::TypeFolder<rustc_middle[daae97892c643097]::ty::context::TyCtxt>>::fold_predicate
  81:     0x751b3c9fd202 - <rustc_trait_selection[68d7b642aca99d2e]::traits::select::SelectionContext>::vtable_auto_impl::{closure#0}
  82:     0x751b39505d0d - <rustc_trait_selection[68d7b642aca99d2e]::traits::select::SelectionContext>::poly_select
  83:     0x751b3c67a846 - rustc_trait_selection[68d7b642aca99d2e]::traits::project::opt_normalize_projection_type
  84:     0x751b3c6790be - <rustc_trait_selection[68d7b642aca99d2e]::traits::project::AssocTypeNormalizer as rustc_type_ir[ff5b6e07df384692]::fold::TypeFolder<rustc_middle[daae97892c643097]::ty::context::TyCtxt>>::fold_ty
  85:     0x751b3c67731e - <rustc_trait_selection[68d7b642aca99d2e]::traits::project::AssocTypeNormalizer as rustc_type_ir[ff5b6e07df384692]::fold::TypeFolder<rustc_middle[daae97892c643097]::ty::context::TyCtxt>>::fold_predicate
  86:     0x751b3c9fd202 - <rustc_trait_selection[68d7b642aca99d2e]::traits::select::SelectionContext>::vtable_auto_impl::{closure#0}
  87:     0x751b39505d0d - <rustc_trait_selection[68d7b642aca99d2e]::traits::select::SelectionContext>::poly_select
  88:     0x751b3c67a846 - rustc_trait_selection[68d7b642aca99d2e]::traits::project::opt_normalize_projection_type
  89:     0x751b3c6790be - <rustc_trait_selection[68d7b642aca99d2e]::traits::project::AssocTypeNormalizer as rustc_type_ir[ff5b6e07df384692]::fold::TypeFolder<rustc_middle[daae97892c643097]::ty::context::TyCtxt>>::fold_ty
  90:     0x751b3c67731e - <rustc_trait_selection[68d7b642aca99d2e]::traits::project::AssocTypeNormalizer as rustc_type_ir[ff5b6e07df384692]::fold::TypeFolder<rustc_middle[daae97892c643097]::ty::context::TyCtxt>>::fold_predicate
  91:     0x751b3c9fd202 - <rustc_trait_selection[68d7b642aca99d2e]::traits::select::SelectionContext>::vtable_auto_impl::{closure#0}
  92:     0x751b39505d0d - <rustc_trait_selection[68d7b642aca99d2e]::traits::select::SelectionContext>::poly_select
  93:     0x751b3c67a846 - rustc_trait_selection[68d7b642aca99d2e]::traits::project::opt_normalize_projection_type
  94:     0x751b3c6790be - <rustc_trait_selection[68d7b642aca99d2e]::traits::project::AssocTypeNormalizer as rustc_type_ir[ff5b6e07df384692]::fold::TypeFolder<rustc_middle[daae97892c643097]::ty::context::TyCtxt>>::fold_ty
  95:     0x751b3c67731e - <rustc_trait_selection[68d7b642aca99d2e]::traits::project::AssocTypeNormalizer as rustc_type_ir[ff5b6e07df384692]::fold::TypeFolder<rustc_middle[daae97892c643097]::ty::context::TyCtxt>>::fold_predicate
  96:     0x751b3c9fd202 - <rustc_trait_selection[68d7b642aca99d2e]::traits::select::SelectionContext>::vtable_auto_impl::{closure#0}
  97:     0x751b39505d0d - <rustc_trait_selection[68d7b642aca99d2e]::traits::select::SelectionContext>::poly_select
  98:     0x751b3c67a846 - rustc_trait_selection[68d7b642aca99d2e]::traits::project::opt_normalize_projection_type
  99:     0x751b3c6790be - <rustc_trait_selection[68d7b642aca99d2e]::traits::project::AssocTypeNormalizer as rustc_type_ir[ff5b6e07df384692]::fold::TypeFolder<rustc_middle[daae97892c643097]::ty::context::TyCtxt>>::fold_ty
 100:     0x751b3c67731e - <rustc_trait_selection[68d7b642aca99d2e]::traits::project::AssocTypeNormalizer as rustc_type_ir[ff5b6e07df384692]::fold::TypeFolder<rustc_middle[daae97892c643097]::ty::context::TyCtxt>>::fold_predicate
 101:     0x751b3c9fd202 - <rustc_trait_selection[68d7b642aca99d2e]::traits::select::SelectionContext>::vtable_auto_impl::{closure#0}
 102:     0x751b39505d0d - <rustc_trait_selection[68d7b642aca99d2e]::traits::select::SelectionContext>::poly_select
 103:     0x751b3c67a846 - rustc_trait_selection[68d7b642aca99d2e]::traits::project::opt_normalize_projection_type
 104:     0x751b3c6790be - <rustc_trait_selection[68d7b642aca99d2e]::traits::project::AssocTypeNormalizer as rustc_type_ir[ff5b6e07df384692]::fold::TypeFolder<rustc_middle[daae97892c643097]::ty::context::TyCtxt>>::fold_ty
 105:     0x751b3c67731e - <rustc_trait_selection[68d7b642aca99d2e]::traits::project::AssocTypeNormalizer as rustc_type_ir[ff5b6e07df384692]::fold::TypeFolder<rustc_middle[daae97892c643097]::ty::context::TyCtxt>>::fold_predicate
 106:     0x751b3c9fd202 - <rustc_trait_selection[68d7b642aca99d2e]::traits::select::SelectionContext>::vtable_auto_impl::{closure#0}
 107:     0x751b39505d0d - <rustc_trait_selection[68d7b642aca99d2e]::traits::select::SelectionContext>::poly_select
 108:     0x751b3c67a846 - rustc_trait_selection[68d7b642aca99d2e]::traits::project::opt_normalize_projection_type
 109:     0x751b3c6790be - <rustc_trait_selection[68d7b642aca99d2e]::traits::project::AssocTypeNormalizer as rustc_type_ir[ff5b6e07df384692]::fold::TypeFolder<rustc_middle[daae97892c643097]::ty::context::TyCtxt>>::fold_ty
 110:     0x751b3c67731e - <rustc_trait_selection[68d7b642aca99d2e]::traits::project::AssocTypeNormalizer as rustc_type_ir[ff5b6e07df384692]::fold::TypeFolder<rustc_middle[daae97892c643097]::ty::context::TyCtxt>>::fold_predicate
 111:     0x751b3c9fd202 - <rustc_trait_selection[68d7b642aca99d2e]::traits::select::SelectionContext>::vtable_auto_impl::{closure#0}
 112:     0x751b39505d0d - <rustc_trait_selection[68d7b642aca99d2e]::traits::select::SelectionContext>::poly_select
 113:     0x751b3c67a846 - rustc_trait_selection[68d7b642aca99d2e]::traits::project::opt_normalize_projection_type
 114:     0x751b3c6790be - <rustc_trait_selection[68d7b642aca99d2e]::traits::project::AssocTypeNormalizer as rustc_type_ir[ff5b6e07df384692]::fold::TypeFolder<rustc_middle[daae97892c643097]::ty::context::TyCtxt>>::fold_ty
 115:     0x751b3c67731e - <rustc_trait_selection[68d7b642aca99d2e]::traits::project::AssocTypeNormalizer as rustc_type_ir[ff5b6e07df384692]::fold::TypeFolder<rustc_middle[daae97892c643097]::ty::context::TyCtxt>>::fold_predicate
 116:     0x751b3c9fd202 - <rustc_trait_selection[68d7b642aca99d2e]::traits::select::SelectionContext>::vtable_auto_impl::{closure#0}
 117:     0x751b39505d0d - <rustc_trait_selection[68d7b642aca99d2e]::traits::select::SelectionContext>::poly_select
 118:     0x751b3c67a846 - rustc_trait_selection[68d7b642aca99d2e]::traits::project::opt_normalize_projection_type
 119:     0x751b3c6790be - <rustc_trait_selection[68d7b642aca99d2e]::traits::project::AssocTypeNormalizer as rustc_type_ir[ff5b6e07df384692]::fold::TypeFolder<rustc_middle[daae97892c643097]::ty::context::TyCtxt>>::fold_ty
 120:     0x751b3c67731e - <rustc_trait_selection[68d7b642aca99d2e]::traits::project::AssocTypeNormalizer as rustc_type_ir[ff5b6e07df384692]::fold::TypeFolder<rustc_middle[daae97892c643097]::ty::context::TyCtxt>>::fold_predicate
 121:     0x751b3c9fd202 - <rustc_trait_selection[68d7b642aca99d2e]::traits::select::SelectionContext>::vtable_auto_impl::{closure#0}
 122:     0x751b39505d0d - <rustc_trait_selection[68d7b642aca99d2e]::traits::select::SelectionContext>::poly_select
 123:     0x751b3c67a846 - rustc_trait_selection[68d7b642aca99d2e]::traits::project::opt_normalize_projection_type
 124:     0x751b3c6790be - <rustc_trait_selection[68d7b642aca99d2e]::traits::project::AssocTypeNormalizer as rustc_type_ir[ff5b6e07df384692]::fold::TypeFolder<rustc_middle[daae97892c643097]::ty::context::TyCtxt>>::fold_ty
 125:     0x751b3c67731e - <rustc_trait_selection[68d7b642aca99d2e]::traits::project::AssocTypeNormalizer as rustc_type_ir[ff5b6e07df384692]::fold::TypeFolder<rustc_middle[daae97892c643097]::ty::context::TyCtxt>>::fold_predicate
 126:     0x751b3c9fd202 - <rustc_trait_selection[68d7b642aca99d2e]::traits::select::SelectionContext>::vtable_auto_impl::{closure#0}
 127:     0x751b39505d0d - <rustc_trait_selection[68d7b642aca99d2e]::traits::select::SelectionContext>::poly_select
 128:     0x751b3c67a846 - rustc_trait_selection[68d7b642aca99d2e]::traits::project::opt_normalize_projection_type
 129:     0x751b3c6790be - <rustc_trait_selection[68d7b642aca99d2e]::traits::project::AssocTypeNormalizer as rustc_type_ir[ff5b6e07df384692]::fold::TypeFolder<rustc_middle[daae97892c643097]::ty::context::TyCtxt>>::fold_ty
 130:     0x751b3c67731e - <rustc_trait_selection[68d7b642aca99d2e]::traits::project::AssocTypeNormalizer as rustc_type_ir[ff5b6e07df384692]::fold::TypeFolder<rustc_middle[daae97892c643097]::ty::context::TyCtxt>>::fold_predicate
 131:     0x751b3c9fd202 - <rustc_trait_selection[68d7b642aca99d2e]::traits::select::SelectionContext>::vtable_auto_impl::{closure#0}
 132:     0x751b39505d0d - <rustc_trait_selection[68d7b642aca99d2e]::traits::select::SelectionContext>::poly_select
 133:     0x751b3c67a846 - rustc_trait_selection[68d7b642aca99d2e]::traits::project::opt_normalize_projection_type
 134:     0x751b3c6790be - <rustc_trait_selection[68d7b642aca99d2e]::traits::project::AssocTypeNormalizer as rustc_type_ir[ff5b6e07df384692]::fold::TypeFolder<rustc_middle[daae97892c643097]::ty::context::TyCtxt>>::fold_ty
 135:     0x751b3c67731e - <rustc_trait_selection[68d7b642aca99d2e]::traits::project::AssocTypeNormalizer as rustc_type_ir[ff5b6e07df384692]::fold::TypeFolder<rustc_middle[daae97892c643097]::ty::context::TyCtxt>>::fold_predicate
 136:     0x751b3c9fd202 - <rustc_trait_selection[68d7b642aca99d2e]::traits::select::SelectionContext>::vtable_auto_impl::{closure#0}
 137:     0x751b39505d0d - <rustc_trait_selection[68d7b642aca99d2e]::traits::select::SelectionContext>::poly_select
 138:     0x751b3c67a846 - rustc_trait_selection[68d7b642aca99d2e]::traits::project::opt_normalize_projection_type
 139:     0x751b3c6790be - <rustc_trait_selection[68d7b642aca99d2e]::traits::project::AssocTypeNormalizer as rustc_type_ir[ff5b6e07df384692]::fold::TypeFolder<rustc_middle[daae97892c643097]::ty::context::TyCtxt>>::fold_ty
 140:     0x751b3c67731e - <rustc_trait_selection[68d7b642aca99d2e]::traits::project::AssocTypeNormalizer as rustc_type_ir[ff5b6e07df384692]::fold::TypeFolder<rustc_middle[daae97892c643097]::ty::context::TyCtxt>>::fold_predicate
 141:     0x751b3c9fd202 - <rustc_trait_selection[68d7b642aca99d2e]::traits::select::SelectionContext>::vtable_auto_impl::{closure#0}
 142:     0x751b39505d0d - <rustc_trait_selection[68d7b642aca99d2e]::traits::select::SelectionContext>::poly_select
 143:     0x751b3c67a846 - rustc_trait_selection[68d7b642aca99d2e]::traits::project::opt_normalize_projection_type
 144:     0x751b3c6790be - <rustc_trait_selection[68d7b642aca99d2e]::traits::project::AssocTypeNormalizer as rustc_type_ir[ff5b6e07df384692]::fold::TypeFolder<rustc_middle[daae97892c643097]::ty::context::TyCtxt>>::fold_ty
 145:     0x751b3c67731e - <rustc_trait_selection[68d7b642aca99d2e]::traits::project::AssocTypeNormalizer as rustc_type_ir[ff5b6e07df384692]::fold::TypeFolder<rustc_middle[daae97892c643097]::ty::context::TyCtxt>>::fold_predicate
 146:     0x751b3c9fd202 - <rustc_trait_selection[68d7b642aca99d2e]::traits::select::SelectionContext>::vtable_auto_impl::{closure#0}
 147:     0x751b39505d0d - <rustc_trait_selection[68d7b642aca99d2e]::traits::select::SelectionContext>::poly_select
 148:     0x751b3c67a846 - rustc_trait_selection[68d7b642aca99d2e]::traits::project::opt_normalize_projection_type
 149:     0x751b3c6790be - <rustc_trait_selection[68d7b642aca99d2e]::traits::project::AssocTypeNormalizer as rustc_type_ir[ff5b6e07df384692]::fold::TypeFolder<rustc_middle[daae97892c643097]::ty::context::TyCtxt>>::fold_ty
 150:     0x751b3c67731e - <rustc_trait_selection[68d7b642aca99d2e]::traits::project::AssocTypeNormalizer as rustc_type_ir[ff5b6e07df384692]::fold::TypeFolder<rustc_middle[daae97892c643097]::ty::context::TyCtxt>>::fold_predicate
 151:     0x751b3c9fd202 - <rustc_trait_selection[68d7b642aca99d2e]::traits::select::SelectionContext>::vtable_auto_impl::{closure#0}
 152:     0x751b39505d0d - <rustc_trait_selection[68d7b642aca99d2e]::traits::select::SelectionContext>::poly_select
 153:     0x751b3c67a846 - rustc_trait_selection[68d7b642aca99d2e]::traits::project::opt_normalize_projection_type
 154:     0x751b3c6790be - <rustc_trait_selection[68d7b642aca99d2e]::traits::project::AssocTypeNormalizer as rustc_type_ir[ff5b6e07df384692]::fold::TypeFolder<rustc_middle[daae97892c643097]::ty::context::TyCtxt>>::fold_ty
 155:     0x751b3c67731e - <rustc_trait_selection[68d7b642aca99d2e]::traits::project::AssocTypeNormalizer as rustc_type_ir[ff5b6e07df384692]::fold::TypeFolder<rustc_middle[daae97892c643097]::ty::context::TyCtxt>>::fold_predicate
 156:     0x751b3c9fd202 - <rustc_trait_selection[68d7b642aca99d2e]::traits::select::SelectionContext>::vtable_auto_impl::{closure#0}
 157:     0x751b39505d0d - <rustc_trait_selection[68d7b642aca99d2e]::traits::select::SelectionContext>::poly_select
 158:     0x751b3c67a846 - rustc_trait_selection[68d7b642aca99d2e]::traits::project::opt_normalize_projection_type
 159:     0x751b3c6790be - <rustc_trait_selection[68d7b642aca99d2e]::traits::project::AssocTypeNormalizer as rustc_type_ir[ff5b6e07df384692]::fold::TypeFolder<rustc_middle[daae97892c643097]::ty::context::TyCtxt>>::fold_ty
 160:     0x751b3c67731e - <rustc_trait_selection[68d7b642aca99d2e]::traits::project::AssocTypeNormalizer as rustc_type_ir[ff5b6e07df384692]::fold::TypeFolder<rustc_middle[daae97892c643097]::ty::context::TyCtxt>>::fold_predicate
 161:     0x751b3c9fd202 - <rustc_trait_selection[68d7b642aca99d2e]::traits::select::SelectionContext>::vtable_auto_impl::{closure#0}
 162:     0x751b39505d0d - <rustc_trait_selection[68d7b642aca99d2e]::traits::select::SelectionContext>::poly_select
 163:     0x751b3c67a846 - rustc_trait_selection[68d7b642aca99d2e]::traits::project::opt_normalize_projection_type
 164:     0x751b3c6790be - <rustc_trait_selection[68d7b642aca99d2e]::traits::project::AssocTypeNormalizer as rustc_type_ir[ff5b6e07df384692]::fold::TypeFolder<rustc_middle[daae97892c643097]::ty::context::TyCtxt>>::fold_ty
 165:     0x751b3c67731e - <rustc_trait_selection[68d7b642aca99d2e]::traits::project::AssocTypeNormalizer as rustc_type_ir[ff5b6e07df384692]::fold::TypeFolder<rustc_middle[daae97892c643097]::ty::context::TyCtxt>>::fold_predicate
 166:     0x751b3c9fd202 - <rustc_trait_selection[68d7b642aca99d2e]::traits::select::SelectionContext>::vtable_auto_impl::{closure#0}
 167:     0x751b39505d0d - <rustc_trait_selection[68d7b642aca99d2e]::traits::select::SelectionContext>::poly_select
 168:     0x751b3c67a846 - rustc_trait_selection[68d7b642aca99d2e]::traits::project::opt_normalize_projection_type
 169:     0x751b3c6790be - <rustc_trait_selection[68d7b642aca99d2e]::traits::project::AssocTypeNormalizer as rustc_type_ir[ff5b6e07df384692]::fold::TypeFolder<rustc_middle[daae97892c643097]::ty::context::TyCtxt>>::fold_ty
 170:     0x751b3c67731e - <rustc_trait_selection[68d7b642aca99d2e]::traits::project::AssocTypeNormalizer as rustc_type_ir[ff5b6e07df384692]::fold::TypeFolder<rustc_middle[daae97892c643097]::ty::context::TyCtxt>>::fold_predicate
 171:     0x751b3c9fd202 - <rustc_trait_selection[68d7b642aca99d2e]::traits::select::SelectionContext>::vtable_auto_impl::{closure#0}
 172:     0x751b39505d0d - <rustc_trait_selection[68d7b642aca99d2e]::traits::select::SelectionContext>::poly_select
 173:     0x751b3c67a846 - rustc_trait_selection[68d7b642aca99d2e]::traits::project::opt_normalize_projection_type
 174:     0x751b3c6790be - <rustc_trait_selection[68d7b642aca99d2e]::traits::project::AssocTypeNormalizer as rustc_type_ir[ff5b6e07df384692]::fold::TypeFolder<rustc_middle[daae97892c643097]::ty::context::TyCtxt>>::fold_ty
 175:     0x751b3c67731e - <rustc_trait_selection[68d7b642aca99d2e]::traits::project::AssocTypeNormalizer as rustc_type_ir[ff5b6e07df384692]::fold::TypeFolder<rustc_middle[daae97892c643097]::ty::context::TyCtxt>>::fold_predicate
 176:     0x751b3c9fd202 - <rustc_trait_selection[68d7b642aca99d2e]::traits::select::SelectionContext>::vtable_auto_impl::{closure#0}
 177:     0x751b39505d0d - <rustc_trait_selection[68d7b642aca99d2e]::traits::select::SelectionContext>::poly_select
 178:     0x751b3c67a846 - rustc_trait_selection[68d7b642aca99d2e]::traits::project::opt_normalize_projection_type
 179:     0x751b3c6790be - <rustc_trait_selection[68d7b642aca99d2e]::traits::project::AssocTypeNormalizer as rustc_type_ir[ff5b6e07df384692]::fold::TypeFolder<rustc_middle[daae97892c643097]::ty::context::TyCtxt>>::fold_ty
 180:     0x751b3c67731e - <rustc_trait_selection[68d7b642aca99d2e]::traits::project::AssocTypeNormalizer as rustc_type_ir[ff5b6e07df384692]::fold::TypeFolder<rustc_middle[daae97892c643097]::ty::context::TyCtxt>>::fold_predicate
 181:     0x751b3c9fd202 - <rustc_trait_selection[68d7b642aca99d2e]::traits::select::SelectionContext>::vtable_auto_impl::{closure#0}
 182:     0x751b39505d0d - <rustc_trait_selection[68d7b642aca99d2e]::traits::select::SelectionContext>::poly_select
 183:     0x751b3c67a846 - rustc_trait_selection[68d7b642aca99d2e]::traits::project::opt_normalize_projection_type
 184:     0x751b3c6790be - <rustc_trait_selection[68d7b642aca99d2e]::traits::project::AssocTypeNormalizer as rustc_type_ir[ff5b6e07df384692]::fold::TypeFolder<rustc_middle[daae97892c643097]::ty::context::TyCtxt>>::fold_ty
 185:     0x751b3c67731e - <rustc_trait_selection[68d7b642aca99d2e]::traits::project::AssocTypeNormalizer as rustc_type_ir[ff5b6e07df384692]::fold::TypeFolder<rustc_middle[daae97892c643097]::ty::context::TyCtxt>>::fold_predicate
 186:     0x751b3c9fd202 - <rustc_trait_selection[68d7b642aca99d2e]::traits::select::SelectionContext>::vtable_auto_impl::{closure#0}
 187:     0x751b39505d0d - <rustc_trait_selection[68d7b642aca99d2e]::traits::select::SelectionContext>::poly_select
 188:     0x751b3c67a846 - rustc_trait_selection[68d7b642aca99d2e]::traits::project::opt_normalize_projection_type
 189:     0x751b3c6790be - <rustc_trait_selection[68d7b642aca99d2e]::traits::project::AssocTypeNormalizer as rustc_type_ir[ff5b6e07df384692]::fold::TypeFolder<rustc_middle[daae97892c643097]::ty::context::TyCtxt>>::fold_ty
 190:     0x751b3c67731e - <rustc_trait_selection[68d7b642aca99d2e]::traits::project::AssocTypeNormalizer as rustc_type_ir[ff5b6e07df384692]::fold::TypeFolder<rustc_middle[daae97892c643097]::ty::context::TyCtxt>>::fold_predicate
 191:     0x751b3c9fd202 - <rustc_trait_selection[68d7b642aca99d2e]::traits::select::SelectionContext>::vtable_auto_impl::{closure#0}
 192:     0x751b39505d0d - <rustc_trait_selection[68d7b642aca99d2e]::traits::select::SelectionContext>::poly_select
 193:     0x751b3c67a846 - rustc_trait_selection[68d7b642aca99d2e]::traits::project::opt_normalize_projection_type
 194:     0x751b3c6790be - <rustc_trait_selection[68d7b642aca99d2e]::traits::project::AssocTypeNormalizer as rustc_type_ir[ff5b6e07df384692]::fold::TypeFolder<rustc_middle[daae97892c643097]::ty::context::TyCtxt>>::fold_ty
 195:     0x751b3c67731e - <rustc_trait_selection[68d7b642aca99d2e]::traits::project::AssocTypeNormalizer as rustc_type_ir[ff5b6e07df384692]::fold::TypeFolder<rustc_middle[daae97892c643097]::ty::context::TyCtxt>>::fold_predicate
 196:     0x751b3c9fd202 - <rustc_trait_selection[68d7b642aca99d2e]::traits::select::SelectionContext>::vtable_auto_impl::{closure#0}
 197:     0x751b39505d0d - <rustc_trait_selection[68d7b642aca99d2e]::traits::select::SelectionContext>::poly_select
 198:     0x751b3c67a846 - rustc_trait_selection[68d7b642aca99d2e]::traits::project::opt_normalize_projection_type
 199:     0x751b3c6790be - <rustc_trait_selection[68d7b642aca99d2e]::traits::project::AssocTypeNormalizer as rustc_type_ir[ff5b6e07df384692]::fold::TypeFolder<rustc_middle[daae97892c643097]::ty::context::TyCtxt>>::fold_ty
 200:     0x751b3c67731e - <rustc_trait_selection[68d7b642aca99d2e]::traits::project::AssocTypeNormalizer as rustc_type_ir[ff5b6e07df384692]::fold::TypeFolder<rustc_middle[daae97892c643097]::ty::context::TyCtxt>>::fold_predicate
 201:     0x751b3c9fd202 - <rustc_trait_selection[68d7b642aca99d2e]::traits::select::SelectionContext>::vtable_auto_impl::{closure#0}
 202:     0x751b39505d0d - <rustc_trait_selection[68d7b642aca99d2e]::traits::select::SelectionContext>::poly_select
 203:     0x751b3c67a846 - rustc_trait_selection[68d7b642aca99d2e]::traits::project::opt_normalize_projection_type
 204:     0x751b3c6790be - <rustc_trait_selection[68d7b642aca99d2e]::traits::project::AssocTypeNormalizer as rustc_type_ir[ff5b6e07df384692]::fold::TypeFolder<rustc_middle[daae97892c643097]::ty::context::TyCtxt>>::fold_ty
 205:     0x751b3c67731e - <rustc_trait_selection[68d7b642aca99d2e]::traits::project::AssocTypeNormalizer as rustc_type_ir[ff5b6e07df384692]::fold::TypeFolder<rustc_middle[daae97892c643097]::ty::context::TyCtxt>>::fold_predicate
 206:     0x751b3c9fd202 - <rustc_trait_selection[68d7b642aca99d2e]::traits::select::SelectionContext>::vtable_auto_impl::{closure#0}
 207:     0x751b39505d0d - <rustc_trait_selection[68d7b642aca99d2e]::traits::select::SelectionContext>::poly_select
 208:     0x751b3c67a846 - rustc_trait_selection[68d7b642aca99d2e]::traits::project::opt_normalize_projection_type
 209:     0x751b3c6790be - <rustc_trait_selection[68d7b642aca99d2e]::traits::project::AssocTypeNormalizer as rustc_type_ir[ff5b6e07df384692]::fold::TypeFolder<rustc_middle[daae97892c643097]::ty::context::TyCtxt>>::fold_ty
 210:     0x751b3c67731e - <rustc_trait_selection[68d7b642aca99d2e]::traits::project::AssocTypeNormalizer as rustc_type_ir[ff5b6e07df384692]::fold::TypeFolder<rustc_middle[daae97892c643097]::ty::context::TyCtxt>>::fold_predicate
 211:     0x751b3c9fd202 - <rustc_trait_selection[68d7b642aca99d2e]::traits::select::SelectionContext>::vtable_auto_impl::{closure#0}
 212:     0x751b39505d0d - <rustc_trait_selection[68d7b642aca99d2e]::traits::select::SelectionContext>::poly_select
 213:     0x751b3c67a846 - rustc_trait_selection[68d7b642aca99d2e]::traits::project::opt_normalize_projection_type
 214:     0x751b3c6790be - <rustc_trait_selection[68d7b642aca99d2e]::traits::project::AssocTypeNormalizer as rustc_type_ir[ff5b6e07df384692]::fold::TypeFolder<rustc_middle[daae97892c643097]::ty::context::TyCtxt>>::fold_ty
 215:     0x751b3c67731e - <rustc_trait_selection[68d7b642aca99d2e]::traits::project::AssocTypeNormalizer as rustc_type_ir[ff5b6e07df384692]::fold::TypeFolder<rustc_middle[daae97892c643097]::ty::context::TyCtxt>>::fold_predicate
 216:     0x751b3c9fd202 - <rustc_trait_selection[68d7b642aca99d2e]::traits::select::SelectionContext>::vtable_auto_impl::{closure#0}
 217:     0x751b39505d0d - <rustc_trait_selection[68d7b642aca99d2e]::traits::select::SelectionContext>::poly_select
 218:     0x751b3c67a846 - rustc_trait_selection[68d7b642aca99d2e]::traits::project::opt_normalize_projection_type
 219:     0x751b3c6790be - <rustc_trait_selection[68d7b642aca99d2e]::traits::project::AssocTypeNormalizer as rustc_type_ir[ff5b6e07df384692]::fold::TypeFolder<rustc_middle[daae97892c643097]::ty::context::TyCtxt>>::fold_ty
 220:     0x751b3c67731e - <rustc_trait_selection[68d7b642aca99d2e]::traits::project::AssocTypeNormalizer as rustc_type_ir[ff5b6e07df384692]::fold::TypeFolder<rustc_middle[daae97892c643097]::ty::context::TyCtxt>>::fold_predicate
 221:     0x751b3c9fd202 - <rustc_trait_selection[68d7b642aca99d2e]::traits::select::SelectionContext>::vtable_auto_impl::{closure#0}
 222:     0x751b39505d0d - <rustc_trait_selection[68d7b642aca99d2e]::traits::select::SelectionContext>::poly_select
 223:     0x751b3c67a846 - rustc_trait_selection[68d7b642aca99d2e]::traits::project::opt_normalize_projection_type
 224:     0x751b3c6790be - <rustc_trait_selection[68d7b642aca99d2e]::traits::project::AssocTypeNormalizer as rustc_type_ir[ff5b6e07df384692]::fold::TypeFolder<rustc_middle[daae97892c643097]::ty::context::TyCtxt>>::fold_ty
 225:     0x751b3c67731e - <rustc_trait_selection[68d7b642aca99d2e]::traits::project::AssocTypeNormalizer as rustc_type_ir[ff5b6e07df384692]::fold::TypeFolder<rustc_middle[daae97892c643097]::ty::context::TyCtxt>>::fold_predicate
 226:     0x751b3c9fd202 - <rustc_trait_selection[68d7b642aca99d2e]::traits::select::SelectionContext>::vtable_auto_impl::{closure#0}
 227:     0x751b39505d0d - <rustc_trait_selection[68d7b642aca99d2e]::traits::select::SelectionContext>::poly_select
 228:     0x751b3c67a846 - rustc_trait_selection[68d7b642aca99d2e]::traits::project::opt_normalize_projection_type
 229:     0x751b3c6790be - <rustc_trait_selection[68d7b642aca99d2e]::traits::project::AssocTypeNormalizer as rustc_type_ir[ff5b6e07df384692]::fold::TypeFolder<rustc_middle[daae97892c643097]::ty::context::TyCtxt>>::fold_ty
 230:     0x751b3c67731e - <rustc_trait_selection[68d7b642aca99d2e]::traits::project::AssocTypeNormalizer as rustc_type_ir[ff5b6e07df384692]::fold::TypeFolder<rustc_middle[daae97892c643097]::ty::context::TyCtxt>>::fold_predicate
 231:     0x751b3c9fd202 - <rustc_trait_selection[68d7b642aca99d2e]::traits::select::SelectionContext>::vtable_auto_impl::{closure#0}
 232:     0x751b39505d0d - <rustc_trait_selection[68d7b642aca99d2e]::traits::select::SelectionContext>::poly_select
 233:     0x751b3c67a846 - rustc_trait_selection[68d7b642aca99d2e]::traits::project::opt_normalize_projection_type
 234:     0x751b3c6790be - <rustc_trait_selection[68d7b642aca99d2e]::traits::project::AssocTypeNormalizer as rustc_type_ir[ff5b6e07df384692]::fold::TypeFolder<rustc_middle[daae97892c643097]::ty::context::TyCtxt>>::fold_ty
 235:     0x751b3c67731e - <rustc_trait_selection[68d7b642aca99d2e]::traits::project::AssocTypeNormalizer as rustc_type_ir[ff5b6e07df384692]::fold::TypeFolder<rustc_middle[daae97892c643097]::ty::context::TyCtxt>>::fold_predicate
 236:     0x751b3c9fd202 - <rustc_trait_selection[68d7b642aca99d2e]::traits::select::SelectionContext>::vtable_auto_impl::{closure#0}
 237:     0x751b39505d0d - <rustc_trait_selection[68d7b642aca99d2e]::traits::select::SelectionContext>::poly_select
 238:     0x751b3c67a846 - rustc_trait_selection[68d7b642aca99d2e]::traits::project::opt_normalize_projection_type
 239:     0x751b3c6790be - <rustc_trait_selection[68d7b642aca99d2e]::traits::project::AssocTypeNormalizer as rustc_type_ir[ff5b6e07df384692]::fold::TypeFolder<rustc_middle[daae97892c643097]::ty::context::TyCtxt>>::fold_ty
 240:     0x751b3c67731e - <rustc_trait_selection[68d7b642aca99d2e]::traits::project::AssocTypeNormalizer as rustc_type_ir[ff5b6e07df384692]::fold::TypeFolder<rustc_middle[daae97892c643097]::ty::context::TyCtxt>>::fold_predicate
 241:     0x751b3c9fd202 - <rustc_trait_selection[68d7b642aca99d2e]::traits::select::SelectionContext>::vtable_auto_impl::{closure#0}
 242:     0x751b39505d0d - <rustc_trait_selection[68d7b642aca99d2e]::traits::select::SelectionContext>::poly_select
 243:     0x751b3c67a846 - rustc_trait_selection[68d7b642aca99d2e]::traits::project::opt_normalize_projection_type
 244:     0x751b3c6790be - <rustc_trait_selection[68d7b642aca99d2e]::traits::project::AssocTypeNormalizer as rustc_type_ir[ff5b6e07df384692]::fold::TypeFolder<rustc_middle[daae97892c643097]::ty::context::TyCtxt>>::fold_ty
 245:     0x751b3c67731e - <rustc_trait_selection[68d7b642aca99d2e]::traits::project::AssocTypeNormalizer as rustc_type_ir[ff5b6e07df384692]::fold::TypeFolder<rustc_middle[daae97892c643097]::ty::context::TyCtxt>>::fold_predicate
 246:     0x751b3c9fd202 - <rustc_trait_selection[68d7b642aca99d2e]::traits::select::SelectionContext>::vtable_auto_impl::{closure#0}
 247:     0x751b39505d0d - <rustc_trait_selection[68d7b642aca99d2e]::traits::select::SelectionContext>::poly_select
 248:     0x751b3c67a846 - rustc_trait_selection[68d7b642aca99d2e]::traits::project::opt_normalize_projection_type
 249:     0x751b3c6790be - <rustc_trait_selection[68d7b642aca99d2e]::traits::project::AssocTypeNormalizer as rustc_type_ir[ff5b6e07df384692]::fold::TypeFolder<rustc_middle[daae97892c643097]::ty::context::TyCtxt>>::fold_ty
 250:     0x751b3c67731e - <rustc_trait_selection[68d7b642aca99d2e]::traits::project::AssocTypeNormalizer as rustc_type_ir[ff5b6e07df384692]::fold::TypeFolder<rustc_middle[daae97892c643097]::ty::context::TyCtxt>>::fold_predicate
 251:     0x751b3c9fd202 - <rustc_trait_selection[68d7b642aca99d2e]::traits::select::SelectionContext>::vtable_auto_impl::{closure#0}
 252:     0x751b39505d0d - <rustc_trait_selection[68d7b642aca99d2e]::traits::select::SelectionContext>::poly_select
 253:     0x751b3c67a846 - rustc_trait_selection[68d7b642aca99d2e]::traits::project::opt_normalize_projection_type
 254:     0x751b3c6790be - <rustc_trait_selection[68d7b642aca99d2e]::traits::project::AssocTypeNormalizer as rustc_type_ir[ff5b6e07df384692]::fold::TypeFolder<rustc_middle[daae97892c643097]::ty::context::TyCtxt>>::fold_ty
 255:     0x751b3c67731e - <rustc_trait_selection[68d7b642aca99d2e]::traits::project::AssocTypeNormalizer as rustc_type_ir[ff5b6e07df384692]::fold::TypeFolder<rustc_middle[daae97892c643097]::ty::context::TyCtxt>>::fold_predicate
 256:     0x751b3c9fd202 - <rustc_trait_selection[68d7b642aca99d2e]::traits::select::SelectionContext>::vtable_auto_impl::{closure#0}
 257:     0x751b39505d0d - <rustc_trait_selection[68d7b642aca99d2e]::traits::select::SelectionContext>::poly_select
 258:     0x751b3c67a846 - rustc_trait_selection[68d7b642aca99d2e]::traits::project::opt_normalize_projection_type
 259:     0x751b3c6790be - <rustc_trait_selection[68d7b642aca99d2e]::traits::project::AssocTypeNormalizer as rustc_type_ir[ff5b6e07df384692]::fold::TypeFolder<rustc_middle[daae97892c643097]::ty::context::TyCtxt>>::fold_ty
 260:     0x751b3c67731e - <rustc_trait_selection[68d7b642aca99d2e]::traits::project::AssocTypeNormalizer as rustc_type_ir[ff5b6e07df384692]::fold::TypeFolder<rustc_middle[daae97892c643097]::ty::context::TyCtxt>>::fold_predicate
 261:     0x751b3c9fd202 - <rustc_trait_selection[68d7b642aca99d2e]::traits::select::SelectionContext>::vtable_auto_impl::{closure#0}
 262:     0x751b39505d0d - <rustc_trait_selection[68d7b642aca99d2e]::traits::select::SelectionContext>::poly_select
 263:     0x751b3c67a846 - rustc_trait_selection[68d7b642aca99d2e]::traits::project::opt_normalize_projection_type
 264:     0x751b3c6790be - <rustc_trait_selection[68d7b642aca99d2e]::traits::project::AssocTypeNormalizer as rustc_type_ir[ff5b6e07df384692]::fold::TypeFolder<rustc_middle[daae97892c643097]::ty::context::TyCtxt>>::fold_ty
 265:     0x751b3c67731e - <rustc_trait_selection[68d7b642aca99d2e]::traits::project::AssocTypeNormalizer as rustc_type_ir[ff5b6e07df384692]::fold::TypeFolder<rustc_middle[daae97892c643097]::ty::context::TyCtxt>>::fold_predicate
 266:     0x751b3c9fd202 - <rustc_trait_selection[68d7b642aca99d2e]::traits::select::SelectionContext>::vtable_auto_impl::{closure#0}
 267:     0x751b39505d0d - <rustc_trait_selection[68d7b642aca99d2e]::traits::select::SelectionContext>::poly_select
 268:     0x751b3c67a846 - rustc_trait_selection[68d7b642aca99d2e]::traits::project::opt_normalize_projection_type
 269:     0x751b3c6790be - <rustc_trait_selection[68d7b642aca99d2e]::traits::project::AssocTypeNormalizer as rustc_type_ir[ff5b6e07df384692]::fold::TypeFolder<rustc_middle[daae97892c643097]::ty::context::TyCtxt>>::fold_ty
 270:     0x751b3c67731e - <rustc_trait_selection[68d7b642aca99d2e]::traits::project::AssocTypeNormalizer as rustc_type_ir[ff5b6e07df384692]::fold::TypeFolder<rustc_middle[daae97892c643097]::ty::context::TyCtxt>>::fold_predicate
 271:     0x751b3c9fd202 - <rustc_trait_selection[68d7b642aca99d2e]::traits::select::SelectionContext>::vtable_auto_impl::{closure#0}
 272:     0x751b39505d0d - <rustc_trait_selection[68d7b642aca99d2e]::traits::select::SelectionContext>::poly_select
 273:     0x751b3c67a846 - rustc_trait_selection[68d7b642aca99d2e]::traits::project::opt_normalize_projection_type
 274:     0x751b3c6790be - <rustc_trait_selection[68d7b642aca99d2e]::traits::project::AssocTypeNormalizer as rustc_type_ir[ff5b6e07df384692]::fold::TypeFolder<rustc_middle[daae97892c643097]::ty::context::TyCtxt>>::fold_ty
 275:     0x751b3c67731e - <rustc_trait_selection[68d7b642aca99d2e]::traits::project::AssocTypeNormalizer as rustc_type_ir[ff5b6e07df384692]::fold::TypeFolder<rustc_middle[daae97892c643097]::ty::context::TyCtxt>>::fold_predicate
 276:     0x751b3c9fd202 - <rustc_trait_selection[68d7b642aca99d2e]::traits::select::SelectionContext>::vtable_auto_impl::{closure#0}
 277:     0x751b39505d0d - <rustc_trait_selection[68d7b642aca99d2e]::traits::select::SelectionContext>::poly_select
 278:     0x751b3c67a846 - rustc_trait_selection[68d7b642aca99d2e]::traits::project::opt_normalize_projection_type
 279:     0x751b3c6790be - <rustc_trait_selection[68d7b642aca99d2e]::traits::project::AssocTypeNormalizer as rustc_type_ir[ff5b6e07df384692]::fold::TypeFolder<rustc_middle[daae97892c643097]::ty::context::TyCtxt>>::fold_ty
 280:     0x751b3c67731e - <rustc_trait_selection[68d7b642aca99d2e]::traits::project::AssocTypeNormalizer as rustc_type_ir[ff5b6e07df384692]::fold::TypeFolder<rustc_middle[daae97892c643097]::ty::context::TyCtxt>>::fold_predicate
 281:     0x751b3c9fd202 - <rustc_trait_selection[68d7b642aca99d2e]::traits::select::SelectionContext>::vtable_auto_impl::{closure#0}
 282:     0x751b39505d0d - <rustc_trait_selection[68d7b642aca99d2e]::traits::select::SelectionContext>::poly_select
 283:     0x751b3c67a846 - rustc_trait_selection[68d7b642aca99d2e]::traits::project::opt_normalize_projection_type
 284:     0x751b3c6790be - <rustc_trait_selection[68d7b642aca99d2e]::traits::project::AssocTypeNormalizer as rustc_type_ir[ff5b6e07df384692]::fold::TypeFolder<rustc_middle[daae97892c643097]::ty::context::TyCtxt>>::fold_ty
 285:     0x751b3c67731e - <rustc_trait_selection[68d7b642aca99d2e]::traits::project::AssocTypeNormalizer as rustc_type_ir[ff5b6e07df384692]::fold::TypeFolder<rustc_middle[daae97892c643097]::ty::context::TyCtxt>>::fold_predicate
 286:     0x751b3c9fd202 - <rustc_trait_selection[68d7b642aca99d2e]::traits::select::SelectionContext>::vtable_auto_impl::{closure#0}
 287:     0x751b39505d0d - <rustc_trait_selection[68d7b642aca99d2e]::traits::select::SelectionContext>::poly_select
 288:     0x751b3c67a846 - rustc_trait_selection[68d7b642aca99d2e]::traits::project::opt_normalize_projection_type
 289:     0x751b3c6790be - <rustc_trait_selection[68d7b642aca99d2e]::traits::project::AssocTypeNormalizer as rustc_type_ir[ff5b6e07df384692]::fold::TypeFolder<rustc_middle[daae97892c643097]::ty::context::TyCtxt>>::fold_ty
 290:     0x751b3c67731e - <rustc_trait_selection[68d7b642aca99d2e]::traits::project::AssocTypeNormalizer as rustc_type_ir[ff5b6e07df384692]::fold::TypeFolder<rustc_middle[daae97892c643097]::ty::context::TyCtxt>>::fold_predicate
 291:     0x751b3c9fd202 - <rustc_trait_selection[68d7b642aca99d2e]::traits::select::SelectionContext>::vtable_auto_impl::{closure#0}
 292:     0x751b39505d0d - <rustc_trait_selection[68d7b642aca99d2e]::traits::select::SelectionContext>::poly_select
 293:     0x751b3c67a846 - rustc_trait_selection[68d7b642aca99d2e]::traits::project::opt_normalize_projection_type
 294:     0x751b3c6790be - <rustc_trait_selection[68d7b642aca99d2e]::traits::project::AssocTypeNormalizer as rustc_type_ir[ff5b6e07df384692]::fold::TypeFolder<rustc_middle[daae97892c643097]::ty::context::TyCtxt>>::fold_ty
 295:     0x751b3c67731e - <rustc_trait_selection[68d7b642aca99d2e]::traits::project::AssocTypeNormalizer as rustc_type_ir[ff5b6e07df384692]::fold::TypeFolder<rustc_middle[daae97892c643097]::ty::context::TyCtxt>>::fold_predicate
 296:     0x751b3c9fd202 - <rustc_trait_selection[68d7b642aca99d2e]::traits::select::SelectionContext>::vtable_auto_impl::{closure#0}
 297:     0x751b39505d0d - <rustc_trait_selection[68d7b642aca99d2e]::traits::select::SelectionContext>::poly_select
 298:     0x751b3c67a846 - rustc_trait_selection[68d7b642aca99d2e]::traits::project::opt_normalize_projection_type
 299:     0x751b3c6790be - <rustc_trait_selection[68d7b642aca99d2e]::traits::project::AssocTypeNormalizer as rustc_type_ir[ff5b6e07df384692]::fold::TypeFolder<rustc_middle[daae97892c643097]::ty::context::TyCtxt>>::fold_ty
 300:     0x751b3c67731e - <rustc_trait_selection[68d7b642aca99d2e]::traits::project::AssocTypeNormalizer as rustc_type_ir[ff5b6e07df384692]::fold::TypeFolder<rustc_middle[daae97892c643097]::ty::context::TyCtxt>>::fold_predicate
 301:     0x751b3c9fd202 - <rustc_trait_selection[68d7b642aca99d2e]::traits::select::SelectionContext>::vtable_auto_impl::{closure#0}
 302:     0x751b39505d0d - <rustc_trait_selection[68d7b642aca99d2e]::traits::select::SelectionContext>::poly_select
 303:     0x751b3c67a846 - rustc_trait_selection[68d7b642aca99d2e]::traits::project::opt_normalize_projection_type
 304:     0x751b3c6790be - <rustc_trait_selection[68d7b642aca99d2e]::traits::project::AssocTypeNormalizer as rustc_type_ir[ff5b6e07df384692]::fold::TypeFolder<rustc_middle[daae97892c643097]::ty::context::TyCtxt>>::fold_ty
 305:     0x751b3c67731e - <rustc_trait_selection[68d7b642aca99d2e]::traits::project::AssocTypeNormalizer as rustc_type_ir[ff5b6e07df384692]::fold::TypeFolder<rustc_middle[daae97892c643097]::ty::context::TyCtxt>>::fold_predicate
 306:     0x751b3c9fd202 - <rustc_trait_selection[68d7b642aca99d2e]::traits::select::SelectionContext>::vtable_auto_impl::{closure#0}
 307:     0x751b39505d0d - <rustc_trait_selection[68d7b642aca99d2e]::traits::select::SelectionContext>::poly_select
 308:     0x751b3c67a846 - rustc_trait_selection[68d7b642aca99d2e]::traits::project::opt_normalize_projection_type
 309:     0x751b3c6790be - <rustc_trait_selection[68d7b642aca99d2e]::traits::project::AssocTypeNormalizer as rustc_type_ir[ff5b6e07df384692]::fold::TypeFolder<rustc_middle[daae97892c643097]::ty::context::TyCtxt>>::fold_ty
 310:     0x751b3c67731e - <rustc_trait_selection[68d7b642aca99d2e]::traits::project::AssocTypeNormalizer as rustc_type_ir[ff5b6e07df384692]::fold::TypeFolder<rustc_middle[daae97892c643097]::ty::context::TyCtxt>>::fold_predicate
 311:     0x751b3c9fd202 - <rustc_trait_selection[68d7b642aca99d2e]::traits::select::SelectionContext>::vtable_auto_impl::{closure#0}
 312:     0x751b39505d0d - <rustc_trait_selection[68d7b642aca99d2e]::traits::select::SelectionContext>::poly_select
 313:     0x751b3c67a846 - rustc_trait_selection[68d7b642aca99d2e]::traits::project::opt_normalize_projection_type
 314:     0x751b3c6790be - <rustc_trait_selection[68d7b642aca99d2e]::traits::project::AssocTypeNormalizer as rustc_type_ir[ff5b6e07df384692]::fold::TypeFolder<rustc_middle[daae97892c643097]::ty::context::TyCtxt>>::fold_ty
 315:     0x751b3c67731e - <rustc_trait_selection[68d7b642aca99d2e]::traits::project::AssocTypeNormalizer as rustc_type_ir[ff5b6e07df384692]::fold::TypeFolder<rustc_middle[daae97892c643097]::ty::context::TyCtxt>>::fold_predicate
 316:     0x751b3c9fd202 - <rustc_trait_selection[68d7b642aca99d2e]::traits::select::SelectionContext>::vtable_auto_impl::{closure#0}
 317:     0x751b39505d0d - <rustc_trait_selection[68d7b642aca99d2e]::traits::select::SelectionContext>::poly_select
 318:     0x751b3c67a846 - rustc_trait_selection[68d7b642aca99d2e]::traits::project::opt_normalize_projection_type
 319:     0x751b3c6790be - <rustc_trait_selection[68d7b642aca99d2e]::traits::project::AssocTypeNormalizer as rustc_type_ir[ff5b6e07df384692]::fold::TypeFolder<rustc_middle[daae97892c643097]::ty::context::TyCtxt>>::fold_ty
 320:     0x751b3c67731e - <rustc_trait_selection[68d7b642aca99d2e]::traits::project::AssocTypeNormalizer as rustc_type_ir[ff5b6e07df384692]::fold::TypeFolder<rustc_middle[daae97892c643097]::ty::context::TyCtxt>>::fold_predicate
 321:     0x751b3c9fd202 - <rustc_trait_selection[68d7b642aca99d2e]::traits::select::SelectionContext>::vtable_auto_impl::{closure#0}
 322:     0x751b39505d0d - <rustc_trait_selection[68d7b642aca99d2e]::traits::select::SelectionContext>::poly_select
 323:     0x751b3c67a846 - rustc_trait_selection[68d7b642aca99d2e]::traits::project::opt_normalize_projection_type
 324:     0x751b3c6790be - <rustc_trait_selection[68d7b642aca99d2e]::traits::project::AssocTypeNormalizer as rustc_type_ir[ff5b6e07df384692]::fold::TypeFolder<rustc_middle[daae97892c643097]::ty::context::TyCtxt>>::fold_ty
 325:     0x751b3c67731e - <rustc_trait_selection[68d7b642aca99d2e]::traits::project::AssocTypeNormalizer as rustc_type_ir[ff5b6e07df384692]::fold::TypeFolder<rustc_middle[daae97892c643097]::ty::context::TyCtxt>>::fold_predicate
 326:     0x751b3c9fd202 - <rustc_trait_selection[68d7b642aca99d2e]::traits::select::SelectionContext>::vtable_auto_impl::{closure#0}
 327:     0x751b39505d0d - <rustc_trait_selection[68d7b642aca99d2e]::traits::select::SelectionContext>::poly_select
 328:     0x751b3c67a846 - rustc_trait_selection[68d7b642aca99d2e]::traits::project::opt_normalize_projection_type
 329:     0x751b3c6790be - <rustc_trait_selection[68d7b642aca99d2e]::traits::project::AssocTypeNormalizer as rustc_type_ir[ff5b6e07df384692]::fold::TypeFolder<rustc_middle[daae97892c643097]::ty::context::TyCtxt>>::fold_ty
 330:     0x751b3c67731e - <rustc_trait_selection[68d7b642aca99d2e]::traits::project::AssocTypeNormalizer as rustc_type_ir[ff5b6e07df384692]::fold::TypeFolder<rustc_middle[daae97892c643097]::ty::context::TyCtxt>>::fold_predicate
 331:     0x751b3c9fd202 - <rustc_trait_selection[68d7b642aca99d2e]::traits::select::SelectionContext>::vtable_auto_impl::{closure#0}
 332:     0x751b39505d0d - <rustc_trait_selection[68d7b642aca99d2e]::traits::select::SelectionContext>::poly_select
 333:     0x751b3c67a846 - rustc_trait_selection[68d7b642aca99d2e]::traits::project::opt_normalize_projection_type
 334:     0x751b3c6790be - <rustc_trait_selection[68d7b642aca99d2e]::traits::project::AssocTypeNormalizer as rustc_type_ir[ff5b6e07df384692]::fold::TypeFolder<rustc_middle[daae97892c643097]::ty::context::TyCtxt>>::fold_ty
 335:     0x751b3c67731e - <rustc_trait_selection[68d7b642aca99d2e]::traits::project::AssocTypeNormalizer as rustc_type_ir[ff5b6e07df384692]::fold::TypeFolder<rustc_middle[daae97892c643097]::ty::context::TyCtxt>>::fold_predicate
 336:     0x751b3c9fd202 - <rustc_trait_selection[68d7b642aca99d2e]::traits::select::SelectionContext>::vtable_auto_impl::{closure#0}
 337:     0x751b39505d0d - <rustc_trait_selection[68d7b642aca99d2e]::traits::select::SelectionContext>::poly_select
 338:     0x751b3c67a846 - rustc_trait_selection[68d7b642aca99d2e]::traits::project::opt_normalize_projection_type
 339:     0x751b3c6790be - <rustc_trait_selection[68d7b642aca99d2e]::traits::project::AssocTypeNormalizer as rustc_type_ir[ff5b6e07df384692]::fold::TypeFolder<rustc_middle[daae97892c643097]::ty::context::TyCtxt>>::fold_ty
 340:     0x751b3c67731e - <rustc_trait_selection[68d7b642aca99d2e]::traits::project::AssocTypeNormalizer as rustc_type_ir[ff5b6e07df384692]::fold::TypeFolder<rustc_middle[daae97892c643097]::ty::context::TyCtxt>>::fold_predicate
 341:     0x751b3c9fd202 - <rustc_trait_selection[68d7b642aca99d2e]::traits::select::SelectionContext>::vtable_auto_impl::{closure#0}
 342:     0x751b39505d0d - <rustc_trait_selection[68d7b642aca99d2e]::traits::select::SelectionContext>::poly_select
 343:     0x751b3c67a846 - rustc_trait_selection[68d7b642aca99d2e]::traits::project::opt_normalize_projection_type
 344:     0x751b3c6790be - <rustc_trait_selection[68d7b642aca99d2e]::traits::project::AssocTypeNormalizer as rustc_type_ir[ff5b6e07df384692]::fold::TypeFolder<rustc_middle[daae97892c643097]::ty::context::TyCtxt>>::fold_ty
 345:     0x751b3c67731e - <rustc_trait_selection[68d7b642aca99d2e]::traits::project::AssocTypeNormalizer as rustc_type_ir[ff5b6e07df384692]::fold::TypeFolder<rustc_middle[daae97892c643097]::ty::context::TyCtxt>>::fold_predicate
 346:     0x751b3c9fd202 - <rustc_trait_selection[68d7b642aca99d2e]::traits::select::SelectionContext>::vtable_auto_impl::{closure#0}
 347:     0x751b39505d0d - <rustc_trait_selection[68d7b642aca99d2e]::traits::select::SelectionContext>::poly_select
 348:     0x751b3c67a846 - rustc_trait_selection[68d7b642aca99d2e]::traits::project::opt_normalize_projection_type
 349:     0x751b3c6790be - <rustc_trait_selection[68d7b642aca99d2e]::traits::project::AssocTypeNormalizer as rustc_type_ir[ff5b6e07df384692]::fold::TypeFolder<rustc_middle[daae97892c643097]::ty::context::TyCtxt>>::fold_ty
 350:     0x751b3c67731e - <rustc_trait_selection[68d7b642aca99d2e]::traits::project::AssocTypeNormalizer as rustc_type_ir[ff5b6e07df384692]::fold::TypeFolder<rustc_middle[daae97892c643097]::ty::context::TyCtxt>>::fold_predicate
 351:     0x751b3c9fd202 - <rustc_trait_selection[68d7b642aca99d2e]::traits::select::SelectionContext>::vtable_auto_impl::{closure#0}
 352:     0x751b39505d0d - <rustc_trait_selection[68d7b642aca99d2e]::traits::select::SelectionContext>::poly_select
 353:     0x751b3c67a846 - rustc_trait_selection[68d7b642aca99d2e]::traits::project::opt_normalize_projection_type
 354:     0x751b3c6790be - <rustc_trait_selection[68d7b642aca99d2e]::traits::project::AssocTypeNormalizer as rustc_type_ir[ff5b6e07df384692]::fold::TypeFolder<rustc_middle[daae97892c643097]::ty::context::TyCtxt>>::fold_ty
 355:     0x751b3c67731e - <rustc_trait_selection[68d7b642aca99d2e]::traits::project::AssocTypeNormalizer as rustc_type_ir[ff5b6e07df384692]::fold::TypeFolder<rustc_middle[daae97892c643097]::ty::context::TyCtxt>>::fold_predicate
 356:     0x751b3c9fd202 - <rustc_trait_selection[68d7b642aca99d2e]::traits::select::SelectionContext>::vtable_auto_impl::{closure#0}
 357:     0x751b39505d0d - <rustc_trait_selection[68d7b642aca99d2e]::traits::select::SelectionContext>::poly_select
 358:     0x751b3c67a846 - rustc_trait_selection[68d7b642aca99d2e]::traits::project::opt_normalize_projection_type
 359:     0x751b3c6790be - <rustc_trait_selection[68d7b642aca99d2e]::traits::project::AssocTypeNormalizer as rustc_type_ir[ff5b6e07df384692]::fold::TypeFolder<rustc_middle[daae97892c643097]::ty::context::TyCtxt>>::fold_ty
 360:     0x751b3c67731e - <rustc_trait_selection[68d7b642aca99d2e]::traits::project::AssocTypeNormalizer as rustc_type_ir[ff5b6e07df384692]::fold::TypeFolder<rustc_middle[daae97892c643097]::ty::context::TyCtxt>>::fold_predicate
 361:     0x751b3c9fd202 - <rustc_trait_selection[68d7b642aca99d2e]::traits::select::SelectionContext>::vtable_auto_impl::{closure#0}
 362:     0x751b39505d0d - <rustc_trait_selection[68d7b642aca99d2e]::traits::select::SelectionContext>::poly_select
 363:     0x751b3c67a846 - rustc_trait_selection[68d7b642aca99d2e]::traits::project::opt_normalize_projection_type
 364:     0x751b3c6790be - <rustc_trait_selection[68d7b642aca99d2e]::traits::project::AssocTypeNormalizer as rustc_type_ir[ff5b6e07df384692]::fold::TypeFolder<rustc_middle[daae97892c643097]::ty::context::TyCtxt>>::fold_ty
 365:     0x751b3c67731e - <rustc_trait_selection[68d7b642aca99d2e]::traits::project::AssocTypeNormalizer as rustc_type_ir[ff5b6e07df384692]::fold::TypeFolder<rustc_middle[daae97892c643097]::ty::context::TyCtxt>>::fold_predicate
 366:     0x751b3c9fd202 - <rustc_trait_selection[68d7b642aca99d2e]::traits::select::SelectionContext>::vtable_auto_impl::{closure#0}
 367:     0x751b39505d0d - <rustc_trait_selection[68d7b642aca99d2e]::traits::select::SelectionContext>::poly_select
 368:     0x751b3c67a846 - rustc_trait_selection[68d7b642aca99d2e]::traits::project::opt_normalize_projection_type
 369:     0x751b3c6790be - <rustc_trait_selection[68d7b642aca99d2e]::traits::project::AssocTypeNormalizer as rustc_type_ir[ff5b6e07df384692]::fold::TypeFolder<rustc_middle[daae97892c643097]::ty::context::TyCtxt>>::fold_ty
 370:     0x751b3c67731e - <rustc_trait_selection[68d7b642aca99d2e]::traits::project::AssocTypeNormalizer as rustc_type_ir[ff5b6e07df384692]::fold::TypeFolder<rustc_middle[daae97892c643097]::ty::context::TyCtxt>>::fold_predicate
 371:     0x751b3c9fd202 - <rustc_trait_selection[68d7b642aca99d2e]::traits::select::SelectionContext>::vtable_auto_impl::{closure#0}
 372:     0x751b39505d0d - <rustc_trait_selection[68d7b642aca99d2e]::traits::select::SelectionContext>::poly_select
 373:     0x751b3c67a846 - rustc_trait_selection[68d7b642aca99d2e]::traits::project::opt_normalize_projection_type
 374:     0x751b3c6790be - <rustc_trait_selection[68d7b642aca99d2e]::traits::project::AssocTypeNormalizer as rustc_type_ir[ff5b6e07df384692]::fold::TypeFolder<rustc_middle[daae97892c643097]::ty::context::TyCtxt>>::fold_ty
 375:     0x751b3c67731e - <rustc_trait_selection[68d7b642aca99d2e]::traits::project::AssocTypeNormalizer as rustc_type_ir[ff5b6e07df384692]::fold::TypeFolder<rustc_middle[daae97892c643097]::ty::context::TyCtxt>>::fold_predicate
 376:     0x751b3c9fd202 - <rustc_trait_selection[68d7b642aca99d2e]::traits::select::SelectionContext>::vtable_auto_impl::{closure#0}
 377:     0x751b39505d0d - <rustc_trait_selection[68d7b642aca99d2e]::traits::select::SelectionContext>::poly_select
 378:     0x751b3c67a846 - rustc_trait_selection[68d7b642aca99d2e]::traits::project::opt_normalize_projection_type
 379:     0x751b3c6790be - <rustc_trait_selection[68d7b642aca99d2e]::traits::project::AssocTypeNormalizer as rustc_type_ir[ff5b6e07df384692]::fold::TypeFolder<rustc_middle[daae97892c643097]::ty::context::TyCtxt>>::fold_ty
 380:     0x751b3c67731e - <rustc_trait_selection[68d7b642aca99d2e]::traits::project::AssocTypeNormalizer as rustc_type_ir[ff5b6e07df384692]::fold::TypeFolder<rustc_middle[daae97892c643097]::ty::context::TyCtxt>>::fold_predicate
 381:     0x751b3c9fd202 - <rustc_trait_selection[68d7b642aca99d2e]::traits::select::SelectionContext>::vtable_auto_impl::{closure#0}
 382:     0x751b39505d0d - <rustc_trait_selection[68d7b642aca99d2e]::traits::select::SelectionContext>::poly_select
 383:     0x751b3c67a846 - rustc_trait_selection[68d7b642aca99d2e]::traits::project::opt_normalize_projection_type
 384:     0x751b3c6790be - <rustc_trait_selection[68d7b642aca99d2e]::traits::project::AssocTypeNormalizer as rustc_type_ir[ff5b6e07df384692]::fold::TypeFolder<rustc_middle[daae97892c643097]::ty::context::TyCtxt>>::fold_ty
 385:     0x751b3c67731e - <rustc_trait_selection[68d7b642aca99d2e]::traits::project::AssocTypeNormalizer as rustc_type_ir[ff5b6e07df384692]::fold::TypeFolder<rustc_middle[daae97892c643097]::ty::context::TyCtxt>>::fold_predicate
 386:     0x751b3c9fd202 - <rustc_trait_selection[68d7b642aca99d2e]::traits::select::SelectionContext>::vtable_auto_impl::{closure#0}
 387:     0x751b39505d0d - <rustc_trait_selection[68d7b642aca99d2e]::traits::select::SelectionContext>::poly_select
 388:     0x751b3c67a846 - rustc_trait_selection[68d7b642aca99d2e]::traits::project::opt_normalize_projection_type
 389:     0x751b3c6790be - <rustc_trait_selection[68d7b642aca99d2e]::traits::project::AssocTypeNormalizer as rustc_type_ir[ff5b6e07df384692]::fold::TypeFolder<rustc_middle[daae97892c643097]::ty::context::TyCtxt>>::fold_ty
 390:     0x751b3c67731e - <rustc_trait_selection[68d7b642aca99d2e]::traits::project::AssocTypeNormalizer as rustc_type_ir[ff5b6e07df384692]::fold::TypeFolder<rustc_middle[daae97892c643097]::ty::context::TyCtxt>>::fold_predicate
 391:     0x751b3c9fd202 - <rustc_trait_selection[68d7b642aca99d2e]::traits::select::SelectionContext>::vtable_auto_impl::{closure#0}
 392:     0x751b39505d0d - <rustc_trait_selection[68d7b642aca99d2e]::traits::select::SelectionContext>::poly_select
 393:     0x751b3c67a846 - rustc_trait_selection[68d7b642aca99d2e]::traits::project::opt_normalize_projection_type
 394:     0x751b3c6790be - <rustc_trait_selection[68d7b642aca99d2e]::traits::project::AssocTypeNormalizer as rustc_type_ir[ff5b6e07df384692]::fold::TypeFolder<rustc_middle[daae97892c643097]::ty::context::TyCtxt>>::fold_ty
 395:     0x751b3c67731e - <rustc_trait_selection[68d7b642aca99d2e]::traits::project::AssocTypeNormalizer as rustc_type_ir[ff5b6e07df384692]::fold::TypeFolder<rustc_middle[daae97892c643097]::ty::context::TyCtxt>>::fold_predicate
 396:     0x751b3c9fd202 - <rustc_trait_selection[68d7b642aca99d2e]::traits::select::SelectionContext>::vtable_auto_impl::{closure#0}
 397:     0x751b39505d0d - <rustc_trait_selection[68d7b642aca99d2e]::traits::select::SelectionContext>::poly_select
 398:     0x751b3c67a846 - rustc_trait_selection[68d7b642aca99d2e]::traits::project::opt_normalize_projection_type
 399:     0x751b3c6790be - <rustc_trait_selection[68d7b642aca99d2e]::traits::project::AssocTypeNormalizer as rustc_type_ir[ff5b6e07df384692]::fold::TypeFolder<rustc_middle[daae97892c643097]::ty::context::TyCtxt>>::fold_ty
 400:     0x751b3c67731e - <rustc_trait_selection[68d7b642aca99d2e]::traits::project::AssocTypeNormalizer as rustc_type_ir[ff5b6e07df384692]::fold::TypeFolder<rustc_middle[daae97892c643097]::ty::context::TyCtxt>>::fold_predicate
 401:     0x751b3c9fd202 - <rustc_trait_selection[68d7b642aca99d2e]::traits::select::SelectionContext>::vtable_auto_impl::{closure#0}
 402:     0x751b39505d0d - <rustc_trait_selection[68d7b642aca99d2e]::traits::select::SelectionContext>::poly_select
 403:     0x751b3c67a846 - rustc_trait_selection[68d7b642aca99d2e]::traits::project::opt_normalize_projection_type
 404:     0x751b3c6790be - <rustc_trait_selection[68d7b642aca99d2e]::traits::project::AssocTypeNormalizer as rustc_type_ir[ff5b6e07df384692]::fold::TypeFolder<rustc_middle[daae97892c643097]::ty::context::TyCtxt>>::fold_ty
 405:     0x751b3c67731e - <rustc_trait_selection[68d7b642aca99d2e]::traits::project::AssocTypeNormalizer as rustc_type_ir[ff5b6e07df384692]::fold::TypeFolder<rustc_middle[daae97892c643097]::ty::context::TyCtxt>>::fold_predicate
 406:     0x751b3c9fd202 - <rustc_trait_selection[68d7b642aca99d2e]::traits::select::SelectionContext>::vtable_auto_impl::{closure#0}
 407:     0x751b39505d0d - <rustc_trait_selection[68d7b642aca99d2e]::traits::select::SelectionContext>::poly_select
 408:     0x751b3c67a846 - rustc_trait_selection[68d7b642aca99d2e]::traits::project::opt_normalize_projection_type
 409:     0x751b3c6790be - <rustc_trait_selection[68d7b642aca99d2e]::traits::project::AssocTypeNormalizer as rustc_type_ir[ff5b6e07df384692]::fold::TypeFolder<rustc_middle[daae97892c643097]::ty::context::TyCtxt>>::fold_ty
 410:     0x751b3c67731e - <rustc_trait_selection[68d7b642aca99d2e]::traits::project::AssocTypeNormalizer as rustc_type_ir[ff5b6e07df384692]::fold::TypeFolder<rustc_middle[daae97892c643097]::ty::context::TyCtxt>>::fold_predicate
 411:     0x751b3c9fd202 - <rustc_trait_selection[68d7b642aca99d2e]::traits::select::SelectionContext>::vtable_auto_impl::{closure#0}
 412:     0x751b39505d0d - <rustc_trait_selection[68d7b642aca99d2e]::traits::select::SelectionContext>::poly_select
 413:     0x751b3c67a846 - rustc_trait_selection[68d7b642aca99d2e]::traits::project::opt_normalize_projection_type
 414:     0x751b3c6790be - <rustc_trait_selection[68d7b642aca99d2e]::traits::project::AssocTypeNormalizer as rustc_type_ir[ff5b6e07df384692]::fold::TypeFolder<rustc_middle[daae97892c643097]::ty::context::TyCtxt>>::fold_ty
 415:     0x751b3c67731e - <rustc_trait_selection[68d7b642aca99d2e]::traits::project::AssocTypeNormalizer as rustc_type_ir[ff5b6e07df384692]::fold::TypeFolder<rustc_middle[daae97892c643097]::ty::context::TyCtxt>>::fold_predicate
 416:     0x751b3c9fd202 - <rustc_trait_selection[68d7b642aca99d2e]::traits::select::SelectionContext>::vtable_auto_impl::{closure#0}
 417:     0x751b39505d0d - <rustc_trait_selection[68d7b642aca99d2e]::traits::select::SelectionContext>::poly_select
 418:     0x751b3c67a846 - rustc_trait_selection[68d7b642aca99d2e]::traits::project::opt_normalize_projection_type
 419:     0x751b3c6790be - <rustc_trait_selection[68d7b642aca99d2e]::traits::project::AssocTypeNormalizer as rustc_type_ir[ff5b6e07df384692]::fold::TypeFolder<rustc_middle[daae97892c643097]::ty::context::TyCtxt>>::fold_ty
 420:     0x751b3c67731e - <rustc_trait_selection[68d7b642aca99d2e]::traits::project::AssocTypeNormalizer as rustc_type_ir[ff5b6e07df384692]::fold::TypeFolder<rustc_middle[daae97892c643097]::ty::context::TyCtxt>>::fold_predicate
 421:     0x751b3c9fd202 - <rustc_trait_selection[68d7b642aca99d2e]::traits::select::SelectionContext>::vtable_auto_impl::{closure#0}
 422:     0x751b39505d0d - <rustc_trait_selection[68d7b642aca99d2e]::traits::select::SelectionContext>::poly_select
 423:     0x751b3c67a846 - rustc_trait_selection[68d7b642aca99d2e]::traits::project::opt_normalize_projection_type
 424:     0x751b3c6790be - <rustc_trait_selection[68d7b642aca99d2e]::traits::project::AssocTypeNormalizer as rustc_type_ir[ff5b6e07df384692]::fold::TypeFolder<rustc_middle[daae97892c643097]::ty::context::TyCtxt>>::fold_ty
 425:     0x751b3c67731e - <rustc_trait_selection[68d7b642aca99d2e]::traits::project::AssocTypeNormalizer as rustc_type_ir[ff5b6e07df384692]::fold::TypeFolder<rustc_middle[daae97892c643097]::ty::context::TyCtxt>>::fold_predicate
 426:     0x751b3c9fd202 - <rustc_trait_selection[68d7b642aca99d2e]::traits::select::SelectionContext>::vtable_auto_impl::{closure#0}
 427:     0x751b39505d0d - <rustc_trait_selection[68d7b642aca99d2e]::traits::select::SelectionContext>::poly_select
 428:     0x751b3c67a846 - rustc_trait_selection[68d7b642aca99d2e]::traits::project::opt_normalize_projection_type
 429:     0x751b3c6790be - <rustc_trait_selection[68d7b642aca99d2e]::traits::project::AssocTypeNormalizer as rustc_type_ir[ff5b6e07df384692]::fold::TypeFolder<rustc_middle[daae97892c643097]::ty::context::TyCtxt>>::fold_ty
 430:     0x751b3c67731e - <rustc_trait_selection[68d7b642aca99d2e]::traits::project::AssocTypeNormalizer as rustc_type_ir[ff5b6e07df384692]::fold::TypeFolder<rustc_middle[daae97892c643097]::ty::context::TyCtxt>>::fold_predicate
 431:     0x751b3c9fd202 - <rustc_trait_selection[68d7b642aca99d2e]::traits::select::SelectionContext>::vtable_auto_impl::{closure#0}
 432:     0x751b39505d0d - <rustc_trait_selection[68d7b642aca99d2e]::traits::select::SelectionContext>::poly_select
 433:     0x751b3c67a846 - rustc_trait_selection[68d7b642aca99d2e]::traits::project::opt_normalize_projection_type
 434:     0x751b3c6790be - <rustc_trait_selection[68d7b642aca99d2e]::traits::project::AssocTypeNormalizer as rustc_type_ir[ff5b6e07df384692]::fold::TypeFolder<rustc_middle[daae97892c643097]::ty::context::TyCtxt>>::fold_ty
 435:     0x751b3c67731e - <rustc_trait_selection[68d7b642aca99d2e]::traits::project::AssocTypeNormalizer as rustc_type_ir[ff5b6e07df384692]::fold::TypeFolder<rustc_middle[daae97892c643097]::ty::context::TyCtxt>>::fold_predicate
 436:     0x751b3c9fd202 - <rustc_trait_selection[68d7b642aca99d2e]::traits::select::SelectionContext>::vtable_auto_impl::{closure#0}
 437:     0x751b39505d0d - <rustc_trait_selection[68d7b642aca99d2e]::traits::select::SelectionContext>::poly_select
 438:     0x751b3c67a846 - rustc_trait_selection[68d7b642aca99d2e]::traits::project::opt_normalize_projection_type
 439:     0x751b3c6790be - <rustc_trait_selection[68d7b642aca99d2e]::traits::project::AssocTypeNormalizer as rustc_type_ir[ff5b6e07df384692]::fold::TypeFolder<rustc_middle[daae97892c643097]::ty::context::TyCtxt>>::fold_ty
 440:     0x751b3c67731e - <rustc_trait_selection[68d7b642aca99d2e]::traits::project::AssocTypeNormalizer as rustc_type_ir[ff5b6e07df384692]::fold::TypeFolder<rustc_middle[daae97892c643097]::ty::context::TyCtxt>>::fold_predicate
 441:     0x751b3c9fd202 - <rustc_trait_selection[68d7b642aca99d2e]::traits::select::SelectionContext>::vtable_auto_impl::{closure#0}
 442:     0x751b39505d0d - <rustc_trait_selection[68d7b642aca99d2e]::traits::select::SelectionContext>::poly_select
 443:     0x751b3c67a846 - rustc_trait_selection[68d7b642aca99d2e]::traits::project::opt_normalize_projection_type
 444:     0x751b3c6790be - <rustc_trait_selection[68d7b642aca99d2e]::traits::project::AssocTypeNormalizer as rustc_type_ir[ff5b6e07df384692]::fold::TypeFolder<rustc_middle[daae97892c643097]::ty::context::TyCtxt>>::fold_ty
 445:     0x751b3c67731e - <rustc_trait_selection[68d7b642aca99d2e]::traits::project::AssocTypeNormalizer as rustc_type_ir[ff5b6e07df384692]::fold::TypeFolder<rustc_middle[daae97892c643097]::ty::context::TyCtxt>>::fold_predicate
 446:     0x751b3c9fd202 - <rustc_trait_selection[68d7b642aca99d2e]::traits::select::SelectionContext>::vtable_auto_impl::{closure#0}
 447:     0x751b39505d0d - <rustc_trait_selection[68d7b642aca99d2e]::traits::select::SelectionContext>::poly_select
 448:     0x751b3c67a846 - rustc_trait_selection[68d7b642aca99d2e]::traits::project::opt_normalize_projection_type
 449:     0x751b3c6790be - <rustc_trait_selection[68d7b642aca99d2e]::traits::project::AssocTypeNormalizer as rustc_type_ir[ff5b6e07df384692]::fold::TypeFolder<rustc_middle[daae97892c643097]::ty::context::TyCtxt>>::fold_ty
 450:     0x751b3c67731e - <rustc_trait_selection[68d7b642aca99d2e]::traits::project::AssocTypeNormalizer as rustc_type_ir[ff5b6e07df384692]::fold::TypeFolder<rustc_middle[daae97892c643097]::ty::context::TyCtxt>>::fold_predicate
 451:     0x751b3c9fd202 - <rustc_trait_selection[68d7b642aca99d2e]::traits::select::SelectionContext>::vtable_auto_impl::{closure#0}
 452:     0x751b39505d0d - <rustc_trait_selection[68d7b642aca99d2e]::traits::select::SelectionContext>::poly_select
 453:     0x751b3c67a846 - rustc_trait_selection[68d7b642aca99d2e]::traits::project::opt_normalize_projection_type
 454:     0x751b3c6790be - <rustc_trait_selection[68d7b642aca99d2e]::traits::project::AssocTypeNormalizer as rustc_type_ir[ff5b6e07df384692]::fold::TypeFolder<rustc_middle[daae97892c643097]::ty::context::TyCtxt>>::fold_ty
 455:     0x751b3c67731e - <rustc_trait_selection[68d7b642aca99d2e]::traits::project::AssocTypeNormalizer as rustc_type_ir[ff5b6e07df384692]::fold::TypeFolder<rustc_middle[daae97892c643097]::ty::context::TyCtxt>>::fold_predicate
 456:     0x751b3c9fd202 - <rustc_trait_selection[68d7b642aca99d2e]::traits::select::SelectionContext>::vtable_auto_impl::{closure#0}
 457:     0x751b39505d0d - <rustc_trait_selection[68d7b642aca99d2e]::traits::select::SelectionContext>::poly_select
 458:     0x751b3c67a846 - rustc_trait_selection[68d7b642aca99d2e]::traits::project::opt_normalize_projection_type
 459:     0x751b3c6790be - <rustc_trait_selection[68d7b642aca99d2e]::traits::project::AssocTypeNormalizer as rustc_type_ir[ff5b6e07df384692]::fold::TypeFolder<rustc_middle[daae97892c643097]::ty::context::TyCtxt>>::fold_ty
 460:     0x751b3c67731e - <rustc_trait_selection[68d7b642aca99d2e]::traits::project::AssocTypeNormalizer as rustc_type_ir[ff5b6e07df384692]::fold::TypeFolder<rustc_middle[daae97892c643097]::ty::context::TyCtxt>>::fold_predicate
 461:     0x751b3c9fd202 - <rustc_trait_selection[68d7b642aca99d2e]::traits::select::SelectionContext>::vtable_auto_impl::{closure#0}
 462:     0x751b39505d0d - <rustc_trait_selection[68d7b642aca99d2e]::traits::select::SelectionContext>::poly_select
 463:     0x751b3c67a846 - rustc_trait_selection[68d7b642aca99d2e]::traits::project::opt_normalize_projection_type
 464:     0x751b3c6790be - <rustc_trait_selection[68d7b642aca99d2e]::traits::project::AssocTypeNormalizer as rustc_type_ir[ff5b6e07df384692]::fold::TypeFolder<rustc_middle[daae97892c643097]::ty::context::TyCtxt>>::fold_ty
 465:     0x751b3c67731e - <rustc_trait_selection[68d7b642aca99d2e]::traits::project::AssocTypeNormalizer as rustc_type_ir[ff5b6e07df384692]::fold::TypeFolder<rustc_middle[daae97892c643097]::ty::context::TyCtxt>>::fold_predicate
 466:     0x751b3c9fd202 - <rustc_trait_selection[68d7b642aca99d2e]::traits::select::SelectionContext>::vtable_auto_impl::{closure#0}
 467:     0x751b39505d0d - <rustc_trait_selection[68d7b642aca99d2e]::traits::select::SelectionContext>::poly_select
 468:     0x751b3c67a846 - rustc_trait_selection[68d7b642aca99d2e]::traits::project::opt_normalize_projection_type
 469:     0x751b3c6790be - <rustc_trait_selection[68d7b642aca99d2e]::traits::project::AssocTypeNormalizer as rustc_type_ir[ff5b6e07df384692]::fold::TypeFolder<rustc_middle[daae97892c643097]::ty::context::TyCtxt>>::fold_ty
 470:     0x751b3c67731e - <rustc_trait_selection[68d7b642aca99d2e]::traits::project::AssocTypeNormalizer as rustc_type_ir[ff5b6e07df384692]::fold::TypeFolder<rustc_middle[daae97892c643097]::ty::context::TyCtxt>>::fold_predicate
 471:     0x751b3c9fd202 - <rustc_trait_selection[68d7b642aca99d2e]::traits::select::SelectionContext>::vtable_auto_impl::{closure#0}
 472:     0x751b39505d0d - <rustc_trait_selection[68d7b642aca99d2e]::traits::select::SelectionContext>::poly_select
 473:     0x751b3c67a846 - rustc_trait_selection[68d7b642aca99d2e]::traits::project::opt_normalize_projection_type
 474:     0x751b3c6790be - <rustc_trait_selection[68d7b642aca99d2e]::traits::project::AssocTypeNormalizer as rustc_type_ir[ff5b6e07df384692]::fold::TypeFolder<rustc_middle[daae97892c643097]::ty::context::TyCtxt>>::fold_ty
 475:     0x751b3c67731e - <rustc_trait_selection[68d7b642aca99d2e]::traits::project::AssocTypeNormalizer as rustc_type_ir[ff5b6e07df384692]::fold::TypeFolder<rustc_middle[daae97892c643097]::ty::context::TyCtxt>>::fold_predicate
 476:     0x751b3c9fd202 - <rustc_trait_selection[68d7b642aca99d2e]::traits::select::SelectionContext>::vtable_auto_impl::{closure#0}
 477:     0x751b39505d0d - <rustc_trait_selection[68d7b642aca99d2e]::traits::select::SelectionContext>::poly_select
 478:     0x751b3c67a846 - rustc_trait_selection[68d7b642aca99d2e]::traits::project::opt_normalize_projection_type
 479:     0x751b3c6790be - <rustc_trait_selection[68d7b642aca99d2e]::traits::project::AssocTypeNormalizer as rustc_type_ir[ff5b6e07df384692]::fold::TypeFolder<rustc_middle[daae97892c643097]::ty::context::TyCtxt>>::fold_ty
 480:     0x751b3c67731e - <rustc_trait_selection[68d7b642aca99d2e]::traits::project::AssocTypeNormalizer as rustc_type_ir[ff5b6e07df384692]::fold::TypeFolder<rustc_middle[daae97892c643097]::ty::context::TyCtxt>>::fold_predicate
 481:     0x751b3c9fd202 - <rustc_trait_selection[68d7b642aca99d2e]::traits::select::SelectionContext>::vtable_auto_impl::{closure#0}
 482:     0x751b39505d0d - <rustc_trait_selection[68d7b642aca99d2e]::traits::select::SelectionContext>::poly_select
 483:     0x751b3c67a846 - rustc_trait_selection[68d7b642aca99d2e]::traits::project::opt_normalize_projection_type
 484:     0x751b3c6790be - <rustc_trait_selection[68d7b642aca99d2e]::traits::project::AssocTypeNormalizer as rustc_type_ir[ff5b6e07df384692]::fold::TypeFolder<rustc_middle[daae97892c643097]::ty::context::TyCtxt>>::fold_ty
 485:     0x751b3c67731e - <rustc_trait_selection[68d7b642aca99d2e]::traits::project::AssocTypeNormalizer as rustc_type_ir[ff5b6e07df384692]::fold::TypeFolder<rustc_middle[daae97892c643097]::ty::context::TyCtxt>>::fold_predicate
 486:     0x751b3c9fd202 - <rustc_trait_selection[68d7b642aca99d2e]::traits::select::SelectionContext>::vtable_auto_impl::{closure#0}
 487:     0x751b39505d0d - <rustc_trait_selection[68d7b642aca99d2e]::traits::select::SelectionContext>::poly_select
 488:     0x751b3c67a846 - rustc_trait_selection[68d7b642aca99d2e]::traits::project::opt_normalize_projection_type
 489:     0x751b3c6790be - <rustc_trait_selection[68d7b642aca99d2e]::traits::project::AssocTypeNormalizer as rustc_type_ir[ff5b6e07df384692]::fold::TypeFolder<rustc_middle[daae97892c643097]::ty::context::TyCtxt>>::fold_ty
 490:     0x751b3c67731e - <rustc_trait_selection[68d7b642aca99d2e]::traits::project::AssocTypeNormalizer as rustc_type_ir[ff5b6e07df384692]::fold::TypeFolder<rustc_middle[daae97892c643097]::ty::context::TyCtxt>>::fold_predicate
 491:     0x751b3c9fd202 - <rustc_trait_selection[68d7b642aca99d2e]::traits::select::SelectionContext>::vtable_auto_impl::{closure#0}
 492:     0x751b39505d0d - <rustc_trait_selection[68d7b642aca99d2e]::traits::select::SelectionContext>::poly_select
 493:     0x751b3c67a846 - rustc_trait_selection[68d7b642aca99d2e]::traits::project::opt_normalize_projection_type
 494:     0x751b3c6790be - <rustc_trait_selection[68d7b642aca99d2e]::traits::project::AssocTypeNormalizer as rustc_type_ir[ff5b6e07df384692]::fold::TypeFolder<rustc_middle[daae97892c643097]::ty::context::TyCtxt>>::fold_ty
 495:     0x751b3c67731e - <rustc_trait_selection[68d7b642aca99d2e]::traits::project::AssocTypeNormalizer as rustc_type_ir[ff5b6e07df384692]::fold::TypeFolder<rustc_middle[daae97892c643097]::ty::context::TyCtxt>>::fold_predicate
 496:     0x751b3c9fd202 - <rustc_trait_selection[68d7b642aca99d2e]::traits::select::SelectionContext>::vtable_auto_impl::{closure#0}
 497:     0x751b39505d0d - <rustc_trait_selection[68d7b642aca99d2e]::traits::select::SelectionContext>::poly_select
 498:     0x751b3c67a846 - rustc_trait_selection[68d7b642aca99d2e]::traits::project::opt_normalize_projection_type
 499:     0x751b3c6790be - <rustc_trait_selection[68d7b642aca99d2e]::traits::project::AssocTypeNormalizer as rustc_type_ir[ff5b6e07df384692]::fold::TypeFolder<rustc_middle[daae97892c643097]::ty::context::TyCtxt>>::fold_ty
 500:     0x751b3c67731e - <rustc_trait_selection[68d7b642aca99d2e]::traits::project::AssocTypeNormalizer as rustc_type_ir[ff5b6e07df384692]::fold::TypeFolder<rustc_middle[daae97892c643097]::ty::context::TyCtxt>>::fold_predicate
 501:     0x751b3c9fd202 - <rustc_trait_selection[68d7b642aca99d2e]::traits::select::SelectionContext>::vtable_auto_impl::{closure#0}
 502:     0x751b39505d0d - <rustc_trait_selection[68d7b642aca99d2e]::traits::select::SelectionContext>::poly_select
 503:     0x751b3c67a846 - rustc_trait_selection[68d7b642aca99d2e]::traits::project::opt_normalize_projection_type
 504:     0x751b3c6790be - <rustc_trait_selection[68d7b642aca99d2e]::traits::project::AssocTypeNormalizer as rustc_type_ir[ff5b6e07df384692]::fold::TypeFolder<rustc_middle[daae97892c643097]::ty::context::TyCtxt>>::fold_ty
 505:     0x751b3c67731e - <rustc_trait_selection[68d7b642aca99d2e]::traits::project::AssocTypeNormalizer as rustc_type_ir[ff5b6e07df384692]::fold::TypeFolder<rustc_middle[daae97892c643097]::ty::context::TyCtxt>>::fold_predicate
 506:     0x751b3c9fd202 - <rustc_trait_selection[68d7b642aca99d2e]::traits::select::SelectionContext>::vtable_auto_impl::{closure#0}
 507:     0x751b39505d0d - <rustc_trait_selection[68d7b642aca99d2e]::traits::select::SelectionContext>::poly_select
 508:     0x751b3c67a846 - rustc_trait_selection[68d7b642aca99d2e]::traits::project::opt_normalize_projection_type
 509:     0x751b3c6790be - <rustc_trait_selection[68d7b642aca99d2e]::traits::project::AssocTypeNormalizer as rustc_type_ir[ff5b6e07df384692]::fold::TypeFolder<rustc_middle[daae97892c643097]::ty::context::TyCtxt>>::fold_ty
 510:     0x751b3c67731e - <rustc_trait_selection[68d7b642aca99d2e]::traits::project::AssocTypeNormalizer as rustc_type_ir[ff5b6e07df384692]::fold::TypeFolder<rustc_middle[daae97892c643097]::ty::context::TyCtxt>>::fold_predicate
 511:     0x751b3c9fd202 - <rustc_trait_selection[68d7b642aca99d2e]::traits::select::SelectionContext>::vtable_auto_impl::{closure#0}
 512:     0x751b39505d0d - <rustc_trait_selection[68d7b642aca99d2e]::traits::select::SelectionContext>::poly_select
 513:     0x751b3c67a846 - rustc_trait_selection[68d7b642aca99d2e]::traits::project::opt_normalize_projection_type
 514:     0x751b3c6790be - <rustc_trait_selection[68d7b642aca99d2e]::traits::project::AssocTypeNormalizer as rustc_type_ir[ff5b6e07df384692]::fold::TypeFolder<rustc_middle[daae97892c643097]::ty::context::TyCtxt>>::fold_ty
 515:     0x751b3c67731e - <rustc_trait_selection[68d7b642aca99d2e]::traits::project::AssocTypeNormalizer as rustc_type_ir[ff5b6e07df384692]::fold::TypeFolder<rustc_middle[daae97892c643097]::ty::context::TyCtxt>>::fold_predicate
 516:     0x751b3c9fd202 - <rustc_trait_selection[68d7b642aca99d2e]::traits::select::SelectionContext>::vtable_auto_impl::{closure#0}
 517:     0x751b39505d0d - <rustc_trait_selection[68d7b642aca99d2e]::traits::select::SelectionContext>::poly_select
 518:     0x751b3c67a846 - rustc_trait_selection[68d7b642aca99d2e]::traits::project::opt_normalize_projection_type
 519:     0x751b3c6790be - <rustc_trait_selection[68d7b642aca99d2e]::traits::project::AssocTypeNormalizer as rustc_type_ir[ff5b6e07df384692]::fold::TypeFolder<rustc_middle[daae97892c643097]::ty::context::TyCtxt>>::fold_ty
 520:     0x751b3c67731e - <rustc_trait_selection[68d7b642aca99d2e]::traits::project::AssocTypeNormalizer as rustc_type_ir[ff5b6e07df384692]::fold::TypeFolder<rustc_middle[daae97892c643097]::ty::context::TyCtxt>>::fold_predicate
 521:     0x751b3c9fd202 - <rustc_trait_selection[68d7b642aca99d2e]::traits::select::SelectionContext>::vtable_auto_impl::{closure#0}
 522:     0x751b39505d0d - <rustc_trait_selection[68d7b642aca99d2e]::traits::select::SelectionContext>::poly_select
 523:     0x751b3c67a846 - rustc_trait_selection[68d7b642aca99d2e]::traits::project::opt_normalize_projection_type
 524:     0x751b3c6790be - <rustc_trait_selection[68d7b642aca99d2e]::traits::project::AssocTypeNormalizer as rustc_type_ir[ff5b6e07df384692]::fold::TypeFolder<rustc_middle[daae97892c643097]::ty::context::TyCtxt>>::fold_ty
 525:     0x751b3c67731e - <rustc_trait_selection[68d7b642aca99d2e]::traits::project::AssocTypeNormalizer as rustc_type_ir[ff5b6e07df384692]::fold::TypeFolder<rustc_middle[daae97892c643097]::ty::context::TyCtxt>>::fold_predicate
 526:     0x751b3c9fd202 - <rustc_trait_selection[68d7b642aca99d2e]::traits::select::SelectionContext>::vtable_auto_impl::{closure#0}
 527:     0x751b39505d0d - <rustc_trait_selection[68d7b642aca99d2e]::traits::select::SelectionContext>::poly_select
 528:     0x751b3c67a846 - rustc_trait_selection[68d7b642aca99d2e]::traits::project::opt_normalize_projection_type
 529:     0x751b3c6790be - <rustc_trait_selection[68d7b642aca99d2e]::traits::project::AssocTypeNormalizer as rustc_type_ir[ff5b6e07df384692]::fold::TypeFolder<rustc_middle[daae97892c643097]::ty::context::TyCtxt>>::fold_ty
 530:     0x751b3c67731e - <rustc_trait_selection[68d7b642aca99d2e]::traits::project::AssocTypeNormalizer as rustc_type_ir[ff5b6e07df384692]::fold::TypeFolder<rustc_middle[daae97892c643097]::ty::context::TyCtxt>>::fold_predicate
 531:     0x751b3c9fd202 - <rustc_trait_selection[68d7b642aca99d2e]::traits::select::SelectionContext>::vtable_auto_impl::{closure#0}
 532:     0x751b39505d0d - <rustc_trait_selection[68d7b642aca99d2e]::traits::select::SelectionContext>::poly_select
 533:     0x751b3c67a846 - rustc_trait_selection[68d7b642aca99d2e]::traits::project::opt_normalize_projection_type
 534:     0x751b3c6790be - <rustc_trait_selection[68d7b642aca99d2e]::traits::project::AssocTypeNormalizer as rustc_type_ir[ff5b6e07df384692]::fold::TypeFolder<rustc_middle[daae97892c643097]::ty::context::TyCtxt>>::fold_ty
 535:     0x751b3c67731e - <rustc_trait_selection[68d7b642aca99d2e]::traits::project::AssocTypeNormalizer as rustc_type_ir[ff5b6e07df384692]::fold::TypeFolder<rustc_middle[daae97892c643097]::ty::context::TyCtxt>>::fold_predicate
 536:     0x751b3c9fd202 - <rustc_trait_selection[68d7b642aca99d2e]::traits::select::SelectionContext>::vtable_auto_impl::{closure#0}
 537:     0x751b39505d0d - <rustc_trait_selection[68d7b642aca99d2e]::traits::select::SelectionContext>::poly_select
 538:     0x751b3c67a846 - rustc_trait_selection[68d7b642aca99d2e]::traits::project::opt_normalize_projection_type
 539:     0x751b3c6790be - <rustc_trait_selection[68d7b642aca99d2e]::traits::project::AssocTypeNormalizer as rustc_type_ir[ff5b6e07df384692]::fold::TypeFolder<rustc_middle[daae97892c643097]::ty::context::TyCtxt>>::fold_ty
 540:     0x751b3c67731e - <rustc_trait_selection[68d7b642aca99d2e]::traits::project::AssocTypeNormalizer as rustc_type_ir[ff5b6e07df384692]::fold::TypeFolder<rustc_middle[daae97892c643097]::ty::context::TyCtxt>>::fold_predicate
 541:     0x751b3c9fd202 - <rustc_trait_selection[68d7b642aca99d2e]::traits::select::SelectionContext>::vtable_auto_impl::{closure#0}
 542:     0x751b39505d0d - <rustc_trait_selection[68d7b642aca99d2e]::traits::select::SelectionContext>::poly_select
 543:     0x751b3c67a846 - rustc_trait_selection[68d7b642aca99d2e]::traits::project::opt_normalize_projection_type
 544:     0x751b3c6790be - <rustc_trait_selection[68d7b642aca99d2e]::traits::project::AssocTypeNormalizer as rustc_type_ir[ff5b6e07df384692]::fold::TypeFolder<rustc_middle[daae97892c643097]::ty::context::TyCtxt>>::fold_ty
 545:     0x751b3c67731e - <rustc_trait_selection[68d7b642aca99d2e]::traits::project::AssocTypeNormalizer as rustc_type_ir[ff5b6e07df384692]::fold::TypeFolder<rustc_middle[daae97892c643097]::ty::context::TyCtxt>>::fold_predicate
 546:     0x751b3c9fd202 - <rustc_trait_selection[68d7b642aca99d2e]::traits::select::SelectionContext>::vtable_auto_impl::{closure#0}
 547:     0x751b39505d0d - <rustc_trait_selection[68d7b642aca99d2e]::traits::select::SelectionContext>::poly_select
 548:     0x751b3c67a846 - rustc_trait_selection[68d7b642aca99d2e]::traits::project::opt_normalize_projection_type
 549:     0x751b3c6790be - <rustc_trait_selection[68d7b642aca99d2e]::traits::project::AssocTypeNormalizer as rustc_type_ir[ff5b6e07df384692]::fold::TypeFolder<rustc_middle[daae97892c643097]::ty::context::TyCtxt>>::fold_ty
 550:     0x751b3c67731e - <rustc_trait_selection[68d7b642aca99d2e]::traits::project::AssocTypeNormalizer as rustc_type_ir[ff5b6e07df384692]::fold::TypeFolder<rustc_middle[daae97892c643097]::ty::context::TyCtxt>>::fold_predicate
 551:     0x751b3c9fd202 - <rustc_trait_selection[68d7b642aca99d2e]::traits::select::SelectionContext>::vtable_auto_impl::{closure#0}
 552:     0x751b39505d0d - <rustc_trait_selection[68d7b642aca99d2e]::traits::select::SelectionContext>::poly_select
 553:     0x751b3c67a846 - rustc_trait_selection[68d7b642aca99d2e]::traits::project::opt_normalize_projection_type
 554:     0x751b3c6790be - <rustc_trait_selection[68d7b642aca99d2e]::traits::project::AssocTypeNormalizer as rustc_type_ir[ff5b6e07df384692]::fold::TypeFolder<rustc_middle[daae97892c643097]::ty::context::TyCtxt>>::fold_ty
 555:     0x751b3c67731e - <rustc_trait_selection[68d7b642aca99d2e]::traits::project::AssocTypeNormalizer as rustc_type_ir[ff5b6e07df384692]::fold::TypeFolder<rustc_middle[daae97892c643097]::ty::context::TyCtxt>>::fold_predicate
 556:     0x751b3c9fd202 - <rustc_trait_selection[68d7b642aca99d2e]::traits::select::SelectionContext>::vtable_auto_impl::{closure#0}
 557:     0x751b39505d0d - <rustc_trait_selection[68d7b642aca99d2e]::traits::select::SelectionContext>::poly_select
 558:     0x751b3c67a846 - rustc_trait_selection[68d7b642aca99d2e]::traits::project::opt_normalize_projection_type
 559:     0x751b3c6790be - <rustc_trait_selection[68d7b642aca99d2e]::traits::project::AssocTypeNormalizer as rustc_type_ir[ff5b6e07df384692]::fold::TypeFolder<rustc_middle[daae97892c643097]::ty::context::TyCtxt>>::fold_ty
 560:     0x751b3c67731e - <rustc_trait_selection[68d7b642aca99d2e]::traits::project::AssocTypeNormalizer as rustc_type_ir[ff5b6e07df384692]::fold::TypeFolder<rustc_middle[daae97892c643097]::ty::context::TyCtxt>>::fold_predicate
 561:     0x751b3c9fd202 - <rustc_trait_selection[68d7b642aca99d2e]::traits::select::SelectionContext>::vtable_auto_impl::{closure#0}
 562:     0x751b39505d0d - <rustc_trait_selection[68d7b642aca99d2e]::traits::select::SelectionContext>::poly_select
 563:     0x751b3c67a846 - rustc_trait_selection[68d7b642aca99d2e]::traits::project::opt_normalize_projection_type
 564:     0x751b3c6790be - <rustc_trait_selection[68d7b642aca99d2e]::traits::project::AssocTypeNormalizer as rustc_type_ir[ff5b6e07df384692]::fold::TypeFolder<rustc_middle[daae97892c643097]::ty::context::TyCtxt>>::fold_ty
 565:     0x751b3c67731e - <rustc_trait_selection[68d7b642aca99d2e]::traits::project::AssocTypeNormalizer as rustc_type_ir[ff5b6e07df384692]::fold::TypeFolder<rustc_middle[daae97892c643097]::ty::context::TyCtxt>>::fold_predicate
 566:     0x751b3c9fd202 - <rustc_trait_selection[68d7b642aca99d2e]::traits::select::SelectionContext>::vtable_auto_impl::{closure#0}
 567:     0x751b39505d0d - <rustc_trait_selection[68d7b642aca99d2e]::traits::select::SelectionContext>::poly_select
 568:     0x751b3c67a846 - rustc_trait_selection[68d7b642aca99d2e]::traits::project::opt_normalize_projection_type
 569:     0x751b3c6790be - <rustc_trait_selection[68d7b642aca99d2e]::traits::project::AssocTypeNormalizer as rustc_type_ir[ff5b6e07df384692]::fold::TypeFolder<rustc_middle[daae97892c643097]::ty::context::TyCtxt>>::fold_ty
 570:     0x751b3c67731e - <rustc_trait_selection[68d7b642aca99d2e]::traits::project::AssocTypeNormalizer as rustc_type_ir[ff5b6e07df384692]::fold::TypeFolder<rustc_middle[daae97892c643097]::ty::context::TyCtxt>>::fold_predicate
 571:     0x751b3c9fd202 - <rustc_trait_selection[68d7b642aca99d2e]::traits::select::SelectionContext>::vtable_auto_impl::{closure#0}
 572:     0x751b39505d0d - <rustc_trait_selection[68d7b642aca99d2e]::traits::select::SelectionContext>::poly_select
 573:     0x751b3c67a846 - rustc_trait_selection[68d7b642aca99d2e]::traits::project::opt_normalize_projection_type
 574:     0x751b3c6790be - <rustc_trait_selection[68d7b642aca99d2e]::traits::project::AssocTypeNormalizer as rustc_type_ir[ff5b6e07df384692]::fold::TypeFolder<rustc_middle[daae97892c643097]::ty::context::TyCtxt>>::fold_ty
 575:     0x751b3c67731e - <rustc_trait_selection[68d7b642aca99d2e]::traits::project::AssocTypeNormalizer as rustc_type_ir[ff5b6e07df384692]::fold::TypeFolder<rustc_middle[daae97892c643097]::ty::context::TyCtxt>>::fold_predicate
 576:     0x751b3c9fd202 - <rustc_trait_selection[68d7b642aca99d2e]::traits::select::SelectionContext>::vtable_auto_impl::{closure#0}
 577:     0x751b39505d0d - <rustc_trait_selection[68d7b642aca99d2e]::traits::select::SelectionContext>::poly_select
 578:     0x751b3c67a846 - rustc_trait_selection[68d7b642aca99d2e]::traits::project::opt_normalize_projection_type
 579:     0x751b3c6790be - <rustc_trait_selection[68d7b642aca99d2e]::traits::project::AssocTypeNormalizer as rustc_type_ir[ff5b6e07df384692]::fold::TypeFolder<rustc_middle[daae97892c643097]::ty::context::TyCtxt>>::fold_ty
 580:     0x751b3c67731e - <rustc_trait_selection[68d7b642aca99d2e]::traits::project::AssocTypeNormalizer as rustc_type_ir[ff5b6e07df384692]::fold::TypeFolder<rustc_middle[daae97892c643097]::ty::context::TyCtxt>>::fold_predicate
 581:     0x751b3c9fd202 - <rustc_trait_selection[68d7b642aca99d2e]::traits::select::SelectionContext>::vtable_auto_impl::{closure#0}
 582:     0x751b39505d0d - <rustc_trait_selection[68d7b642aca99d2e]::traits::select::SelectionContext>::poly_select
 583:     0x751b3c67a846 - rustc_trait_selection[68d7b642aca99d2e]::traits::project::opt_normalize_projection_type
 584:     0x751b3c6790be - <rustc_trait_selection[68d7b642aca99d2e]::traits::project::AssocTypeNormalizer as rustc_type_ir[ff5b6e07df384692]::fold::TypeFolder<rustc_middle[daae97892c643097]::ty::context::TyCtxt>>::fold_ty
 585:     0x751b3c67731e - <rustc_trait_selection[68d7b642aca99d2e]::traits::project::AssocTypeNormalizer as rustc_type_ir[ff5b6e07df384692]::fold::TypeFolder<rustc_middle[daae97892c643097]::ty::context::TyCtxt>>::fold_predicate
 586:     0x751b3c9fd202 - <rustc_trait_selection[68d7b642aca99d2e]::traits::select::SelectionContext>::vtable_auto_impl::{closure#0}
 587:     0x751b39505d0d - <rustc_trait_selection[68d7b642aca99d2e]::traits::select::SelectionContext>::poly_select
 588:     0x751b3c67a846 - rustc_trait_selection[68d7b642aca99d2e]::traits::project::opt_normalize_projection_type
 589:     0x751b3c6790be - <rustc_trait_selection[68d7b642aca99d2e]::traits::project::AssocTypeNormalizer as rustc_type_ir[ff5b6e07df384692]::fold::TypeFolder<rustc_middle[daae97892c643097]::ty::context::TyCtxt>>::fold_ty
 590:     0x751b3c67731e - <rustc_trait_selection[68d7b642aca99d2e]::traits::project::AssocTypeNormalizer as rustc_type_ir[ff5b6e07df384692]::fold::TypeFolder<rustc_middle[daae97892c643097]::ty::context::TyCtxt>>::fold_predicate
 591:     0x751b3c9fd202 - <rustc_trait_selection[68d7b642aca99d2e]::traits::select::SelectionContext>::vtable_auto_impl::{closure#0}
 592:     0x751b39505d0d - <rustc_trait_selection[68d7b642aca99d2e]::traits::select::SelectionContext>::poly_select
 593:     0x751b3c67a846 - rustc_trait_selection[68d7b642aca99d2e]::traits::project::opt_normalize_projection_type
 594:     0x751b3c6790be - <rustc_trait_selection[68d7b642aca99d2e]::traits::project::AssocTypeNormalizer as rustc_type_ir[ff5b6e07df384692]::fold::TypeFolder<rustc_middle[daae97892c643097]::ty::context::TyCtxt>>::fold_ty
 595:     0x751b3c67731e - <rustc_trait_selection[68d7b642aca99d2e]::traits::project::AssocTypeNormalizer as rustc_type_ir[ff5b6e07df384692]::fold::TypeFolder<rustc_middle[daae97892c643097]::ty::context::TyCtxt>>::fold_predicate
 596:     0x751b3c9fd202 - <rustc_trait_selection[68d7b642aca99d2e]::traits::select::SelectionContext>::vtable_auto_impl::{closure#0}
 597:     0x751b39505d0d - <rustc_trait_selection[68d7b642aca99d2e]::traits::select::SelectionContext>::poly_select
 598:     0x751b3c67a846 - rustc_trait_selection[68d7b642aca99d2e]::traits::project::opt_normalize_projection_type
 599:     0x751b3c6790be - <rustc_trait_selection[68d7b642aca99d2e]::traits::project::AssocTypeNormalizer as rustc_type_ir[ff5b6e07df384692]::fold::TypeFolder<rustc_middle[daae97892c643097]::ty::context::TyCtxt>>::fold_ty
 600:     0x751b3c67731e - <rustc_trait_selection[68d7b642aca99d2e]::traits::project::AssocTypeNormalizer as rustc_type_ir[ff5b6e07df384692]::fold::TypeFolder<rustc_middle[daae97892c643097]::ty::context::TyCtxt>>::fold_predicate
 601:     0x751b3c9fd202 - <rustc_trait_selection[68d7b642aca99d2e]::traits::select::SelectionContext>::vtable_auto_impl::{closure#0}
 602:     0x751b39505d0d - <rustc_trait_selection[68d7b642aca99d2e]::traits::select::SelectionContext>::poly_select
 603:     0x751b3c67a846 - rustc_trait_selection[68d7b642aca99d2e]::traits::project::opt_normalize_projection_type
 604:     0x751b3c6790be - <rustc_trait_selection[68d7b642aca99d2e]::traits::project::AssocTypeNormalizer as rustc_type_ir[ff5b6e07df384692]::fold::TypeFolder<rustc_middle[daae97892c643097]::ty::context::TyCtxt>>::fold_ty
 605:     0x751b3c67731e - <rustc_trait_selection[68d7b642aca99d2e]::traits::project::AssocTypeNormalizer as rustc_type_ir[ff5b6e07df384692]::fold::TypeFolder<rustc_middle[daae97892c643097]::ty::context::TyCtxt>>::fold_predicate
 606:     0x751b3c9fd202 - <rustc_trait_selection[68d7b642aca99d2e]::traits::select::SelectionContext>::vtable_auto_impl::{closure#0}
 607:     0x751b39505d0d - <rustc_trait_selection[68d7b642aca99d2e]::traits::select::SelectionContext>::poly_select
 608:     0x751b3c67a846 - rustc_trait_selection[68d7b642aca99d2e]::traits::project::opt_normalize_projection_type
 609:     0x751b3c6790be - <rustc_trait_selection[68d7b642aca99d2e]::traits::project::AssocTypeNormalizer as rustc_type_ir[ff5b6e07df384692]::fold::TypeFolder<rustc_middle[daae97892c643097]::ty::context::TyCtxt>>::fold_ty
 610:     0x751b3c67731e - <rustc_trait_selection[68d7b642aca99d2e]::traits::project::AssocTypeNormalizer as rustc_type_ir[ff5b6e07df384692]::fold::TypeFolder<rustc_middle[daae97892c643097]::ty::context::TyCtxt>>::fold_predicate
 611:     0x751b3c9fd202 - <rustc_trait_selection[68d7b642aca99d2e]::traits::select::SelectionContext>::vtable_auto_impl::{closure#0}
 612:     0x751b39505d0d - <rustc_trait_selection[68d7b642aca99d2e]::traits::select::SelectionContext>::poly_select
 613:     0x751b3c67a846 - rustc_trait_selection[68d7b642aca99d2e]::traits::project::opt_normalize_projection_type
 614:     0x751b3c6790be - <rustc_trait_selection[68d7b642aca99d2e]::traits::project::AssocTypeNormalizer as rustc_type_ir[ff5b6e07df384692]::fold::TypeFolder<rustc_middle[daae97892c643097]::ty::context::TyCtxt>>::fold_ty
 615:     0x751b3c67731e - <rustc_trait_selection[68d7b642aca99d2e]::traits::project::AssocTypeNormalizer as rustc_type_ir[ff5b6e07df384692]::fold::TypeFolder<rustc_middle[daae97892c643097]::ty::context::TyCtxt>>::fold_predicate
 616:     0x751b3c9fd202 - <rustc_trait_selection[68d7b642aca99d2e]::traits::select::SelectionContext>::vtable_auto_impl::{closure#0}
 617:     0x751b39505d0d - <rustc_trait_selection[68d7b642aca99d2e]::traits::select::SelectionContext>::poly_select
 618:     0x751b3c67a846 - rustc_trait_selection[68d7b642aca99d2e]::traits::project::opt_normalize_projection_type
 619:     0x751b3c6790be - <rustc_trait_selection[68d7b642aca99d2e]::traits::project::AssocTypeNormalizer as rustc_type_ir[ff5b6e07df384692]::fold::TypeFolder<rustc_middle[daae97892c643097]::ty::context::TyCtxt>>::fold_ty
 620:     0x751b3c67731e - <rustc_trait_selection[68d7b642aca99d2e]::traits::project::AssocTypeNormalizer as rustc_type_ir[ff5b6e07df384692]::fold::TypeFolder<rustc_middle[daae97892c643097]::ty::context::TyCtxt>>::fold_predicate
 621:     0x751b3c9fd202 - <rustc_trait_selection[68d7b642aca99d2e]::traits::select::SelectionContext>::vtable_auto_impl::{closure#0}
 622:     0x751b39505d0d - <rustc_trait_selection[68d7b642aca99d2e]::traits::select::SelectionContext>::poly_select
 623:     0x751b3c67a846 - rustc_trait_selection[68d7b642aca99d2e]::traits::project::opt_normalize_projection_type
 624:     0x751b3c6790be - <rustc_trait_selection[68d7b642aca99d2e]::traits::project::AssocTypeNormalizer as rustc_type_ir[ff5b6e07df384692]::fold::TypeFolder<rustc_middle[daae97892c643097]::ty::context::TyCtxt>>::fold_ty
 625:     0x751b3c67731e - <rustc_trait_selection[68d7b642aca99d2e]::traits::project::AssocTypeNormalizer as rustc_type_ir[ff5b6e07df384692]::fold::TypeFolder<rustc_middle[daae97892c643097]::ty::context::TyCtxt>>::fold_predicate
 626:     0x751b3c9fd202 - <rustc_trait_selection[68d7b642aca99d2e]::traits::select::SelectionContext>::vtable_auto_impl::{closure#0}
 627:     0x751b39505d0d - <rustc_trait_selection[68d7b642aca99d2e]::traits::select::SelectionContext>::poly_select
 628:     0x751b3c67a846 - rustc_trait_selection[68d7b642aca99d2e]::traits::project::opt_normalize_projection_type
 629:     0x751b3c6790be - <rustc_trait_selection[68d7b642aca99d2e]::traits::project::AssocTypeNormalizer as rustc_type_ir[ff5b6e07df384692]::fold::TypeFolder<rustc_middle[daae97892c643097]::ty::context::TyCtxt>>::fold_ty
 630:     0x751b3c67731e - <rustc_trait_selection[68d7b642aca99d2e]::traits::project::AssocTypeNormalizer as rustc_type_ir[ff5b6e07df384692]::fold::TypeFolder<rustc_middle[daae97892c643097]::ty::context::TyCtxt>>::fold_predicate
 631:     0x751b3c9fd202 - <rustc_trait_selection[68d7b642aca99d2e]::traits::select::SelectionContext>::vtable_auto_impl::{closure#0}
 632:     0x751b39505d0d - <rustc_trait_selection[68d7b642aca99d2e]::traits::select::SelectionContext>::poly_select
 633:     0x751b3c67a846 - rustc_trait_selection[68d7b642aca99d2e]::traits::project::opt_normalize_projection_type
 634:     0x751b3c6790be - <rustc_trait_selection[68d7b642aca99d2e]::traits::project::AssocTypeNormalizer as rustc_type_ir[ff5b6e07df384692]::fold::TypeFolder<rustc_middle[daae97892c643097]::ty::context::TyCtxt>>::fold_ty
 635:     0x751b3c67731e - <rustc_trait_selection[68d7b642aca99d2e]::traits::project::AssocTypeNormalizer as rustc_type_ir[ff5b6e07df384692]::fold::TypeFolder<rustc_middle[daae97892c643097]::ty::context::TyCtxt>>::fold_predicate
 636:     0x751b3c9fd202 - <rustc_trait_selection[68d7b642aca99d2e]::traits::select::SelectionContext>::vtable_auto_impl::{closure#0}
 637:     0x751b39505d0d - <rustc_trait_selection[68d7b642aca99d2e]::traits::select::SelectionContext>::poly_select
 638:     0x751b3c67a846 - rustc_trait_selection[68d7b642aca99d2e]::traits::project::opt_normalize_projection_type
 639:     0x751b3c6790be - <rustc_trait_selection[68d7b642aca99d2e]::traits::project::AssocTypeNormalizer as rustc_type_ir[ff5b6e07df384692]::fold::TypeFolder<rustc_middle[daae97892c643097]::ty::context::TyCtxt>>::fold_ty
 640:     0x751b3c67731e - <rustc_trait_selection[68d7b642aca99d2e]::traits::project::AssocTypeNormalizer as rustc_type_ir[ff5b6e07df384692]::fold::TypeFolder<rustc_middle[daae97892c643097]::ty::context::TyCtxt>>::fold_predicate
 641:     0x751b3c9fd202 - <rustc_trait_selection[68d7b642aca99d2e]::traits::select::SelectionContext>::vtable_auto_impl::{closure#0}
 642:     0x751b39505d0d - <rustc_trait_selection[68d7b642aca99d2e]::traits::select::SelectionContext>::poly_select
 643:     0x751b3c67a846 - rustc_trait_selection[68d7b642aca99d2e]::traits::project::opt_normalize_projection_type
 644:     0x751b3c6790be - <rustc_trait_selection[68d7b642aca99d2e]::traits::project::AssocTypeNormalizer as rustc_type_ir[ff5b6e07df384692]::fold::TypeFolder<rustc_middle[daae97892c643097]::ty::context::TyCtxt>>::fold_ty
 645:     0x751b3c67731e - <rustc_trait_selection[68d7b642aca99d2e]::traits::project::AssocTypeNormalizer as rustc_type_ir[ff5b6e07df384692]::fold::TypeFolder<rustc_middle[daae97892c643097]::ty::context::TyCtxt>>::fold_predicate
 646:     0x751b3c9fd202 - <rustc_trait_selection[68d7b642aca99d2e]::traits::select::SelectionContext>::vtable_auto_impl::{closure#0}
 647:     0x751b39505d0d - <rustc_trait_selection[68d7b642aca99d2e]::traits::select::SelectionContext>::poly_select
 648:     0x751b3c67a846 - rustc_trait_selection[68d7b642aca99d2e]::traits::project::opt_normalize_projection_type
 649:     0x751b3c6790be - <rustc_trait_selection[68d7b642aca99d2e]::traits::project::AssocTypeNormalizer as rustc_type_ir[ff5b6e07df384692]::fold::TypeFolder<rustc_middle[daae97892c643097]::ty::context::TyCtxt>>::fold_ty
 650:     0x751b3c67731e - <rustc_trait_selection[68d7b642aca99d2e]::traits::project::AssocTypeNormalizer as rustc_type_ir[ff5b6e07df384692]::fold::TypeFolder<rustc_middle[daae97892c643097]::ty::context::TyCtxt>>::fold_predicate
 651:     0x751b3c9fd202 - <rustc_trait_selection[68d7b642aca99d2e]::traits::select::SelectionContext>::vtable_auto_impl::{closure#0}
 652:     0x751b39505d0d - <rustc_trait_selection[68d7b642aca99d2e]::traits::select::SelectionContext>::poly_select
 653:     0x751b3c67a846 - rustc_trait_selection[68d7b642aca99d2e]::traits::project::opt_normalize_projection_type
 654:     0x751b3c6790be - <rustc_trait_selection[68d7b642aca99d2e]::traits::project::AssocTypeNormalizer as rustc_type_ir[ff5b6e07df384692]::fold::TypeFolder<rustc_middle[daae97892c643097]::ty::context::TyCtxt>>::fold_ty
 655:     0x751b3c67731e - <rustc_trait_selection[68d7b642aca99d2e]::traits::project::AssocTypeNormalizer as rustc_type_ir[ff5b6e07df384692]::fold::TypeFolder<rustc_middle[daae97892c643097]::ty::context::TyCtxt>>::fold_predicate
 656:     0x751b3c9fd202 - <rustc_trait_selection[68d7b642aca99d2e]::traits::select::SelectionContext>::vtable_auto_impl::{closure#0}
 657:     0x751b39505d0d - <rustc_trait_selection[68d7b642aca99d2e]::traits::select::SelectionContext>::poly_select
 658:     0x751b3c67a846 - rustc_trait_selection[68d7b642aca99d2e]::traits::project::opt_normalize_projection_type
 659:     0x751b3c6790be - <rustc_trait_selection[68d7b642aca99d2e]::traits::project::AssocTypeNormalizer as rustc_type_ir[ff5b6e07df384692]::fold::TypeFolder<rustc_middle[daae97892c643097]::ty::context::TyCtxt>>::fold_ty
 660:     0x751b3c67731e - <rustc_trait_selection[68d7b642aca99d2e]::traits::project::AssocTypeNormalizer as rustc_type_ir[ff5b6e07df384692]::fold::TypeFolder<rustc_middle[daae97892c643097]::ty::context::TyCtxt>>::fold_predicate
 661:     0x751b3c9fd202 - <rustc_trait_selection[68d7b642aca99d2e]::traits::select::SelectionContext>::vtable_auto_impl::{closure#0}
 662:     0x751b39505d0d - <rustc_trait_selection[68d7b642aca99d2e]::traits::select::SelectionContext>::poly_select
 663:     0x751b3c67a846 - rustc_trait_selection[68d7b642aca99d2e]::traits::project::opt_normalize_projection_type
 664:     0x751b3c6790be - <rustc_trait_selection[68d7b642aca99d2e]::traits::project::AssocTypeNormalizer as rustc_type_ir[ff5b6e07df384692]::fold::TypeFolder<rustc_middle[daae97892c643097]::ty::context::TyCtxt>>::fold_ty
 665:     0x751b3c67731e - <rustc_trait_selection[68d7b642aca99d2e]::traits::project::AssocTypeNormalizer as rustc_type_ir[ff5b6e07df384692]::fold::TypeFolder<rustc_middle[daae97892c643097]::ty::context::TyCtxt>>::fold_predicate
 666:     0x751b3c63f384 - rustc_trait_selection[68d7b642aca99d2e]::traits::wf::clause_obligations
 667:     0x751b3cb0c6ba - rustc_hir_analysis[66984c0e124b9c52]::check::wfcheck::check_where_clauses
 668:     0x751b3ce2ece9 - rustc_hir_analysis[66984c0e124b9c52]::check::wfcheck::check_trait
 669:     0x751b3cc08f5d - rustc_hir_analysis[66984c0e124b9c52]::check::wfcheck::check_well_formed
 670:     0x751b3cc07f47 - rustc_query_impl[e5a1ba0ed9e81f9]::plumbing::__rust_begin_short_backtrace::<rustc_query_impl[e5a1ba0ed9e81f9]::query_impl::check_well_formed::dynamic_query::{closure#2}::{closure#0}, rustc_middle[daae97892c643097]::query::erase::Erased<[u8; 1usize]>>
 671:     0x751b3c939cfb - rustc_query_system[6c187a20778d2707]::query::plumbing::try_execute_query::<rustc_query_impl[e5a1ba0ed9e81f9]::DynamicConfig<rustc_query_system[6c187a20778d2707]::query::caches::VecCache<rustc_hir[77cca0b506672aff]::hir_id::OwnerId, rustc_middle[daae97892c643097]::query::erase::Erased<[u8; 1usize]>>, false, false, false>, rustc_query_impl[e5a1ba0ed9e81f9]::plumbing::QueryCtxt, true>
 672:     0x751b3c9397f3 - rustc_query_impl[e5a1ba0ed9e81f9]::query_impl::check_well_formed::get_query_incr::__rust_end_short_backtrace
 673:     0x751b3cc067c6 - rustc_hir_analysis[66984c0e124b9c52]::check::wfcheck::check_mod_type_wf
 674:     0x751b3cc066fb - rustc_query_impl[e5a1ba0ed9e81f9]::plumbing::__rust_begin_short_backtrace::<rustc_query_impl[e5a1ba0ed9e81f9]::query_impl::check_mod_type_wf::dynamic_query::{closure#2}::{closure#0}, rustc_middle[daae97892c643097]::query::erase::Erased<[u8; 1usize]>>
 675:     0x751b3cc04abb - rustc_query_system[6c187a20778d2707]::query::plumbing::try_execute_query::<rustc_query_impl[e5a1ba0ed9e81f9]::DynamicConfig<rustc_query_system[6c187a20778d2707]::query::caches::DefaultCache<rustc_span[9e0791e3c4c86dbe]::def_id::LocalModDefId, rustc_middle[daae97892c643097]::query::erase::Erased<[u8; 1usize]>>, false, false, false>, rustc_query_impl[e5a1ba0ed9e81f9]::plumbing::QueryCtxt, true>
 676:     0x751b3c9b7782 - rustc_query_impl[e5a1ba0ed9e81f9]::query_impl::check_mod_type_wf::get_query_incr::__rust_end_short_backtrace
 677:     0x751b3c9b79da - <rustc_middle[daae97892c643097]::hir::map::Map>::try_par_for_each_module::<rustc_hir_analysis[66984c0e124b9c52]::check_crate::{closure#4}::{closure#0}>::{closure#0}
 678:     0x751b3c9b81d5 - rustc_hir_analysis[66984c0e124b9c52]::check_crate
 679:     0x751b3c78ff17 - rustc_interface[831e15b2e431b0f6]::passes::analysis
 680:     0x751b3c78fb77 - rustc_query_impl[e5a1ba0ed9e81f9]::plumbing::__rust_begin_short_backtrace::<rustc_query_impl[e5a1ba0ed9e81f9]::query_impl::analysis::dynamic_query::{closure#2}::{closure#0}, rustc_middle[daae97892c643097]::query::erase::Erased<[u8; 1usize]>>
 681:     0x751b3d398b8b - rustc_query_system[6c187a20778d2707]::query::plumbing::try_execute_query::<rustc_query_impl[e5a1ba0ed9e81f9]::DynamicConfig<rustc_query_system[6c187a20778d2707]::query::caches::SingleCache<rustc_middle[daae97892c643097]::query::erase::Erased<[u8; 1usize]>>, false, false, false>, rustc_query_impl[e5a1ba0ed9e81f9]::plumbing::QueryCtxt, true>
 682:     0x751b3d398834 - rustc_query_impl[e5a1ba0ed9e81f9]::query_impl::analysis::get_query_incr::__rust_end_short_backtrace
 683:     0x751b3d3a08bf - rustc_interface[831e15b2e431b0f6]::interface::run_compiler::<core[8a67e6974ccac828]::result::Result<(), rustc_span[9e0791e3c4c86dbe]::ErrorGuaranteed>, rustc_driver_impl[d8606f92990f6f5d]::run_compiler::{closure#1}>::{closure#0}
 684:     0x751b3d3a7bda - std[c4bd9fc7ef7c0c3b]::sys_common::backtrace::__rust_begin_short_backtrace::<rustc_interface[831e15b2e431b0f6]::util::run_in_thread_with_globals<rustc_interface[831e15b2e431b0f6]::util::run_in_thread_pool_with_globals<rustc_interface[831e15b2e431b0f6]::interface::run_compiler<core[8a67e6974ccac828]::result::Result<(), rustc_span[9e0791e3c4c86dbe]::ErrorGuaranteed>, rustc_driver_impl[d8606f92990f6f5d]::run_compiler::{closure#1}>::{closure#0}, core[8a67e6974ccac828]::result::Result<(), rustc_span[9e0791e3c4c86dbe]::ErrorGuaranteed>>::{closure#0}, core[8a67e6974ccac828]::result::Result<(), rustc_span[9e0791e3c4c86dbe]::ErrorGuaranteed>>::{closure#0}::{closure#0}, core[8a67e6974ccac828]::result::Result<(), rustc_span[9e0791e3c4c86dbe]::ErrorGuaranteed>>
 685:     0x751b3d3a7a03 - <<std[c4bd9fc7ef7c0c3b]::thread::Builder>::spawn_unchecked_<rustc_interface[831e15b2e431b0f6]::util::run_in_thread_with_globals<rustc_interface[831e15b2e431b0f6]::util::run_in_thread_pool_with_globals<rustc_interface[831e15b2e431b0f6]::interface::run_compiler<core[8a67e6974ccac828]::result::Result<(), rustc_span[9e0791e3c4c86dbe]::ErrorGuaranteed>, rustc_driver_impl[d8606f92990f6f5d]::run_compiler::{closure#1}>::{closure#0}, core[8a67e6974ccac828]::result::Result<(), rustc_span[9e0791e3c4c86dbe]::ErrorGuaranteed>>::{closure#0}, core[8a67e6974ccac828]::result::Result<(), rustc_span[9e0791e3c4c86dbe]::ErrorGuaranteed>>::{closure#0}::{closure#0}, core[8a67e6974ccac828]::result::Result<(), rustc_span[9e0791e3c4c86dbe]::ErrorGuaranteed>>::{closure#1} as core[8a67e6974ccac828]::ops::function::FnOnce<()>>::call_once::{shim:vtable#0}
 686:     0x751b3e441695 - <alloc::boxed::Box<F,A> as core::ops::function::FnOnce<Args>>::call_once::h24881513d8c4f4ef
                               at /rustc/2c1b65ee1431f8d3fe2142e821eb13c623bbf8a0/library/alloc/src/boxed.rs:2007:9
 687:     0x751b3e441695 - <alloc::boxed::Box<F,A> as core::ops::function::FnOnce<Args>>::call_once::ha8642a6de0ed8857
                               at /rustc/2c1b65ee1431f8d3fe2142e821eb13c623bbf8a0/library/alloc/src/boxed.rs:2007:9
 688:     0x751b3e441695 - std::sys::unix::thread::Thread::new::thread_start::h08a5830cf43ea95f
                               at /rustc/2c1b65ee1431f8d3fe2142e821eb13c623bbf8a0/library/std/src/sys/unix/thread.rs:108:17
 689:     0x751b38094ac3 - start_thread
                               at ./nptl/pthread_create.c:442:8
 690:     0x751b381268c0 - __GI___clone3
                               at ./misc/../sysdeps/unix/sysv/linux/x86_64/clone3.S:81
 691:                0x0 - <unknown>

note: we would appreciate a bug report: https://github.com/rust-lang/rust/issues/new?labels=C-bug%2C+I-ICE%2C+T-compiler&template=ice.md

note: please attach the file at `/data/zhangtianrong/projects/rustc-cbl/run/117829/rustc-ice-2026-01-16T14_38_46-3615821.txt` to your bug report

note: compiler flags: --crate-type bin -C embed-bitcode=no -C debuginfo=2 -C incremental=[REDACTED]

note: some of the compiler flags provided by cargo are hidden

query stack during panic:
#0 [check_well_formed] checking that `Z` is well-formed
#1 [check_mod_type_wf] checking that types are well-formed in top-level module
#2 [analysis] running analysis passes on this crate
end of query stack
Some errors have detailed explanations: E0380, E0567, E0568, E0658.
For more information about an error, try `rustc --explain E0380`.
error: could not compile `bug_117829` (bin "bug_117829") due to 4 previous errors
------------------------------------------------------------
Return code: 101
