=== START 2026-01-18 16:10:48 ===
Bug ID: 120421
Toolchain: nightly-2024-01-27
Source: /data/zhangtianrong/projects/rustc-cbl/rustcbugs/120421
Run dir: /data/zhangtianrong/projects/rustc-cbl/run/120421
CMD: rustup run nightly-2024-01-27 cargo build RUSTFLAGS=-Zlint-mir
------------------------------------------------------------
   Compiling bug_120421 v0.1.0 (/data/zhangtianrong/projects/rustc-cbl/run/120421)
warning: the feature `never_patterns` is incomplete and may not be safe to use and/or cause compiler crashes
 --> src/main.rs:1:12
  |
1 | #![feature(never_patterns)]
  |            ^^^^^^^^^^^^^^
  |
  = note: see issue #118155 <https://github.com/rust-lang/rust/issues/118155> for more information
  = note: `#[warn(incomplete_features)]` on by default

warning: unnecessary parentheses around pattern
 --> src/main.rs:8:9
  |
8 |     for (Ok(mut _x) | Err(!)) in [res_void] {}
  |         ^                   ^
  |
  = note: `#[warn(unused_parens)]` on by default
help: remove these parentheses
  |
8 -     for (Ok(mut _x) | Err(!)) in [res_void] {}
8 +     for Ok(mut _x) | Err(!) in [res_void] {}
  |

note: no errors encountered even though `span_delayed_bug` issued

note: those delayed bugs will now be shown as internal compiler errors

error: internal compiler error: broken MIR in Item(DefId(0:4 ~ bug_120421[fbaa]::main)) (after pass CheckPackedRef) at bb14[0]:
                                StorageLive(_14) which already has storage here
 --> src/main.rs:8:13
  |
8 |     for (Ok(mut _x) | Err(!)) in [res_void] {}
  |             ^^^^^^
  |
note: delayed at compiler/rustc_mir_transform/src/lint.rs:97:26
         0: <rustc_errors::DiagCtxtInner>::emit_diagnostic
         1: <rustc_errors::DiagCtxt>::emit_diagnostic
         2: <rustc_span::ErrorGuaranteed as rustc_errors::diagnostic_builder::EmissionGuarantee>::emit_producing_guarantee
         3: <rustc_mir_transform::lint::Lint>::fail::<alloc::string::String>
         4: <rustc_mir_transform::lint::Lint as rustc_middle::mir::visit::Visitor>::visit_statement
         5: rustc_mir_transform::lint::lint_body
         6: rustc_mir_transform::mir_const
         7: rustc_query_impl::plumbing::__rust_begin_short_backtrace::<rustc_query_impl::query_impl::mir_const::dynamic_query::{closure#2}::{closure#0}, rustc_middle::query::erase::Erased<[u8; 8]>>
         8: rustc_query_system::query::plumbing::try_execute_query::<rustc_query_impl::DynamicConfig<rustc_query_system::query::caches::VecCache<rustc_span::def_id::LocalDefId, rustc_middle::query::erase::Erased<[u8; 8]>>, false, false, false>, rustc_query_impl::plumbing::QueryCtxt, true>
         9: rustc_query_impl::query_impl::mir_const::get_query_incr::__rust_end_short_backtrace
        10: rustc_mir_transform::mir_promoted
        11: rustc_query_impl::plumbing::__rust_begin_short_backtrace::<rustc_query_impl::query_impl::mir_promoted::dynamic_query::{closure#2}::{closure#0}, rustc_middle::query::erase::Erased<[u8; 16]>>
        12: rustc_query_system::query::plumbing::try_execute_query::<rustc_query_impl::DynamicConfig<rustc_query_system::query::caches::VecCache<rustc_span::def_id::LocalDefId, rustc_middle::query::erase::Erased<[u8; 16]>>, false, false, false>, rustc_query_impl::plumbing::QueryCtxt, true>
        13: rustc_query_impl::query_impl::mir_promoted::get_query_incr::__rust_end_short_backtrace
        14: rustc_borrowck::mir_borrowck
        15: rustc_query_impl::plumbing::__rust_begin_short_backtrace::<rustc_query_impl::query_impl::mir_borrowck::dynamic_query::{closure#2}::{closure#0}, rustc_middle::query::erase::Erased<[u8; 8]>>
        16: rustc_query_system::query::plumbing::try_execute_query::<rustc_query_impl::DynamicConfig<rustc_query_system::query::caches::VecCache<rustc_span::def_id::LocalDefId, rustc_middle::query::erase::Erased<[u8; 8]>>, false, false, false>, rustc_query_impl::plumbing::QueryCtxt, true>
        17: rustc_query_impl::query_impl::mir_borrowck::get_query_incr::__rust_end_short_backtrace
        18: rustc_interface::passes::analysis
        19: rustc_query_impl::plumbing::__rust_begin_short_backtrace::<rustc_query_impl::query_impl::analysis::dynamic_query::{closure#2}::{closure#0}, rustc_middle::query::erase::Erased<[u8; 1]>>
        20: rustc_query_system::query::plumbing::try_execute_query::<rustc_query_impl::DynamicConfig<rustc_query_system::query::caches::SingleCache<rustc_middle::query::erase::Erased<[u8; 1]>>, false, false, false>, rustc_query_impl::plumbing::QueryCtxt, true>
        21: rustc_query_impl::query_impl::analysis::get_query_incr::__rust_end_short_backtrace
        22: rustc_interface::interface::run_compiler::<core::result::Result<(), rustc_span::ErrorGuaranteed>, rustc_driver_impl::run_compiler::{closure#0}>::{closure#0}
        23: std::sys_common::backtrace::__rust_begin_short_backtrace::<rustc_interface::util::run_in_thread_with_globals<rustc_interface::util::run_in_thread_pool_with_globals<rustc_interface::interface::run_compiler<core::result::Result<(), rustc_span::ErrorGuaranteed>, rustc_driver_impl::run_compiler::{closure#0}>::{closure#0}, core::result::Result<(), rustc_span::ErrorGuaranteed>>::{closure#0}, core::result::Result<(), rustc_span::ErrorGuaranteed>>::{closure#0}::{closure#0}, core::result::Result<(), rustc_span::ErrorGuaranteed>>
        24: <<std::thread::Builder>::spawn_unchecked_<rustc_interface::util::run_in_thread_with_globals<rustc_interface::util::run_in_thread_pool_with_globals<rustc_interface::interface::run_compiler<core::result::Result<(), rustc_span::ErrorGuaranteed>, rustc_driver_impl::run_compiler::{closure#0}>::{closure#0}, core::result::Result<(), rustc_span::ErrorGuaranteed>>::{closure#0}, core::result::Result<(), rustc_span::ErrorGuaranteed>>::{closure#0}::{closure#0}, core::result::Result<(), rustc_span::ErrorGuaranteed>>::{closure#1} as core::ops::function::FnOnce<()>>::call_once::{shim:vtable#0}
        25: <alloc::boxed::Box<F,A> as core::ops::function::FnOnce<Args>>::call_once
                   at /rustc/e7bbe8ce933123a8e327c79e38bcb790595e6a65/library/alloc/src/boxed.rs:2015:9
        26: <alloc::boxed::Box<F,A> as core::ops::function::FnOnce<Args>>::call_once
                   at /rustc/e7bbe8ce933123a8e327c79e38bcb790595e6a65/library/alloc/src/boxed.rs:2015:9
        27: std::sys::pal::unix::thread::Thread::new::thread_start
                   at /rustc/e7bbe8ce933123a8e327c79e38bcb790595e6a65/library/std/src/sys/pal/unix/thread.rs:108:17
        28: start_thread
                   at ./nptl/pthread_create.c:442:8
        29: __GI___clone3
                   at ./misc/../sysdeps/unix/sysv/linux/x86_64/clone3.S:81
 --> src/main.rs:8:13
  |
8 |     for (Ok(mut _x) | Err(!)) in [res_void] {}
  |             ^^^^^^

error: internal compiler error: broken MIR in Item(DefId(0:4 ~ bug_120421[fbaa]::main)) (after pass CheckPackedRef) at bb19[2]:
                                local _14 still has storage when returning from function
 --> src/main.rs:9:2
  |
9 | }
  |  ^
  |
note: delayed at compiler/rustc_mir_transform/src/lint.rs:116:34
         0: <rustc_errors::DiagCtxtInner>::emit_diagnostic
         1: <rustc_errors::DiagCtxt>::emit_diagnostic
         2: <rustc_span::ErrorGuaranteed as rustc_errors::diagnostic_builder::EmissionGuarantee>::emit_producing_guarantee
         3: <rustc_mir_transform::lint::Lint>::fail::<alloc::string::String>
         4: <rustc_mir_transform::lint::Lint as rustc_middle::mir::visit::Visitor>::visit_terminator
         5: rustc_mir_transform::lint::lint_body
         6: rustc_mir_transform::mir_const
         7: rustc_query_impl::plumbing::__rust_begin_short_backtrace::<rustc_query_impl::query_impl::mir_const::dynamic_query::{closure#2}::{closure#0}, rustc_middle::query::erase::Erased<[u8; 8]>>
         8: rustc_query_system::query::plumbing::try_execute_query::<rustc_query_impl::DynamicConfig<rustc_query_system::query::caches::VecCache<rustc_span::def_id::LocalDefId, rustc_middle::query::erase::Erased<[u8; 8]>>, false, false, false>, rustc_query_impl::plumbing::QueryCtxt, true>
         9: rustc_query_impl::query_impl::mir_const::get_query_incr::__rust_end_short_backtrace
        10: rustc_mir_transform::mir_promoted
        11: rustc_query_impl::plumbing::__rust_begin_short_backtrace::<rustc_query_impl::query_impl::mir_promoted::dynamic_query::{closure#2}::{closure#0}, rustc_middle::query::erase::Erased<[u8; 16]>>
        12: rustc_query_system::query::plumbing::try_execute_query::<rustc_query_impl::DynamicConfig<rustc_query_system::query::caches::VecCache<rustc_span::def_id::LocalDefId, rustc_middle::query::erase::Erased<[u8; 16]>>, false, false, false>, rustc_query_impl::plumbing::QueryCtxt, true>
        13: rustc_query_impl::query_impl::mir_promoted::get_query_incr::__rust_end_short_backtrace
        14: rustc_borrowck::mir_borrowck
        15: rustc_query_impl::plumbing::__rust_begin_short_backtrace::<rustc_query_impl::query_impl::mir_borrowck::dynamic_query::{closure#2}::{closure#0}, rustc_middle::query::erase::Erased<[u8; 8]>>
        16: rustc_query_system::query::plumbing::try_execute_query::<rustc_query_impl::DynamicConfig<rustc_query_system::query::caches::VecCache<rustc_span::def_id::LocalDefId, rustc_middle::query::erase::Erased<[u8; 8]>>, false, false, false>, rustc_query_impl::plumbing::QueryCtxt, true>
        17: rustc_query_impl::query_impl::mir_borrowck::get_query_incr::__rust_end_short_backtrace
        18: rustc_interface::passes::analysis
        19: rustc_query_impl::plumbing::__rust_begin_short_backtrace::<rustc_query_impl::query_impl::analysis::dynamic_query::{closure#2}::{closure#0}, rustc_middle::query::erase::Erased<[u8; 1]>>
        20: rustc_query_system::query::plumbing::try_execute_query::<rustc_query_impl::DynamicConfig<rustc_query_system::query::caches::SingleCache<rustc_middle::query::erase::Erased<[u8; 1]>>, false, false, false>, rustc_query_impl::plumbing::QueryCtxt, true>
        21: rustc_query_impl::query_impl::analysis::get_query_incr::__rust_end_short_backtrace
        22: rustc_interface::interface::run_compiler::<core::result::Result<(), rustc_span::ErrorGuaranteed>, rustc_driver_impl::run_compiler::{closure#0}>::{closure#0}
        23: std::sys_common::backtrace::__rust_begin_short_backtrace::<rustc_interface::util::run_in_thread_with_globals<rustc_interface::util::run_in_thread_pool_with_globals<rustc_interface::interface::run_compiler<core::result::Result<(), rustc_span::ErrorGuaranteed>, rustc_driver_impl::run_compiler::{closure#0}>::{closure#0}, core::result::Result<(), rustc_span::ErrorGuaranteed>>::{closure#0}, core::result::Result<(), rustc_span::ErrorGuaranteed>>::{closure#0}::{closure#0}, core::result::Result<(), rustc_span::ErrorGuaranteed>>
        24: <<std::thread::Builder>::spawn_unchecked_<rustc_interface::util::run_in_thread_with_globals<rustc_interface::util::run_in_thread_pool_with_globals<rustc_interface::interface::run_compiler<core::result::Result<(), rustc_span::ErrorGuaranteed>, rustc_driver_impl::run_compiler::{closure#0}>::{closure#0}, core::result::Result<(), rustc_span::ErrorGuaranteed>>::{closure#0}, core::result::Result<(), rustc_span::ErrorGuaranteed>>::{closure#0}::{closure#0}, core::result::Result<(), rustc_span::ErrorGuaranteed>>::{closure#1} as core::ops::function::FnOnce<()>>::call_once::{shim:vtable#0}
        25: <alloc::boxed::Box<F,A> as core::ops::function::FnOnce<Args>>::call_once
                   at /rustc/e7bbe8ce933123a8e327c79e38bcb790595e6a65/library/alloc/src/boxed.rs:2015:9
        26: <alloc::boxed::Box<F,A> as core::ops::function::FnOnce<Args>>::call_once
                   at /rustc/e7bbe8ce933123a8e327c79e38bcb790595e6a65/library/alloc/src/boxed.rs:2015:9
        27: std::sys::pal::unix::thread::Thread::new::thread_start
                   at /rustc/e7bbe8ce933123a8e327c79e38bcb790595e6a65/library/std/src/sys/pal/unix/thread.rs:108:17
        28: start_thread
                   at ./nptl/pthread_create.c:442:8
        29: __GI___clone3
                   at ./misc/../sysdeps/unix/sysv/linux/x86_64/clone3.S:81
 --> src/main.rs:9:2
  |
9 | }
  |  ^

error: internal compiler error: broken MIR in Item(DefId(0:4 ~ bug_120421[fbaa]::main)) (after pass CheckConstItemMutation) at bb14[0]:
                                StorageLive(_14) which already has storage here
 --> src/main.rs:8:13
  |
8 |     for (Ok(mut _x) | Err(!)) in [res_void] {}
  |             ^^^^^^
  |
note: delayed at compiler/rustc_mir_transform/src/lint.rs:97:26
         0: <rustc_errors::DiagCtxtInner>::emit_diagnostic
         1: <rustc_errors::DiagCtxt>::emit_diagnostic
         2: <rustc_span::ErrorGuaranteed as rustc_errors::diagnostic_builder::EmissionGuarantee>::emit_producing_guarantee
         3: <rustc_mir_transform::lint::Lint>::fail::<alloc::string::String>
         4: <rustc_mir_transform::lint::Lint as rustc_middle::mir::visit::Visitor>::visit_statement
         5: rustc_mir_transform::lint::lint_body
         6: rustc_mir_transform::mir_const
         7: rustc_query_impl::plumbing::__rust_begin_short_backtrace::<rustc_query_impl::query_impl::mir_const::dynamic_query::{closure#2}::{closure#0}, rustc_middle::query::erase::Erased<[u8; 8]>>
         8: rustc_query_system::query::plumbing::try_execute_query::<rustc_query_impl::DynamicConfig<rustc_query_system::query::caches::VecCache<rustc_span::def_id::LocalDefId, rustc_middle::query::erase::Erased<[u8; 8]>>, false, false, false>, rustc_query_impl::plumbing::QueryCtxt, true>
         9: rustc_query_impl::query_impl::mir_const::get_query_incr::__rust_end_short_backtrace
        10: rustc_mir_transform::mir_promoted
        11: rustc_query_impl::plumbing::__rust_begin_short_backtrace::<rustc_query_impl::query_impl::mir_promoted::dynamic_query::{closure#2}::{closure#0}, rustc_middle::query::erase::Erased<[u8; 16]>>
        12: rustc_query_system::query::plumbing::try_execute_query::<rustc_query_impl::DynamicConfig<rustc_query_system::query::caches::VecCache<rustc_span::def_id::LocalDefId, rustc_middle::query::erase::Erased<[u8; 16]>>, false, false, false>, rustc_query_impl::plumbing::QueryCtxt, true>
        13: rustc_query_impl::query_impl::mir_promoted::get_query_incr::__rust_end_short_backtrace
        14: rustc_borrowck::mir_borrowck
        15: rustc_query_impl::plumbing::__rust_begin_short_backtrace::<rustc_query_impl::query_impl::mir_borrowck::dynamic_query::{closure#2}::{closure#0}, rustc_middle::query::erase::Erased<[u8; 8]>>
        16: rustc_query_system::query::plumbing::try_execute_query::<rustc_query_impl::DynamicConfig<rustc_query_system::query::caches::VecCache<rustc_span::def_id::LocalDefId, rustc_middle::query::erase::Erased<[u8; 8]>>, false, false, false>, rustc_query_impl::plumbing::QueryCtxt, true>
        17: rustc_query_impl::query_impl::mir_borrowck::get_query_incr::__rust_end_short_backtrace
        18: rustc_interface::passes::analysis
        19: rustc_query_impl::plumbing::__rust_begin_short_backtrace::<rustc_query_impl::query_impl::analysis::dynamic_query::{closure#2}::{closure#0}, rustc_middle::query::erase::Erased<[u8; 1]>>
        20: rustc_query_system::query::plumbing::try_execute_query::<rustc_query_impl::DynamicConfig<rustc_query_system::query::caches::SingleCache<rustc_middle::query::erase::Erased<[u8; 1]>>, false, false, false>, rustc_query_impl::plumbing::QueryCtxt, true>
        21: rustc_query_impl::query_impl::analysis::get_query_incr::__rust_end_short_backtrace
        22: rustc_interface::interface::run_compiler::<core::result::Result<(), rustc_span::ErrorGuaranteed>, rustc_driver_impl::run_compiler::{closure#0}>::{closure#0}
        23: std::sys_common::backtrace::__rust_begin_short_backtrace::<rustc_interface::util::run_in_thread_with_globals<rustc_interface::util::run_in_thread_pool_with_globals<rustc_interface::interface::run_compiler<core::result::Result<(), rustc_span::ErrorGuaranteed>, rustc_driver_impl::run_compiler::{closure#0}>::{closure#0}, core::result::Result<(), rustc_span::ErrorGuaranteed>>::{closure#0}, core::result::Result<(), rustc_span::ErrorGuaranteed>>::{closure#0}::{closure#0}, core::result::Result<(), rustc_span::ErrorGuaranteed>>
        24: <<std::thread::Builder>::spawn_unchecked_<rustc_interface::util::run_in_thread_with_globals<rustc_interface::util::run_in_thread_pool_with_globals<rustc_interface::interface::run_compiler<core::result::Result<(), rustc_span::ErrorGuaranteed>, rustc_driver_impl::run_compiler::{closure#0}>::{closure#0}, core::result::Result<(), rustc_span::ErrorGuaranteed>>::{closure#0}, core::result::Result<(), rustc_span::ErrorGuaranteed>>::{closure#0}::{closure#0}, core::result::Result<(), rustc_span::ErrorGuaranteed>>::{closure#1} as core::ops::function::FnOnce<()>>::call_once::{shim:vtable#0}
        25: <alloc::boxed::Box<F,A> as core::ops::function::FnOnce<Args>>::call_once
                   at /rustc/e7bbe8ce933123a8e327c79e38bcb790595e6a65/library/alloc/src/boxed.rs:2015:9
        26: <alloc::boxed::Box<F,A> as core::ops::function::FnOnce<Args>>::call_once
                   at /rustc/e7bbe8ce933123a8e327c79e38bcb790595e6a65/library/alloc/src/boxed.rs:2015:9
        27: std::sys::pal::unix::thread::Thread::new::thread_start
                   at /rustc/e7bbe8ce933123a8e327c79e38bcb790595e6a65/library/std/src/sys/pal/unix/thread.rs:108:17
        28: start_thread
                   at ./nptl/pthread_create.c:442:8
        29: __GI___clone3
                   at ./misc/../sysdeps/unix/sysv/linux/x86_64/clone3.S:81
 --> src/main.rs:8:13
  |
8 |     for (Ok(mut _x) | Err(!)) in [res_void] {}
  |             ^^^^^^

error: internal compiler error: broken MIR in Item(DefId(0:4 ~ bug_120421[fbaa]::main)) (after pass CheckConstItemMutation) at bb19[2]:
                                local _14 still has storage when returning from function
 --> src/main.rs:9:2
  |
9 | }
  |  ^
  |
note: delayed at compiler/rustc_mir_transform/src/lint.rs:116:34
         0: <rustc_errors::DiagCtxtInner>::emit_diagnostic
         1: <rustc_errors::DiagCtxt>::emit_diagnostic
         2: <rustc_span::ErrorGuaranteed as rustc_errors::diagnostic_builder::EmissionGuarantee>::emit_producing_guarantee
         3: <rustc_mir_transform::lint::Lint>::fail::<alloc::string::String>
         4: <rustc_mir_transform::lint::Lint as rustc_middle::mir::visit::Visitor>::visit_terminator
         5: rustc_mir_transform::lint::lint_body
         6: rustc_mir_transform::mir_const
         7: rustc_query_impl::plumbing::__rust_begin_short_backtrace::<rustc_query_impl::query_impl::mir_const::dynamic_query::{closure#2}::{closure#0}, rustc_middle::query::erase::Erased<[u8; 8]>>
         8: rustc_query_system::query::plumbing::try_execute_query::<rustc_query_impl::DynamicConfig<rustc_query_system::query::caches::VecCache<rustc_span::def_id::LocalDefId, rustc_middle::query::erase::Erased<[u8; 8]>>, false, false, false>, rustc_query_impl::plumbing::QueryCtxt, true>
         9: rustc_query_impl::query_impl::mir_const::get_query_incr::__rust_end_short_backtrace
        10: rustc_mir_transform::mir_promoted
        11: rustc_query_impl::plumbing::__rust_begin_short_backtrace::<rustc_query_impl::query_impl::mir_promoted::dynamic_query::{closure#2}::{closure#0}, rustc_middle::query::erase::Erased<[u8; 16]>>
        12: rustc_query_system::query::plumbing::try_execute_query::<rustc_query_impl::DynamicConfig<rustc_query_system::query::caches::VecCache<rustc_span::def_id::LocalDefId, rustc_middle::query::erase::Erased<[u8; 16]>>, false, false, false>, rustc_query_impl::plumbing::QueryCtxt, true>
        13: rustc_query_impl::query_impl::mir_promoted::get_query_incr::__rust_end_short_backtrace
        14: rustc_borrowck::mir_borrowck
        15: rustc_query_impl::plumbing::__rust_begin_short_backtrace::<rustc_query_impl::query_impl::mir_borrowck::dynamic_query::{closure#2}::{closure#0}, rustc_middle::query::erase::Erased<[u8; 8]>>
        16: rustc_query_system::query::plumbing::try_execute_query::<rustc_query_impl::DynamicConfig<rustc_query_system::query::caches::VecCache<rustc_span::def_id::LocalDefId, rustc_middle::query::erase::Erased<[u8; 8]>>, false, false, false>, rustc_query_impl::plumbing::QueryCtxt, true>
        17: rustc_query_impl::query_impl::mir_borrowck::get_query_incr::__rust_end_short_backtrace
        18: rustc_interface::passes::analysis
        19: rustc_query_impl::plumbing::__rust_begin_short_backtrace::<rustc_query_impl::query_impl::analysis::dynamic_query::{closure#2}::{closure#0}, rustc_middle::query::erase::Erased<[u8; 1]>>
        20: rustc_query_system::query::plumbing::try_execute_query::<rustc_query_impl::DynamicConfig<rustc_query_system::query::caches::SingleCache<rustc_middle::query::erase::Erased<[u8; 1]>>, false, false, false>, rustc_query_impl::plumbing::QueryCtxt, true>
        21: rustc_query_impl::query_impl::analysis::get_query_incr::__rust_end_short_backtrace
        22: rustc_interface::interface::run_compiler::<core::result::Result<(), rustc_span::ErrorGuaranteed>, rustc_driver_impl::run_compiler::{closure#0}>::{closure#0}
        23: std::sys_common::backtrace::__rust_begin_short_backtrace::<rustc_interface::util::run_in_thread_with_globals<rustc_interface::util::run_in_thread_pool_with_globals<rustc_interface::interface::run_compiler<core::result::Result<(), rustc_span::ErrorGuaranteed>, rustc_driver_impl::run_compiler::{closure#0}>::{closure#0}, core::result::Result<(), rustc_span::ErrorGuaranteed>>::{closure#0}, core::result::Result<(), rustc_span::ErrorGuaranteed>>::{closure#0}::{closure#0}, core::result::Result<(), rustc_span::ErrorGuaranteed>>
        24: <<std::thread::Builder>::spawn_unchecked_<rustc_interface::util::run_in_thread_with_globals<rustc_interface::util::run_in_thread_pool_with_globals<rustc_interface::interface::run_compiler<core::result::Result<(), rustc_span::ErrorGuaranteed>, rustc_driver_impl::run_compiler::{closure#0}>::{closure#0}, core::result::Result<(), rustc_span::ErrorGuaranteed>>::{closure#0}, core::result::Result<(), rustc_span::ErrorGuaranteed>>::{closure#0}::{closure#0}, core::result::Result<(), rustc_span::ErrorGuaranteed>>::{closure#1} as core::ops::function::FnOnce<()>>::call_once::{shim:vtable#0}
        25: <alloc::boxed::Box<F,A> as core::ops::function::FnOnce<Args>>::call_once
                   at /rustc/e7bbe8ce933123a8e327c79e38bcb790595e6a65/library/alloc/src/boxed.rs:2015:9
        26: <alloc::boxed::Box<F,A> as core::ops::function::FnOnce<Args>>::call_once
                   at /rustc/e7bbe8ce933123a8e327c79e38bcb790595e6a65/library/alloc/src/boxed.rs:2015:9
        27: std::sys::pal::unix::thread::Thread::new::thread_start
                   at /rustc/e7bbe8ce933123a8e327c79e38bcb790595e6a65/library/std/src/sys/pal/unix/thread.rs:108:17
        28: start_thread
                   at ./nptl/pthread_create.c:442:8
        29: __GI___clone3
                   at ./misc/../sysdeps/unix/sysv/linux/x86_64/clone3.S:81
 --> src/main.rs:9:2
  |
9 | }
  |  ^

error: internal compiler error: broken MIR in Item(DefId(0:4 ~ bug_120421[fbaa]::main)) (after pass FunctionItemReferences) at bb14[0]:
                                StorageLive(_14) which already has storage here
 --> src/main.rs:8:13
  |
8 |     for (Ok(mut _x) | Err(!)) in [res_void] {}
  |             ^^^^^^
  |
note: delayed at compiler/rustc_mir_transform/src/lint.rs:97:26
         0: <rustc_errors::DiagCtxtInner>::emit_diagnostic
         1: <rustc_errors::DiagCtxt>::emit_diagnostic
         2: <rustc_span::ErrorGuaranteed as rustc_errors::diagnostic_builder::EmissionGuarantee>::emit_producing_guarantee
         3: <rustc_mir_transform::lint::Lint>::fail::<alloc::string::String>
         4: <rustc_mir_transform::lint::Lint as rustc_middle::mir::visit::Visitor>::visit_statement
         5: rustc_mir_transform::lint::lint_body
         6: rustc_mir_transform::mir_const
         7: rustc_query_impl::plumbing::__rust_begin_short_backtrace::<rustc_query_impl::query_impl::mir_const::dynamic_query::{closure#2}::{closure#0}, rustc_middle::query::erase::Erased<[u8; 8]>>
         8: rustc_query_system::query::plumbing::try_execute_query::<rustc_query_impl::DynamicConfig<rustc_query_system::query::caches::VecCache<rustc_span::def_id::LocalDefId, rustc_middle::query::erase::Erased<[u8; 8]>>, false, false, false>, rustc_query_impl::plumbing::QueryCtxt, true>
         9: rustc_query_impl::query_impl::mir_const::get_query_incr::__rust_end_short_backtrace
        10: rustc_mir_transform::mir_promoted
        11: rustc_query_impl::plumbing::__rust_begin_short_backtrace::<rustc_query_impl::query_impl::mir_promoted::dynamic_query::{closure#2}::{closure#0}, rustc_middle::query::erase::Erased<[u8; 16]>>
        12: rustc_query_system::query::plumbing::try_execute_query::<rustc_query_impl::DynamicConfig<rustc_query_system::query::caches::VecCache<rustc_span::def_id::LocalDefId, rustc_middle::query::erase::Erased<[u8; 16]>>, false, false, false>, rustc_query_impl::plumbing::QueryCtxt, true>
        13: rustc_query_impl::query_impl::mir_promoted::get_query_incr::__rust_end_short_backtrace
        14: rustc_borrowck::mir_borrowck
        15: rustc_query_impl::plumbing::__rust_begin_short_backtrace::<rustc_query_impl::query_impl::mir_borrowck::dynamic_query::{closure#2}::{closure#0}, rustc_middle::query::erase::Erased<[u8; 8]>>
        16: rustc_query_system::query::plumbing::try_execute_query::<rustc_query_impl::DynamicConfig<rustc_query_system::query::caches::VecCache<rustc_span::def_id::LocalDefId, rustc_middle::query::erase::Erased<[u8; 8]>>, false, false, false>, rustc_query_impl::plumbing::QueryCtxt, true>
        17: rustc_query_impl::query_impl::mir_borrowck::get_query_incr::__rust_end_short_backtrace
        18: rustc_interface::passes::analysis
        19: rustc_query_impl::plumbing::__rust_begin_short_backtrace::<rustc_query_impl::query_impl::analysis::dynamic_query::{closure#2}::{closure#0}, rustc_middle::query::erase::Erased<[u8; 1]>>
        20: rustc_query_system::query::plumbing::try_execute_query::<rustc_query_impl::DynamicConfig<rustc_query_system::query::caches::SingleCache<rustc_middle::query::erase::Erased<[u8; 1]>>, false, false, false>, rustc_query_impl::plumbing::QueryCtxt, true>
        21: rustc_query_impl::query_impl::analysis::get_query_incr::__rust_end_short_backtrace
        22: rustc_interface::interface::run_compiler::<core::result::Result<(), rustc_span::ErrorGuaranteed>, rustc_driver_impl::run_compiler::{closure#0}>::{closure#0}
        23: std::sys_common::backtrace::__rust_begin_short_backtrace::<rustc_interface::util::run_in_thread_with_globals<rustc_interface::util::run_in_thread_pool_with_globals<rustc_interface::interface::run_compiler<core::result::Result<(), rustc_span::ErrorGuaranteed>, rustc_driver_impl::run_compiler::{closure#0}>::{closure#0}, core::result::Result<(), rustc_span::ErrorGuaranteed>>::{closure#0}, core::result::Result<(), rustc_span::ErrorGuaranteed>>::{closure#0}::{closure#0}, core::result::Result<(), rustc_span::ErrorGuaranteed>>
        24: <<std::thread::Builder>::spawn_unchecked_<rustc_interface::util::run_in_thread_with_globals<rustc_interface::util::run_in_thread_pool_with_globals<rustc_interface::interface::run_compiler<core::result::Result<(), rustc_span::ErrorGuaranteed>, rustc_driver_impl::run_compiler::{closure#0}>::{closure#0}, core::result::Result<(), rustc_span::ErrorGuaranteed>>::{closure#0}, core::result::Result<(), rustc_span::ErrorGuaranteed>>::{closure#0}::{closure#0}, core::result::Result<(), rustc_span::ErrorGuaranteed>>::{closure#1} as core::ops::function::FnOnce<()>>::call_once::{shim:vtable#0}
        25: <alloc::boxed::Box<F,A> as core::ops::function::FnOnce<Args>>::call_once
                   at /rustc/e7bbe8ce933123a8e327c79e38bcb790595e6a65/library/alloc/src/boxed.rs:2015:9
        26: <alloc::boxed::Box<F,A> as core::ops::function::FnOnce<Args>>::call_once
                   at /rustc/e7bbe8ce933123a8e327c79e38bcb790595e6a65/library/alloc/src/boxed.rs:2015:9
        27: std::sys::pal::unix::thread::Thread::new::thread_start
                   at /rustc/e7bbe8ce933123a8e327c79e38bcb790595e6a65/library/std/src/sys/pal/unix/thread.rs:108:17
        28: start_thread
                   at ./nptl/pthread_create.c:442:8
        29: __GI___clone3
                   at ./misc/../sysdeps/unix/sysv/linux/x86_64/clone3.S:81
 --> src/main.rs:8:13
  |
8 |     for (Ok(mut _x) | Err(!)) in [res_void] {}
  |             ^^^^^^

error: internal compiler error: broken MIR in Item(DefId(0:4 ~ bug_120421[fbaa]::main)) (after pass FunctionItemReferences) at bb19[2]:
                                local _14 still has storage when returning from function
 --> src/main.rs:9:2
  |
9 | }
  |  ^
  |
note: delayed at compiler/rustc_mir_transform/src/lint.rs:116:34
         0: <rustc_errors::DiagCtxtInner>::emit_diagnostic
         1: <rustc_errors::DiagCtxt>::emit_diagnostic
         2: <rustc_span::ErrorGuaranteed as rustc_errors::diagnostic_builder::EmissionGuarantee>::emit_producing_guarantee
         3: <rustc_mir_transform::lint::Lint>::fail::<alloc::string::String>
         4: <rustc_mir_transform::lint::Lint as rustc_middle::mir::visit::Visitor>::visit_terminator
         5: rustc_mir_transform::lint::lint_body
         6: rustc_mir_transform::mir_const
         7: rustc_query_impl::plumbing::__rust_begin_short_backtrace::<rustc_query_impl::query_impl::mir_const::dynamic_query::{closure#2}::{closure#0}, rustc_middle::query::erase::Erased<[u8; 8]>>
         8: rustc_query_system::query::plumbing::try_execute_query::<rustc_query_impl::DynamicConfig<rustc_query_system::query::caches::VecCache<rustc_span::def_id::LocalDefId, rustc_middle::query::erase::Erased<[u8; 8]>>, false, false, false>, rustc_query_impl::plumbing::QueryCtxt, true>
         9: rustc_query_impl::query_impl::mir_const::get_query_incr::__rust_end_short_backtrace
        10: rustc_mir_transform::mir_promoted
        11: rustc_query_impl::plumbing::__rust_begin_short_backtrace::<rustc_query_impl::query_impl::mir_promoted::dynamic_query::{closure#2}::{closure#0}, rustc_middle::query::erase::Erased<[u8; 16]>>
        12: rustc_query_system::query::plumbing::try_execute_query::<rustc_query_impl::DynamicConfig<rustc_query_system::query::caches::VecCache<rustc_span::def_id::LocalDefId, rustc_middle::query::erase::Erased<[u8; 16]>>, false, false, false>, rustc_query_impl::plumbing::QueryCtxt, true>
        13: rustc_query_impl::query_impl::mir_promoted::get_query_incr::__rust_end_short_backtrace
        14: rustc_borrowck::mir_borrowck
        15: rustc_query_impl::plumbing::__rust_begin_short_backtrace::<rustc_query_impl::query_impl::mir_borrowck::dynamic_query::{closure#2}::{closure#0}, rustc_middle::query::erase::Erased<[u8; 8]>>
        16: rustc_query_system::query::plumbing::try_execute_query::<rustc_query_impl::DynamicConfig<rustc_query_system::query::caches::VecCache<rustc_span::def_id::LocalDefId, rustc_middle::query::erase::Erased<[u8; 8]>>, false, false, false>, rustc_query_impl::plumbing::QueryCtxt, true>
        17: rustc_query_impl::query_impl::mir_borrowck::get_query_incr::__rust_end_short_backtrace
        18: rustc_interface::passes::analysis
        19: rustc_query_impl::plumbing::__rust_begin_short_backtrace::<rustc_query_impl::query_impl::analysis::dynamic_query::{closure#2}::{closure#0}, rustc_middle::query::erase::Erased<[u8; 1]>>
        20: rustc_query_system::query::plumbing::try_execute_query::<rustc_query_impl::DynamicConfig<rustc_query_system::query::caches::SingleCache<rustc_middle::query::erase::Erased<[u8; 1]>>, false, false, false>, rustc_query_impl::plumbing::QueryCtxt, true>
        21: rustc_query_impl::query_impl::analysis::get_query_incr::__rust_end_short_backtrace
        22: rustc_interface::interface::run_compiler::<core::result::Result<(), rustc_span::ErrorGuaranteed>, rustc_driver_impl::run_compiler::{closure#0}>::{closure#0}
        23: std::sys_common::backtrace::__rust_begin_short_backtrace::<rustc_interface::util::run_in_thread_with_globals<rustc_interface::util::run_in_thread_pool_with_globals<rustc_interface::interface::run_compiler<core::result::Result<(), rustc_span::ErrorGuaranteed>, rustc_driver_impl::run_compiler::{closure#0}>::{closure#0}, core::result::Result<(), rustc_span::ErrorGuaranteed>>::{closure#0}, core::result::Result<(), rustc_span::ErrorGuaranteed>>::{closure#0}::{closure#0}, core::result::Result<(), rustc_span::ErrorGuaranteed>>
        24: <<std::thread::Builder>::spawn_unchecked_<rustc_interface::util::run_in_thread_with_globals<rustc_interface::util::run_in_thread_pool_with_globals<rustc_interface::interface::run_compiler<core::result::Result<(), rustc_span::ErrorGuaranteed>, rustc_driver_impl::run_compiler::{closure#0}>::{closure#0}, core::result::Result<(), rustc_span::ErrorGuaranteed>>::{closure#0}, core::result::Result<(), rustc_span::ErrorGuaranteed>>::{closure#0}::{closure#0}, core::result::Result<(), rustc_span::ErrorGuaranteed>>::{closure#1} as core::ops::function::FnOnce<()>>::call_once::{shim:vtable#0}
        25: <alloc::boxed::Box<F,A> as core::ops::function::FnOnce<Args>>::call_once
                   at /rustc/e7bbe8ce933123a8e327c79e38bcb790595e6a65/library/alloc/src/boxed.rs:2015:9
        26: <alloc::boxed::Box<F,A> as core::ops::function::FnOnce<Args>>::call_once
                   at /rustc/e7bbe8ce933123a8e327c79e38bcb790595e6a65/library/alloc/src/boxed.rs:2015:9
        27: std::sys::pal::unix::thread::Thread::new::thread_start
                   at /rustc/e7bbe8ce933123a8e327c79e38bcb790595e6a65/library/std/src/sys/pal/unix/thread.rs:108:17
        28: start_thread
                   at ./nptl/pthread_create.c:442:8
        29: __GI___clone3
                   at ./misc/../sysdeps/unix/sysv/linux/x86_64/clone3.S:81
 --> src/main.rs:9:2
  |
9 | }
  |  ^

error: internal compiler error: broken MIR in Item(DefId(0:4 ~ bug_120421[fbaa]::main)) (after pass SimplifyCfg-initial) at bb11[0]:
                                StorageLive(_14) which already has storage here
 --> src/main.rs:8:13
  |
8 |     for (Ok(mut _x) | Err(!)) in [res_void] {}
  |             ^^^^^^
  |
note: delayed at compiler/rustc_mir_transform/src/lint.rs:97:26
         0: <rustc_errors::DiagCtxtInner>::emit_diagnostic
         1: <rustc_errors::DiagCtxt>::emit_diagnostic
         2: <rustc_span::ErrorGuaranteed as rustc_errors::diagnostic_builder::EmissionGuarantee>::emit_producing_guarantee
         3: <rustc_mir_transform::lint::Lint>::fail::<alloc::string::String>
         4: <rustc_mir_transform::lint::Lint as rustc_middle::mir::visit::Visitor>::visit_statement
         5: rustc_mir_transform::lint::lint_body
         6: rustc_mir_transform::mir_const
         7: rustc_query_impl::plumbing::__rust_begin_short_backtrace::<rustc_query_impl::query_impl::mir_const::dynamic_query::{closure#2}::{closure#0}, rustc_middle::query::erase::Erased<[u8; 8]>>
         8: rustc_query_system::query::plumbing::try_execute_query::<rustc_query_impl::DynamicConfig<rustc_query_system::query::caches::VecCache<rustc_span::def_id::LocalDefId, rustc_middle::query::erase::Erased<[u8; 8]>>, false, false, false>, rustc_query_impl::plumbing::QueryCtxt, true>
         9: rustc_query_impl::query_impl::mir_const::get_query_incr::__rust_end_short_backtrace
        10: rustc_mir_transform::mir_promoted
        11: rustc_query_impl::plumbing::__rust_begin_short_backtrace::<rustc_query_impl::query_impl::mir_promoted::dynamic_query::{closure#2}::{closure#0}, rustc_middle::query::erase::Erased<[u8; 16]>>
        12: rustc_query_system::query::plumbing::try_execute_query::<rustc_query_impl::DynamicConfig<rustc_query_system::query::caches::VecCache<rustc_span::def_id::LocalDefId, rustc_middle::query::erase::Erased<[u8; 16]>>, false, false, false>, rustc_query_impl::plumbing::QueryCtxt, true>
        13: rustc_query_impl::query_impl::mir_promoted::get_query_incr::__rust_end_short_backtrace
        14: rustc_borrowck::mir_borrowck
        15: rustc_query_impl::plumbing::__rust_begin_short_backtrace::<rustc_query_impl::query_impl::mir_borrowck::dynamic_query::{closure#2}::{closure#0}, rustc_middle::query::erase::Erased<[u8; 8]>>
        16: rustc_query_system::query::plumbing::try_execute_query::<rustc_query_impl::DynamicConfig<rustc_query_system::query::caches::VecCache<rustc_span::def_id::LocalDefId, rustc_middle::query::erase::Erased<[u8; 8]>>, false, false, false>, rustc_query_impl::plumbing::QueryCtxt, true>
        17: rustc_query_impl::query_impl::mir_borrowck::get_query_incr::__rust_end_short_backtrace
        18: rustc_interface::passes::analysis
        19: rustc_query_impl::plumbing::__rust_begin_short_backtrace::<rustc_query_impl::query_impl::analysis::dynamic_query::{closure#2}::{closure#0}, rustc_middle::query::erase::Erased<[u8; 1]>>
        20: rustc_query_system::query::plumbing::try_execute_query::<rustc_query_impl::DynamicConfig<rustc_query_system::query::caches::SingleCache<rustc_middle::query::erase::Erased<[u8; 1]>>, false, false, false>, rustc_query_impl::plumbing::QueryCtxt, true>
        21: rustc_query_impl::query_impl::analysis::get_query_incr::__rust_end_short_backtrace
        22: rustc_interface::interface::run_compiler::<core::result::Result<(), rustc_span::ErrorGuaranteed>, rustc_driver_impl::run_compiler::{closure#0}>::{closure#0}
        23: std::sys_common::backtrace::__rust_begin_short_backtrace::<rustc_interface::util::run_in_thread_with_globals<rustc_interface::util::run_in_thread_pool_with_globals<rustc_interface::interface::run_compiler<core::result::Result<(), rustc_span::ErrorGuaranteed>, rustc_driver_impl::run_compiler::{closure#0}>::{closure#0}, core::result::Result<(), rustc_span::ErrorGuaranteed>>::{closure#0}, core::result::Result<(), rustc_span::ErrorGuaranteed>>::{closure#0}::{closure#0}, core::result::Result<(), rustc_span::ErrorGuaranteed>>
        24: <<std::thread::Builder>::spawn_unchecked_<rustc_interface::util::run_in_thread_with_globals<rustc_interface::util::run_in_thread_pool_with_globals<rustc_interface::interface::run_compiler<core::result::Result<(), rustc_span::ErrorGuaranteed>, rustc_driver_impl::run_compiler::{closure#0}>::{closure#0}, core::result::Result<(), rustc_span::ErrorGuaranteed>>::{closure#0}, core::result::Result<(), rustc_span::ErrorGuaranteed>>::{closure#0}::{closure#0}, core::result::Result<(), rustc_span::ErrorGuaranteed>>::{closure#1} as core::ops::function::FnOnce<()>>::call_once::{shim:vtable#0}
        25: <alloc::boxed::Box<F,A> as core::ops::function::FnOnce<Args>>::call_once
                   at /rustc/e7bbe8ce933123a8e327c79e38bcb790595e6a65/library/alloc/src/boxed.rs:2015:9
        26: <alloc::boxed::Box<F,A> as core::ops::function::FnOnce<Args>>::call_once
                   at /rustc/e7bbe8ce933123a8e327c79e38bcb790595e6a65/library/alloc/src/boxed.rs:2015:9
        27: std::sys::pal::unix::thread::Thread::new::thread_start
                   at /rustc/e7bbe8ce933123a8e327c79e38bcb790595e6a65/library/std/src/sys/pal/unix/thread.rs:108:17
        28: start_thread
                   at ./nptl/pthread_create.c:442:8
        29: __GI___clone3
                   at ./misc/../sysdeps/unix/sysv/linux/x86_64/clone3.S:81
 --> src/main.rs:8:13
  |
8 |     for (Ok(mut _x) | Err(!)) in [res_void] {}
  |             ^^^^^^

error: internal compiler error: broken MIR in Item(DefId(0:4 ~ bug_120421[fbaa]::main)) (after pass SimplifyCfg-initial) at bb13[2]:
                                local _14 still has storage when returning from function
 --> src/main.rs:9:2
  |
9 | }
  |  ^
  |
note: delayed at compiler/rustc_mir_transform/src/lint.rs:116:34
         0: <rustc_errors::DiagCtxtInner>::emit_diagnostic
         1: <rustc_errors::DiagCtxt>::emit_diagnostic
         2: <rustc_span::ErrorGuaranteed as rustc_errors::diagnostic_builder::EmissionGuarantee>::emit_producing_guarantee
         3: <rustc_mir_transform::lint::Lint>::fail::<alloc::string::String>
         4: <rustc_mir_transform::lint::Lint as rustc_middle::mir::visit::Visitor>::visit_terminator
         5: rustc_mir_transform::lint::lint_body
         6: rustc_mir_transform::mir_const
         7: rustc_query_impl::plumbing::__rust_begin_short_backtrace::<rustc_query_impl::query_impl::mir_const::dynamic_query::{closure#2}::{closure#0}, rustc_middle::query::erase::Erased<[u8; 8]>>
         8: rustc_query_system::query::plumbing::try_execute_query::<rustc_query_impl::DynamicConfig<rustc_query_system::query::caches::VecCache<rustc_span::def_id::LocalDefId, rustc_middle::query::erase::Erased<[u8; 8]>>, false, false, false>, rustc_query_impl::plumbing::QueryCtxt, true>
         9: rustc_query_impl::query_impl::mir_const::get_query_incr::__rust_end_short_backtrace
        10: rustc_mir_transform::mir_promoted
        11: rustc_query_impl::plumbing::__rust_begin_short_backtrace::<rustc_query_impl::query_impl::mir_promoted::dynamic_query::{closure#2}::{closure#0}, rustc_middle::query::erase::Erased<[u8; 16]>>
        12: rustc_query_system::query::plumbing::try_execute_query::<rustc_query_impl::DynamicConfig<rustc_query_system::query::caches::VecCache<rustc_span::def_id::LocalDefId, rustc_middle::query::erase::Erased<[u8; 16]>>, false, false, false>, rustc_query_impl::plumbing::QueryCtxt, true>
        13: rustc_query_impl::query_impl::mir_promoted::get_query_incr::__rust_end_short_backtrace
        14: rustc_borrowck::mir_borrowck
        15: rustc_query_impl::plumbing::__rust_begin_short_backtrace::<rustc_query_impl::query_impl::mir_borrowck::dynamic_query::{closure#2}::{closure#0}, rustc_middle::query::erase::Erased<[u8; 8]>>
        16: rustc_query_system::query::plumbing::try_execute_query::<rustc_query_impl::DynamicConfig<rustc_query_system::query::caches::VecCache<rustc_span::def_id::LocalDefId, rustc_middle::query::erase::Erased<[u8; 8]>>, false, false, false>, rustc_query_impl::plumbing::QueryCtxt, true>
        17: rustc_query_impl::query_impl::mir_borrowck::get_query_incr::__rust_end_short_backtrace
        18: rustc_interface::passes::analysis
        19: rustc_query_impl::plumbing::__rust_begin_short_backtrace::<rustc_query_impl::query_impl::analysis::dynamic_query::{closure#2}::{closure#0}, rustc_middle::query::erase::Erased<[u8; 1]>>
        20: rustc_query_system::query::plumbing::try_execute_query::<rustc_query_impl::DynamicConfig<rustc_query_system::query::caches::SingleCache<rustc_middle::query::erase::Erased<[u8; 1]>>, false, false, false>, rustc_query_impl::plumbing::QueryCtxt, true>
        21: rustc_query_impl::query_impl::analysis::get_query_incr::__rust_end_short_backtrace
        22: rustc_interface::interface::run_compiler::<core::result::Result<(), rustc_span::ErrorGuaranteed>, rustc_driver_impl::run_compiler::{closure#0}>::{closure#0}
        23: std::sys_common::backtrace::__rust_begin_short_backtrace::<rustc_interface::util::run_in_thread_with_globals<rustc_interface::util::run_in_thread_pool_with_globals<rustc_interface::interface::run_compiler<core::result::Result<(), rustc_span::ErrorGuaranteed>, rustc_driver_impl::run_compiler::{closure#0}>::{closure#0}, core::result::Result<(), rustc_span::ErrorGuaranteed>>::{closure#0}, core::result::Result<(), rustc_span::ErrorGuaranteed>>::{closure#0}::{closure#0}, core::result::Result<(), rustc_span::ErrorGuaranteed>>
        24: <<std::thread::Builder>::spawn_unchecked_<rustc_interface::util::run_in_thread_with_globals<rustc_interface::util::run_in_thread_pool_with_globals<rustc_interface::interface::run_compiler<core::result::Result<(), rustc_span::ErrorGuaranteed>, rustc_driver_impl::run_compiler::{closure#0}>::{closure#0}, core::result::Result<(), rustc_span::ErrorGuaranteed>>::{closure#0}, core::result::Result<(), rustc_span::ErrorGuaranteed>>::{closure#0}::{closure#0}, core::result::Result<(), rustc_span::ErrorGuaranteed>>::{closure#1} as core::ops::function::FnOnce<()>>::call_once::{shim:vtable#0}
        25: <alloc::boxed::Box<F,A> as core::ops::function::FnOnce<Args>>::call_once
                   at /rustc/e7bbe8ce933123a8e327c79e38bcb790595e6a65/library/alloc/src/boxed.rs:2015:9
        26: <alloc::boxed::Box<F,A> as core::ops::function::FnOnce<Args>>::call_once
                   at /rustc/e7bbe8ce933123a8e327c79e38bcb790595e6a65/library/alloc/src/boxed.rs:2015:9
        27: std::sys::pal::unix::thread::Thread::new::thread_start
                   at /rustc/e7bbe8ce933123a8e327c79e38bcb790595e6a65/library/std/src/sys/pal/unix/thread.rs:108:17
        28: start_thread
                   at ./nptl/pthread_create.c:442:8
        29: __GI___clone3
                   at ./misc/../sysdeps/unix/sysv/linux/x86_64/clone3.S:81
 --> src/main.rs:9:2
  |
9 | }
  |  ^

error: internal compiler error: broken MIR in Item(DefId(0:4 ~ bug_120421[fbaa]::main)) (after pass SanityCheck) at bb11[0]:
                                StorageLive(_14) which already has storage here
 --> src/main.rs:8:13
  |
8 |     for (Ok(mut _x) | Err(!)) in [res_void] {}
  |             ^^^^^^
  |
note: delayed at compiler/rustc_mir_transform/src/lint.rs:97:26
         0: <rustc_errors::DiagCtxtInner>::emit_diagnostic
         1: <rustc_errors::DiagCtxt>::emit_diagnostic
         2: <rustc_span::ErrorGuaranteed as rustc_errors::diagnostic_builder::EmissionGuarantee>::emit_producing_guarantee
         3: <rustc_mir_transform::lint::Lint>::fail::<alloc::string::String>
         4: <rustc_mir_transform::lint::Lint as rustc_middle::mir::visit::Visitor>::visit_statement
         5: rustc_mir_transform::lint::lint_body
         6: rustc_mir_transform::mir_const
         7: rustc_query_impl::plumbing::__rust_begin_short_backtrace::<rustc_query_impl::query_impl::mir_const::dynamic_query::{closure#2}::{closure#0}, rustc_middle::query::erase::Erased<[u8; 8]>>
         8: rustc_query_system::query::plumbing::try_execute_query::<rustc_query_impl::DynamicConfig<rustc_query_system::query::caches::VecCache<rustc_span::def_id::LocalDefId, rustc_middle::query::erase::Erased<[u8; 8]>>, false, false, false>, rustc_query_impl::plumbing::QueryCtxt, true>
         9: rustc_query_impl::query_impl::mir_const::get_query_incr::__rust_end_short_backtrace
        10: rustc_mir_transform::mir_promoted
        11: rustc_query_impl::plumbing::__rust_begin_short_backtrace::<rustc_query_impl::query_impl::mir_promoted::dynamic_query::{closure#2}::{closure#0}, rustc_middle::query::erase::Erased<[u8; 16]>>
        12: rustc_query_system::query::plumbing::try_execute_query::<rustc_query_impl::DynamicConfig<rustc_query_system::query::caches::VecCache<rustc_span::def_id::LocalDefId, rustc_middle::query::erase::Erased<[u8; 16]>>, false, false, false>, rustc_query_impl::plumbing::QueryCtxt, true>
        13: rustc_query_impl::query_impl::mir_promoted::get_query_incr::__rust_end_short_backtrace
        14: rustc_borrowck::mir_borrowck
        15: rustc_query_impl::plumbing::__rust_begin_short_backtrace::<rustc_query_impl::query_impl::mir_borrowck::dynamic_query::{closure#2}::{closure#0}, rustc_middle::query::erase::Erased<[u8; 8]>>
        16: rustc_query_system::query::plumbing::try_execute_query::<rustc_query_impl::DynamicConfig<rustc_query_system::query::caches::VecCache<rustc_span::def_id::LocalDefId, rustc_middle::query::erase::Erased<[u8; 8]>>, false, false, false>, rustc_query_impl::plumbing::QueryCtxt, true>
        17: rustc_query_impl::query_impl::mir_borrowck::get_query_incr::__rust_end_short_backtrace
        18: rustc_interface::passes::analysis
        19: rustc_query_impl::plumbing::__rust_begin_short_backtrace::<rustc_query_impl::query_impl::analysis::dynamic_query::{closure#2}::{closure#0}, rustc_middle::query::erase::Erased<[u8; 1]>>
        20: rustc_query_system::query::plumbing::try_execute_query::<rustc_query_impl::DynamicConfig<rustc_query_system::query::caches::SingleCache<rustc_middle::query::erase::Erased<[u8; 1]>>, false, false, false>, rustc_query_impl::plumbing::QueryCtxt, true>
        21: rustc_query_impl::query_impl::analysis::get_query_incr::__rust_end_short_backtrace
        22: rustc_interface::interface::run_compiler::<core::result::Result<(), rustc_span::ErrorGuaranteed>, rustc_driver_impl::run_compiler::{closure#0}>::{closure#0}
        23: std::sys_common::backtrace::__rust_begin_short_backtrace::<rustc_interface::util::run_in_thread_with_globals<rustc_interface::util::run_in_thread_pool_with_globals<rustc_interface::interface::run_compiler<core::result::Result<(), rustc_span::ErrorGuaranteed>, rustc_driver_impl::run_compiler::{closure#0}>::{closure#0}, core::result::Result<(), rustc_span::ErrorGuaranteed>>::{closure#0}, core::result::Result<(), rustc_span::ErrorGuaranteed>>::{closure#0}::{closure#0}, core::result::Result<(), rustc_span::ErrorGuaranteed>>
        24: <<std::thread::Builder>::spawn_unchecked_<rustc_interface::util::run_in_thread_with_globals<rustc_interface::util::run_in_thread_pool_with_globals<rustc_interface::interface::run_compiler<core::result::Result<(), rustc_span::ErrorGuaranteed>, rustc_driver_impl::run_compiler::{closure#0}>::{closure#0}, core::result::Result<(), rustc_span::ErrorGuaranteed>>::{closure#0}, core::result::Result<(), rustc_span::ErrorGuaranteed>>::{closure#0}::{closure#0}, core::result::Result<(), rustc_span::ErrorGuaranteed>>::{closure#1} as core::ops::function::FnOnce<()>>::call_once::{shim:vtable#0}
        25: <alloc::boxed::Box<F,A> as core::ops::function::FnOnce<Args>>::call_once
                   at /rustc/e7bbe8ce933123a8e327c79e38bcb790595e6a65/library/alloc/src/boxed.rs:2015:9
        26: <alloc::boxed::Box<F,A> as core::ops::function::FnOnce<Args>>::call_once
                   at /rustc/e7bbe8ce933123a8e327c79e38bcb790595e6a65/library/alloc/src/boxed.rs:2015:9
        27: std::sys::pal::unix::thread::Thread::new::thread_start
                   at /rustc/e7bbe8ce933123a8e327c79e38bcb790595e6a65/library/std/src/sys/pal/unix/thread.rs:108:17
        28: start_thread
                   at ./nptl/pthread_create.c:442:8
        29: __GI___clone3
                   at ./misc/../sysdeps/unix/sysv/linux/x86_64/clone3.S:81
 --> src/main.rs:8:13
  |
8 |     for (Ok(mut _x) | Err(!)) in [res_void] {}
  |             ^^^^^^

error: internal compiler error: broken MIR in Item(DefId(0:4 ~ bug_120421[fbaa]::main)) (after pass SanityCheck) at bb13[2]:
                                local _14 still has storage when returning from function
 --> src/main.rs:9:2
  |
9 | }
  |  ^
  |
note: delayed at compiler/rustc_mir_transform/src/lint.rs:116:34
         0: <rustc_errors::DiagCtxtInner>::emit_diagnostic
         1: <rustc_errors::DiagCtxt>::emit_diagnostic
         2: <rustc_span::ErrorGuaranteed as rustc_errors::diagnostic_builder::EmissionGuarantee>::emit_producing_guarantee
         3: <rustc_mir_transform::lint::Lint>::fail::<alloc::string::String>
         4: <rustc_mir_transform::lint::Lint as rustc_middle::mir::visit::Visitor>::visit_terminator
         5: rustc_mir_transform::lint::lint_body
         6: rustc_mir_transform::mir_const
         7: rustc_query_impl::plumbing::__rust_begin_short_backtrace::<rustc_query_impl::query_impl::mir_const::dynamic_query::{closure#2}::{closure#0}, rustc_middle::query::erase::Erased<[u8; 8]>>
         8: rustc_query_system::query::plumbing::try_execute_query::<rustc_query_impl::DynamicConfig<rustc_query_system::query::caches::VecCache<rustc_span::def_id::LocalDefId, rustc_middle::query::erase::Erased<[u8; 8]>>, false, false, false>, rustc_query_impl::plumbing::QueryCtxt, true>
         9: rustc_query_impl::query_impl::mir_const::get_query_incr::__rust_end_short_backtrace
        10: rustc_mir_transform::mir_promoted
        11: rustc_query_impl::plumbing::__rust_begin_short_backtrace::<rustc_query_impl::query_impl::mir_promoted::dynamic_query::{closure#2}::{closure#0}, rustc_middle::query::erase::Erased<[u8; 16]>>
        12: rustc_query_system::query::plumbing::try_execute_query::<rustc_query_impl::DynamicConfig<rustc_query_system::query::caches::VecCache<rustc_span::def_id::LocalDefId, rustc_middle::query::erase::Erased<[u8; 16]>>, false, false, false>, rustc_query_impl::plumbing::QueryCtxt, true>
        13: rustc_query_impl::query_impl::mir_promoted::get_query_incr::__rust_end_short_backtrace
        14: rustc_borrowck::mir_borrowck
        15: rustc_query_impl::plumbing::__rust_begin_short_backtrace::<rustc_query_impl::query_impl::mir_borrowck::dynamic_query::{closure#2}::{closure#0}, rustc_middle::query::erase::Erased<[u8; 8]>>
        16: rustc_query_system::query::plumbing::try_execute_query::<rustc_query_impl::DynamicConfig<rustc_query_system::query::caches::VecCache<rustc_span::def_id::LocalDefId, rustc_middle::query::erase::Erased<[u8; 8]>>, false, false, false>, rustc_query_impl::plumbing::QueryCtxt, true>
        17: rustc_query_impl::query_impl::mir_borrowck::get_query_incr::__rust_end_short_backtrace
        18: rustc_interface::passes::analysis
        19: rustc_query_impl::plumbing::__rust_begin_short_backtrace::<rustc_query_impl::query_impl::analysis::dynamic_query::{closure#2}::{closure#0}, rustc_middle::query::erase::Erased<[u8; 1]>>
        20: rustc_query_system::query::plumbing::try_execute_query::<rustc_query_impl::DynamicConfig<rustc_query_system::query::caches::SingleCache<rustc_middle::query::erase::Erased<[u8; 1]>>, false, false, false>, rustc_query_impl::plumbing::QueryCtxt, true>
        21: rustc_query_impl::query_impl::analysis::get_query_incr::__rust_end_short_backtrace
        22: rustc_interface::interface::run_compiler::<core::result::Result<(), rustc_span::ErrorGuaranteed>, rustc_driver_impl::run_compiler::{closure#0}>::{closure#0}
        23: std::sys_common::backtrace::__rust_begin_short_backtrace::<rustc_interface::util::run_in_thread_with_globals<rustc_interface::util::run_in_thread_pool_with_globals<rustc_interface::interface::run_compiler<core::result::Result<(), rustc_span::ErrorGuaranteed>, rustc_driver_impl::run_compiler::{closure#0}>::{closure#0}, core::result::Result<(), rustc_span::ErrorGuaranteed>>::{closure#0}, core::result::Result<(), rustc_span::ErrorGuaranteed>>::{closure#0}::{closure#0}, core::result::Result<(), rustc_span::ErrorGuaranteed>>
        24: <<std::thread::Builder>::spawn_unchecked_<rustc_interface::util::run_in_thread_with_globals<rustc_interface::util::run_in_thread_pool_with_globals<rustc_interface::interface::run_compiler<core::result::Result<(), rustc_span::ErrorGuaranteed>, rustc_driver_impl::run_compiler::{closure#0}>::{closure#0}, core::result::Result<(), rustc_span::ErrorGuaranteed>>::{closure#0}, core::result::Result<(), rustc_span::ErrorGuaranteed>>::{closure#0}::{closure#0}, core::result::Result<(), rustc_span::ErrorGuaranteed>>::{closure#1} as core::ops::function::FnOnce<()>>::call_once::{shim:vtable#0}
        25: <alloc::boxed::Box<F,A> as core::ops::function::FnOnce<Args>>::call_once
                   at /rustc/e7bbe8ce933123a8e327c79e38bcb790595e6a65/library/alloc/src/boxed.rs:2015:9
        26: <alloc::boxed::Box<F,A> as core::ops::function::FnOnce<Args>>::call_once
                   at /rustc/e7bbe8ce933123a8e327c79e38bcb790595e6a65/library/alloc/src/boxed.rs:2015:9
        27: std::sys::pal::unix::thread::Thread::new::thread_start
                   at /rustc/e7bbe8ce933123a8e327c79e38bcb790595e6a65/library/std/src/sys/pal/unix/thread.rs:108:17
        28: start_thread
                   at ./nptl/pthread_create.c:442:8
        29: __GI___clone3
                   at ./misc/../sysdeps/unix/sysv/linux/x86_64/clone3.S:81
 --> src/main.rs:9:2
  |
9 | }
  |  ^

error: internal compiler error: broken MIR in Item(DefId(0:4 ~ bug_120421[fbaa]::main)) (after pass PromoteTemps) at bb11[0]:
                                StorageLive(_14) which already has storage here
 --> src/main.rs:8:13
  |
8 |     for (Ok(mut _x) | Err(!)) in [res_void] {}
  |             ^^^^^^
  |
note: delayed at compiler/rustc_mir_transform/src/lint.rs:97:26
         0: <rustc_errors::DiagCtxtInner>::emit_diagnostic
         1: <rustc_errors::DiagCtxt>::emit_diagnostic
         2: <rustc_span::ErrorGuaranteed as rustc_errors::diagnostic_builder::EmissionGuarantee>::emit_producing_guarantee
         3: <rustc_mir_transform::lint::Lint>::fail::<alloc::string::String>
         4: <rustc_mir_transform::lint::Lint as rustc_middle::mir::visit::Visitor>::visit_statement
         5: rustc_mir_transform::lint::lint_body
         6: rustc_mir_transform::pass_manager::run_passes_inner
         7: rustc_mir_transform::mir_promoted
         8: rustc_query_impl::plumbing::__rust_begin_short_backtrace::<rustc_query_impl::query_impl::mir_promoted::dynamic_query::{closure#2}::{closure#0}, rustc_middle::query::erase::Erased<[u8; 16]>>
         9: rustc_query_system::query::plumbing::try_execute_query::<rustc_query_impl::DynamicConfig<rustc_query_system::query::caches::VecCache<rustc_span::def_id::LocalDefId, rustc_middle::query::erase::Erased<[u8; 16]>>, false, false, false>, rustc_query_impl::plumbing::QueryCtxt, true>
        10: rustc_query_impl::query_impl::mir_promoted::get_query_incr::__rust_end_short_backtrace
        11: rustc_borrowck::mir_borrowck
        12: rustc_query_impl::plumbing::__rust_begin_short_backtrace::<rustc_query_impl::query_impl::mir_borrowck::dynamic_query::{closure#2}::{closure#0}, rustc_middle::query::erase::Erased<[u8; 8]>>
        13: rustc_query_system::query::plumbing::try_execute_query::<rustc_query_impl::DynamicConfig<rustc_query_system::query::caches::VecCache<rustc_span::def_id::LocalDefId, rustc_middle::query::erase::Erased<[u8; 8]>>, false, false, false>, rustc_query_impl::plumbing::QueryCtxt, true>
        14: rustc_query_impl::query_impl::mir_borrowck::get_query_incr::__rust_end_short_backtrace
        15: rustc_interface::passes::analysis
        16: rustc_query_impl::plumbing::__rust_begin_short_backtrace::<rustc_query_impl::query_impl::analysis::dynamic_query::{closure#2}::{closure#0}, rustc_middle::query::erase::Erased<[u8; 1]>>
        17: rustc_query_system::query::plumbing::try_execute_query::<rustc_query_impl::DynamicConfig<rustc_query_system::query::caches::SingleCache<rustc_middle::query::erase::Erased<[u8; 1]>>, false, false, false>, rustc_query_impl::plumbing::QueryCtxt, true>
        18: rustc_query_impl::query_impl::analysis::get_query_incr::__rust_end_short_backtrace
        19: rustc_interface::interface::run_compiler::<core::result::Result<(), rustc_span::ErrorGuaranteed>, rustc_driver_impl::run_compiler::{closure#0}>::{closure#0}
        20: std::sys_common::backtrace::__rust_begin_short_backtrace::<rustc_interface::util::run_in_thread_with_globals<rustc_interface::util::run_in_thread_pool_with_globals<rustc_interface::interface::run_compiler<core::result::Result<(), rustc_span::ErrorGuaranteed>, rustc_driver_impl::run_compiler::{closure#0}>::{closure#0}, core::result::Result<(), rustc_span::ErrorGuaranteed>>::{closure#0}, core::result::Result<(), rustc_span::ErrorGuaranteed>>::{closure#0}::{closure#0}, core::result::Result<(), rustc_span::ErrorGuaranteed>>
        21: <<std::thread::Builder>::spawn_unchecked_<rustc_interface::util::run_in_thread_with_globals<rustc_interface::util::run_in_thread_pool_with_globals<rustc_interface::interface::run_compiler<core::result::Result<(), rustc_span::ErrorGuaranteed>, rustc_driver_impl::run_compiler::{closure#0}>::{closure#0}, core::result::Result<(), rustc_span::ErrorGuaranteed>>::{closure#0}, core::result::Result<(), rustc_span::ErrorGuaranteed>>::{closure#0}::{closure#0}, core::result::Result<(), rustc_span::ErrorGuaranteed>>::{closure#1} as core::ops::function::FnOnce<()>>::call_once::{shim:vtable#0}
        22: <alloc::boxed::Box<F,A> as core::ops::function::FnOnce<Args>>::call_once
                   at /rustc/e7bbe8ce933123a8e327c79e38bcb790595e6a65/library/alloc/src/boxed.rs:2015:9
        23: <alloc::boxed::Box<F,A> as core::ops::function::FnOnce<Args>>::call_once
                   at /rustc/e7bbe8ce933123a8e327c79e38bcb790595e6a65/library/alloc/src/boxed.rs:2015:9
        24: std::sys::pal::unix::thread::Thread::new::thread_start
                   at /rustc/e7bbe8ce933123a8e327c79e38bcb790595e6a65/library/std/src/sys/pal/unix/thread.rs:108:17
        25: start_thread
                   at ./nptl/pthread_create.c:442:8
        26: __GI___clone3
                   at ./misc/../sysdeps/unix/sysv/linux/x86_64/clone3.S:81
 --> src/main.rs:8:13
  |
8 |     for (Ok(mut _x) | Err(!)) in [res_void] {}
  |             ^^^^^^

error: internal compiler error: broken MIR in Item(DefId(0:4 ~ bug_120421[fbaa]::main)) (after pass PromoteTemps) at bb13[2]:
                                local _14 still has storage when returning from function
 --> src/main.rs:9:2
  |
9 | }
  |  ^
  |
note: delayed at compiler/rustc_mir_transform/src/lint.rs:116:34
         0: <rustc_errors::DiagCtxtInner>::emit_diagnostic
         1: <rustc_errors::DiagCtxt>::emit_diagnostic
         2: <rustc_span::ErrorGuaranteed as rustc_errors::diagnostic_builder::EmissionGuarantee>::emit_producing_guarantee
         3: <rustc_mir_transform::lint::Lint>::fail::<alloc::string::String>
         4: <rustc_mir_transform::lint::Lint as rustc_middle::mir::visit::Visitor>::visit_terminator
         5: rustc_mir_transform::lint::lint_body
         6: rustc_mir_transform::pass_manager::run_passes_inner
         7: rustc_mir_transform::mir_promoted
         8: rustc_query_impl::plumbing::__rust_begin_short_backtrace::<rustc_query_impl::query_impl::mir_promoted::dynamic_query::{closure#2}::{closure#0}, rustc_middle::query::erase::Erased<[u8; 16]>>
         9: rustc_query_system::query::plumbing::try_execute_query::<rustc_query_impl::DynamicConfig<rustc_query_system::query::caches::VecCache<rustc_span::def_id::LocalDefId, rustc_middle::query::erase::Erased<[u8; 16]>>, false, false, false>, rustc_query_impl::plumbing::QueryCtxt, true>
        10: rustc_query_impl::query_impl::mir_promoted::get_query_incr::__rust_end_short_backtrace
        11: rustc_borrowck::mir_borrowck
        12: rustc_query_impl::plumbing::__rust_begin_short_backtrace::<rustc_query_impl::query_impl::mir_borrowck::dynamic_query::{closure#2}::{closure#0}, rustc_middle::query::erase::Erased<[u8; 8]>>
        13: rustc_query_system::query::plumbing::try_execute_query::<rustc_query_impl::DynamicConfig<rustc_query_system::query::caches::VecCache<rustc_span::def_id::LocalDefId, rustc_middle::query::erase::Erased<[u8; 8]>>, false, false, false>, rustc_query_impl::plumbing::QueryCtxt, true>
        14: rustc_query_impl::query_impl::mir_borrowck::get_query_incr::__rust_end_short_backtrace
        15: rustc_interface::passes::analysis
        16: rustc_query_impl::plumbing::__rust_begin_short_backtrace::<rustc_query_impl::query_impl::analysis::dynamic_query::{closure#2}::{closure#0}, rustc_middle::query::erase::Erased<[u8; 1]>>
        17: rustc_query_system::query::plumbing::try_execute_query::<rustc_query_impl::DynamicConfig<rustc_query_system::query::caches::SingleCache<rustc_middle::query::erase::Erased<[u8; 1]>>, false, false, false>, rustc_query_impl::plumbing::QueryCtxt, true>
        18: rustc_query_impl::query_impl::analysis::get_query_incr::__rust_end_short_backtrace
        19: rustc_interface::interface::run_compiler::<core::result::Result<(), rustc_span::ErrorGuaranteed>, rustc_driver_impl::run_compiler::{closure#0}>::{closure#0}
        20: std::sys_common::backtrace::__rust_begin_short_backtrace::<rustc_interface::util::run_in_thread_with_globals<rustc_interface::util::run_in_thread_pool_with_globals<rustc_interface::interface::run_compiler<core::result::Result<(), rustc_span::ErrorGuaranteed>, rustc_driver_impl::run_compiler::{closure#0}>::{closure#0}, core::result::Result<(), rustc_span::ErrorGuaranteed>>::{closure#0}, core::result::Result<(), rustc_span::ErrorGuaranteed>>::{closure#0}::{closure#0}, core::result::Result<(), rustc_span::ErrorGuaranteed>>
        21: <<std::thread::Builder>::spawn_unchecked_<rustc_interface::util::run_in_thread_with_globals<rustc_interface::util::run_in_thread_pool_with_globals<rustc_interface::interface::run_compiler<core::result::Result<(), rustc_span::ErrorGuaranteed>, rustc_driver_impl::run_compiler::{closure#0}>::{closure#0}, core::result::Result<(), rustc_span::ErrorGuaranteed>>::{closure#0}, core::result::Result<(), rustc_span::ErrorGuaranteed>>::{closure#0}::{closure#0}, core::result::Result<(), rustc_span::ErrorGuaranteed>>::{closure#1} as core::ops::function::FnOnce<()>>::call_once::{shim:vtable#0}
        22: <alloc::boxed::Box<F,A> as core::ops::function::FnOnce<Args>>::call_once
                   at /rustc/e7bbe8ce933123a8e327c79e38bcb790595e6a65/library/alloc/src/boxed.rs:2015:9
        23: <alloc::boxed::Box<F,A> as core::ops::function::FnOnce<Args>>::call_once
                   at /rustc/e7bbe8ce933123a8e327c79e38bcb790595e6a65/library/alloc/src/boxed.rs:2015:9
        24: std::sys::pal::unix::thread::Thread::new::thread_start
                   at /rustc/e7bbe8ce933123a8e327c79e38bcb790595e6a65/library/std/src/sys/pal/unix/thread.rs:108:17
        25: start_thread
                   at ./nptl/pthread_create.c:442:8
        26: __GI___clone3
                   at ./misc/../sysdeps/unix/sysv/linux/x86_64/clone3.S:81
 --> src/main.rs:9:2
  |
9 | }
  |  ^

error: internal compiler error: broken MIR in Item(DefId(0:4 ~ bug_120421[fbaa]::main)) (after pass SimplifyCfg-promote-consts) at bb11[0]:
                                StorageLive(_14) which already has storage here
 --> src/main.rs:8:13
  |
8 |     for (Ok(mut _x) | Err(!)) in [res_void] {}
  |             ^^^^^^
  |
note: delayed at compiler/rustc_mir_transform/src/lint.rs:97:26
         0: <rustc_errors::DiagCtxtInner>::emit_diagnostic
         1: <rustc_errors::DiagCtxt>::emit_diagnostic
         2: <rustc_span::ErrorGuaranteed as rustc_errors::diagnostic_builder::EmissionGuarantee>::emit_producing_guarantee
         3: <rustc_mir_transform::lint::Lint>::fail::<alloc::string::String>
         4: <rustc_mir_transform::lint::Lint as rustc_middle::mir::visit::Visitor>::visit_statement
         5: rustc_mir_transform::lint::lint_body
         6: rustc_mir_transform::pass_manager::run_passes_inner
         7: rustc_mir_transform::mir_promoted
         8: rustc_query_impl::plumbing::__rust_begin_short_backtrace::<rustc_query_impl::query_impl::mir_promoted::dynamic_query::{closure#2}::{closure#0}, rustc_middle::query::erase::Erased<[u8; 16]>>
         9: rustc_query_system::query::plumbing::try_execute_query::<rustc_query_impl::DynamicConfig<rustc_query_system::query::caches::VecCache<rustc_span::def_id::LocalDefId, rustc_middle::query::erase::Erased<[u8; 16]>>, false, false, false>, rustc_query_impl::plumbing::QueryCtxt, true>
        10: rustc_query_impl::query_impl::mir_promoted::get_query_incr::__rust_end_short_backtrace
        11: rustc_borrowck::mir_borrowck
        12: rustc_query_impl::plumbing::__rust_begin_short_backtrace::<rustc_query_impl::query_impl::mir_borrowck::dynamic_query::{closure#2}::{closure#0}, rustc_middle::query::erase::Erased<[u8; 8]>>
        13: rustc_query_system::query::plumbing::try_execute_query::<rustc_query_impl::DynamicConfig<rustc_query_system::query::caches::VecCache<rustc_span::def_id::LocalDefId, rustc_middle::query::erase::Erased<[u8; 8]>>, false, false, false>, rustc_query_impl::plumbing::QueryCtxt, true>
        14: rustc_query_impl::query_impl::mir_borrowck::get_query_incr::__rust_end_short_backtrace
        15: rustc_interface::passes::analysis
        16: rustc_query_impl::plumbing::__rust_begin_short_backtrace::<rustc_query_impl::query_impl::analysis::dynamic_query::{closure#2}::{closure#0}, rustc_middle::query::erase::Erased<[u8; 1]>>
        17: rustc_query_system::query::plumbing::try_execute_query::<rustc_query_impl::DynamicConfig<rustc_query_system::query::caches::SingleCache<rustc_middle::query::erase::Erased<[u8; 1]>>, false, false, false>, rustc_query_impl::plumbing::QueryCtxt, true>
        18: rustc_query_impl::query_impl::analysis::get_query_incr::__rust_end_short_backtrace
        19: rustc_interface::interface::run_compiler::<core::result::Result<(), rustc_span::ErrorGuaranteed>, rustc_driver_impl::run_compiler::{closure#0}>::{closure#0}
        20: std::sys_common::backtrace::__rust_begin_short_backtrace::<rustc_interface::util::run_in_thread_with_globals<rustc_interface::util::run_in_thread_pool_with_globals<rustc_interface::interface::run_compiler<core::result::Result<(), rustc_span::ErrorGuaranteed>, rustc_driver_impl::run_compiler::{closure#0}>::{closure#0}, core::result::Result<(), rustc_span::ErrorGuaranteed>>::{closure#0}, core::result::Result<(), rustc_span::ErrorGuaranteed>>::{closure#0}::{closure#0}, core::result::Result<(), rustc_span::ErrorGuaranteed>>
        21: <<std::thread::Builder>::spawn_unchecked_<rustc_interface::util::run_in_thread_with_globals<rustc_interface::util::run_in_thread_pool_with_globals<rustc_interface::interface::run_compiler<core::result::Result<(), rustc_span::ErrorGuaranteed>, rustc_driver_impl::run_compiler::{closure#0}>::{closure#0}, core::result::Result<(), rustc_span::ErrorGuaranteed>>::{closure#0}, core::result::Result<(), rustc_span::ErrorGuaranteed>>::{closure#0}::{closure#0}, core::result::Result<(), rustc_span::ErrorGuaranteed>>::{closure#1} as core::ops::function::FnOnce<()>>::call_once::{shim:vtable#0}
        22: <alloc::boxed::Box<F,A> as core::ops::function::FnOnce<Args>>::call_once
                   at /rustc/e7bbe8ce933123a8e327c79e38bcb790595e6a65/library/alloc/src/boxed.rs:2015:9
        23: <alloc::boxed::Box<F,A> as core::ops::function::FnOnce<Args>>::call_once
                   at /rustc/e7bbe8ce933123a8e327c79e38bcb790595e6a65/library/alloc/src/boxed.rs:2015:9
        24: std::sys::pal::unix::thread::Thread::new::thread_start
                   at /rustc/e7bbe8ce933123a8e327c79e38bcb790595e6a65/library/std/src/sys/pal/unix/thread.rs:108:17
        25: start_thread
                   at ./nptl/pthread_create.c:442:8
        26: __GI___clone3
                   at ./misc/../sysdeps/unix/sysv/linux/x86_64/clone3.S:81
 --> src/main.rs:8:13
  |
8 |     for (Ok(mut _x) | Err(!)) in [res_void] {}
  |             ^^^^^^

error: internal compiler error: broken MIR in Item(DefId(0:4 ~ bug_120421[fbaa]::main)) (after pass SimplifyCfg-promote-consts) at bb13[2]:
                                local _14 still has storage when returning from function
 --> src/main.rs:9:2
  |
9 | }
  |  ^
  |
note: delayed at compiler/rustc_mir_transform/src/lint.rs:116:34
         0: <rustc_errors::DiagCtxtInner>::emit_diagnostic
         1: <rustc_errors::DiagCtxt>::emit_diagnostic
         2: <rustc_span::ErrorGuaranteed as rustc_errors::diagnostic_builder::EmissionGuarantee>::emit_producing_guarantee
         3: <rustc_mir_transform::lint::Lint>::fail::<alloc::string::String>
         4: <rustc_mir_transform::lint::Lint as rustc_middle::mir::visit::Visitor>::visit_terminator
         5: rustc_mir_transform::lint::lint_body
         6: rustc_mir_transform::pass_manager::run_passes_inner
         7: rustc_mir_transform::mir_promoted
         8: rustc_query_impl::plumbing::__rust_begin_short_backtrace::<rustc_query_impl::query_impl::mir_promoted::dynamic_query::{closure#2}::{closure#0}, rustc_middle::query::erase::Erased<[u8; 16]>>
         9: rustc_query_system::query::plumbing::try_execute_query::<rustc_query_impl::DynamicConfig<rustc_query_system::query::caches::VecCache<rustc_span::def_id::LocalDefId, rustc_middle::query::erase::Erased<[u8; 16]>>, false, false, false>, rustc_query_impl::plumbing::QueryCtxt, true>
        10: rustc_query_impl::query_impl::mir_promoted::get_query_incr::__rust_end_short_backtrace
        11: rustc_borrowck::mir_borrowck
        12: rustc_query_impl::plumbing::__rust_begin_short_backtrace::<rustc_query_impl::query_impl::mir_borrowck::dynamic_query::{closure#2}::{closure#0}, rustc_middle::query::erase::Erased<[u8; 8]>>
        13: rustc_query_system::query::plumbing::try_execute_query::<rustc_query_impl::DynamicConfig<rustc_query_system::query::caches::VecCache<rustc_span::def_id::LocalDefId, rustc_middle::query::erase::Erased<[u8; 8]>>, false, false, false>, rustc_query_impl::plumbing::QueryCtxt, true>
        14: rustc_query_impl::query_impl::mir_borrowck::get_query_incr::__rust_end_short_backtrace
        15: rustc_interface::passes::analysis
        16: rustc_query_impl::plumbing::__rust_begin_short_backtrace::<rustc_query_impl::query_impl::analysis::dynamic_query::{closure#2}::{closure#0}, rustc_middle::query::erase::Erased<[u8; 1]>>
        17: rustc_query_system::query::plumbing::try_execute_query::<rustc_query_impl::DynamicConfig<rustc_query_system::query::caches::SingleCache<rustc_middle::query::erase::Erased<[u8; 1]>>, false, false, false>, rustc_query_impl::plumbing::QueryCtxt, true>
        18: rustc_query_impl::query_impl::analysis::get_query_incr::__rust_end_short_backtrace
        19: rustc_interface::interface::run_compiler::<core::result::Result<(), rustc_span::ErrorGuaranteed>, rustc_driver_impl::run_compiler::{closure#0}>::{closure#0}
        20: std::sys_common::backtrace::__rust_begin_short_backtrace::<rustc_interface::util::run_in_thread_with_globals<rustc_interface::util::run_in_thread_pool_with_globals<rustc_interface::interface::run_compiler<core::result::Result<(), rustc_span::ErrorGuaranteed>, rustc_driver_impl::run_compiler::{closure#0}>::{closure#0}, core::result::Result<(), rustc_span::ErrorGuaranteed>>::{closure#0}, core::result::Result<(), rustc_span::ErrorGuaranteed>>::{closure#0}::{closure#0}, core::result::Result<(), rustc_span::ErrorGuaranteed>>
        21: <<std::thread::Builder>::spawn_unchecked_<rustc_interface::util::run_in_thread_with_globals<rustc_interface::util::run_in_thread_pool_with_globals<rustc_interface::interface::run_compiler<core::result::Result<(), rustc_span::ErrorGuaranteed>, rustc_driver_impl::run_compiler::{closure#0}>::{closure#0}, core::result::Result<(), rustc_span::ErrorGuaranteed>>::{closure#0}, core::result::Result<(), rustc_span::ErrorGuaranteed>>::{closure#0}::{closure#0}, core::result::Result<(), rustc_span::ErrorGuaranteed>>::{closure#1} as core::ops::function::FnOnce<()>>::call_once::{shim:vtable#0}
        22: <alloc::boxed::Box<F,A> as core::ops::function::FnOnce<Args>>::call_once
                   at /rustc/e7bbe8ce933123a8e327c79e38bcb790595e6a65/library/alloc/src/boxed.rs:2015:9
        23: <alloc::boxed::Box<F,A> as core::ops::function::FnOnce<Args>>::call_once
                   at /rustc/e7bbe8ce933123a8e327c79e38bcb790595e6a65/library/alloc/src/boxed.rs:2015:9
        24: std::sys::pal::unix::thread::Thread::new::thread_start
                   at /rustc/e7bbe8ce933123a8e327c79e38bcb790595e6a65/library/std/src/sys/pal/unix/thread.rs:108:17
        25: start_thread
                   at ./nptl/pthread_create.c:442:8
        26: __GI___clone3
                   at ./misc/../sysdeps/unix/sysv/linux/x86_64/clone3.S:81
 --> src/main.rs:9:2
  |
9 | }
  |  ^

error: internal compiler error: broken MIR in Item(DefId(0:4 ~ bug_120421[fbaa]::main)) (after phase change to analysis) at bb11[0]:
                                StorageLive(_14) which already has storage here
 --> src/main.rs:8:13
  |
8 |     for (Ok(mut _x) | Err(!)) in [res_void] {}
  |             ^^^^^^
  |
note: delayed at compiler/rustc_mir_transform/src/lint.rs:97:26
         0: <rustc_errors::DiagCtxtInner>::emit_diagnostic
         1: <rustc_errors::DiagCtxt>::emit_diagnostic
         2: <rustc_span::ErrorGuaranteed as rustc_errors::diagnostic_builder::EmissionGuarantee>::emit_producing_guarantee
         3: <rustc_mir_transform::lint::Lint>::fail::<alloc::string::String>
         4: <rustc_mir_transform::lint::Lint as rustc_middle::mir::visit::Visitor>::visit_statement
         5: rustc_mir_transform::lint::lint_body
         6: rustc_mir_transform::pass_manager::run_passes_inner
         7: rustc_mir_transform::mir_promoted
         8: rustc_query_impl::plumbing::__rust_begin_short_backtrace::<rustc_query_impl::query_impl::mir_promoted::dynamic_query::{closure#2}::{closure#0}, rustc_middle::query::erase::Erased<[u8; 16]>>
         9: rustc_query_system::query::plumbing::try_execute_query::<rustc_query_impl::DynamicConfig<rustc_query_system::query::caches::VecCache<rustc_span::def_id::LocalDefId, rustc_middle::query::erase::Erased<[u8; 16]>>, false, false, false>, rustc_query_impl::plumbing::QueryCtxt, true>
        10: rustc_query_impl::query_impl::mir_promoted::get_query_incr::__rust_end_short_backtrace
        11: rustc_borrowck::mir_borrowck
        12: rustc_query_impl::plumbing::__rust_begin_short_backtrace::<rustc_query_impl::query_impl::mir_borrowck::dynamic_query::{closure#2}::{closure#0}, rustc_middle::query::erase::Erased<[u8; 8]>>
        13: rustc_query_system::query::plumbing::try_execute_query::<rustc_query_impl::DynamicConfig<rustc_query_system::query::caches::VecCache<rustc_span::def_id::LocalDefId, rustc_middle::query::erase::Erased<[u8; 8]>>, false, false, false>, rustc_query_impl::plumbing::QueryCtxt, true>
        14: rustc_query_impl::query_impl::mir_borrowck::get_query_incr::__rust_end_short_backtrace
        15: rustc_interface::passes::analysis
        16: rustc_query_impl::plumbing::__rust_begin_short_backtrace::<rustc_query_impl::query_impl::analysis::dynamic_query::{closure#2}::{closure#0}, rustc_middle::query::erase::Erased<[u8; 1]>>
        17: rustc_query_system::query::plumbing::try_execute_query::<rustc_query_impl::DynamicConfig<rustc_query_system::query::caches::SingleCache<rustc_middle::query::erase::Erased<[u8; 1]>>, false, false, false>, rustc_query_impl::plumbing::QueryCtxt, true>
        18: rustc_query_impl::query_impl::analysis::get_query_incr::__rust_end_short_backtrace
        19: rustc_interface::interface::run_compiler::<core::result::Result<(), rustc_span::ErrorGuaranteed>, rustc_driver_impl::run_compiler::{closure#0}>::{closure#0}
        20: std::sys_common::backtrace::__rust_begin_short_backtrace::<rustc_interface::util::run_in_thread_with_globals<rustc_interface::util::run_in_thread_pool_with_globals<rustc_interface::interface::run_compiler<core::result::Result<(), rustc_span::ErrorGuaranteed>, rustc_driver_impl::run_compiler::{closure#0}>::{closure#0}, core::result::Result<(), rustc_span::ErrorGuaranteed>>::{closure#0}, core::result::Result<(), rustc_span::ErrorGuaranteed>>::{closure#0}::{closure#0}, core::result::Result<(), rustc_span::ErrorGuaranteed>>
        21: <<std::thread::Builder>::spawn_unchecked_<rustc_interface::util::run_in_thread_with_globals<rustc_interface::util::run_in_thread_pool_with_globals<rustc_interface::interface::run_compiler<core::result::Result<(), rustc_span::ErrorGuaranteed>, rustc_driver_impl::run_compiler::{closure#0}>::{closure#0}, core::result::Result<(), rustc_span::ErrorGuaranteed>>::{closure#0}, core::result::Result<(), rustc_span::ErrorGuaranteed>>::{closure#0}::{closure#0}, core::result::Result<(), rustc_span::ErrorGuaranteed>>::{closure#1} as core::ops::function::FnOnce<()>>::call_once::{shim:vtable#0}
        22: <alloc::boxed::Box<F,A> as core::ops::function::FnOnce<Args>>::call_once
                   at /rustc/e7bbe8ce933123a8e327c79e38bcb790595e6a65/library/alloc/src/boxed.rs:2015:9
        23: <alloc::boxed::Box<F,A> as core::ops::function::FnOnce<Args>>::call_once
                   at /rustc/e7bbe8ce933123a8e327c79e38bcb790595e6a65/library/alloc/src/boxed.rs:2015:9
        24: std::sys::pal::unix::thread::Thread::new::thread_start
                   at /rustc/e7bbe8ce933123a8e327c79e38bcb790595e6a65/library/std/src/sys/pal/unix/thread.rs:108:17
        25: start_thread
                   at ./nptl/pthread_create.c:442:8
        26: __GI___clone3
                   at ./misc/../sysdeps/unix/sysv/linux/x86_64/clone3.S:81
 --> src/main.rs:8:13
  |
8 |     for (Ok(mut _x) | Err(!)) in [res_void] {}
  |             ^^^^^^

error: internal compiler error: broken MIR in Item(DefId(0:4 ~ bug_120421[fbaa]::main)) (after phase change to analysis) at bb13[2]:
                                local _14 still has storage when returning from function
 --> src/main.rs:9:2
  |
9 | }
  |  ^
  |
note: delayed at compiler/rustc_mir_transform/src/lint.rs:116:34
         0: <rustc_errors::DiagCtxtInner>::emit_diagnostic
         1: <rustc_errors::DiagCtxt>::emit_diagnostic
         2: <rustc_span::ErrorGuaranteed as rustc_errors::diagnostic_builder::EmissionGuarantee>::emit_producing_guarantee
         3: <rustc_mir_transform::lint::Lint>::fail::<alloc::string::String>
         4: <rustc_mir_transform::lint::Lint as rustc_middle::mir::visit::Visitor>::visit_terminator
         5: rustc_mir_transform::lint::lint_body
         6: rustc_mir_transform::pass_manager::run_passes_inner
         7: rustc_mir_transform::mir_promoted
         8: rustc_query_impl::plumbing::__rust_begin_short_backtrace::<rustc_query_impl::query_impl::mir_promoted::dynamic_query::{closure#2}::{closure#0}, rustc_middle::query::erase::Erased<[u8; 16]>>
         9: rustc_query_system::query::plumbing::try_execute_query::<rustc_query_impl::DynamicConfig<rustc_query_system::query::caches::VecCache<rustc_span::def_id::LocalDefId, rustc_middle::query::erase::Erased<[u8; 16]>>, false, false, false>, rustc_query_impl::plumbing::QueryCtxt, true>
        10: rustc_query_impl::query_impl::mir_promoted::get_query_incr::__rust_end_short_backtrace
        11: rustc_borrowck::mir_borrowck
        12: rustc_query_impl::plumbing::__rust_begin_short_backtrace::<rustc_query_impl::query_impl::mir_borrowck::dynamic_query::{closure#2}::{closure#0}, rustc_middle::query::erase::Erased<[u8; 8]>>
        13: rustc_query_system::query::plumbing::try_execute_query::<rustc_query_impl::DynamicConfig<rustc_query_system::query::caches::VecCache<rustc_span::def_id::LocalDefId, rustc_middle::query::erase::Erased<[u8; 8]>>, false, false, false>, rustc_query_impl::plumbing::QueryCtxt, true>
        14: rustc_query_impl::query_impl::mir_borrowck::get_query_incr::__rust_end_short_backtrace
        15: rustc_interface::passes::analysis
        16: rustc_query_impl::plumbing::__rust_begin_short_backtrace::<rustc_query_impl::query_impl::analysis::dynamic_query::{closure#2}::{closure#0}, rustc_middle::query::erase::Erased<[u8; 1]>>
        17: rustc_query_system::query::plumbing::try_execute_query::<rustc_query_impl::DynamicConfig<rustc_query_system::query::caches::SingleCache<rustc_middle::query::erase::Erased<[u8; 1]>>, false, false, false>, rustc_query_impl::plumbing::QueryCtxt, true>
        18: rustc_query_impl::query_impl::analysis::get_query_incr::__rust_end_short_backtrace
        19: rustc_interface::interface::run_compiler::<core::result::Result<(), rustc_span::ErrorGuaranteed>, rustc_driver_impl::run_compiler::{closure#0}>::{closure#0}
        20: std::sys_common::backtrace::__rust_begin_short_backtrace::<rustc_interface::util::run_in_thread_with_globals<rustc_interface::util::run_in_thread_pool_with_globals<rustc_interface::interface::run_compiler<core::result::Result<(), rustc_span::ErrorGuaranteed>, rustc_driver_impl::run_compiler::{closure#0}>::{closure#0}, core::result::Result<(), rustc_span::ErrorGuaranteed>>::{closure#0}, core::result::Result<(), rustc_span::ErrorGuaranteed>>::{closure#0}::{closure#0}, core::result::Result<(), rustc_span::ErrorGuaranteed>>
        21: <<std::thread::Builder>::spawn_unchecked_<rustc_interface::util::run_in_thread_with_globals<rustc_interface::util::run_in_thread_pool_with_globals<rustc_interface::interface::run_compiler<core::result::Result<(), rustc_span::ErrorGuaranteed>, rustc_driver_impl::run_compiler::{closure#0}>::{closure#0}, core::result::Result<(), rustc_span::ErrorGuaranteed>>::{closure#0}, core::result::Result<(), rustc_span::ErrorGuaranteed>>::{closure#0}::{closure#0}, core::result::Result<(), rustc_span::ErrorGuaranteed>>::{closure#1} as core::ops::function::FnOnce<()>>::call_once::{shim:vtable#0}
        22: <alloc::boxed::Box<F,A> as core::ops::function::FnOnce<Args>>::call_once
                   at /rustc/e7bbe8ce933123a8e327c79e38bcb790595e6a65/library/alloc/src/boxed.rs:2015:9
        23: <alloc::boxed::Box<F,A> as core::ops::function::FnOnce<Args>>::call_once
                   at /rustc/e7bbe8ce933123a8e327c79e38bcb790595e6a65/library/alloc/src/boxed.rs:2015:9
        24: std::sys::pal::unix::thread::Thread::new::thread_start
                   at /rustc/e7bbe8ce933123a8e327c79e38bcb790595e6a65/library/std/src/sys/pal/unix/thread.rs:108:17
        25: start_thread
                   at ./nptl/pthread_create.c:442:8
        26: __GI___clone3
                   at ./misc/../sysdeps/unix/sysv/linux/x86_64/clone3.S:81
 --> src/main.rs:9:2
  |
9 | }
  |  ^

error: internal compiler error: broken MIR in Item(DefId(0:4 ~ bug_120421[fbaa]::main)) (after pass CleanupPostBorrowck) at bb11[0]:
                                StorageLive(_14) which already has storage here
 --> src/main.rs:8:13
  |
8 |     for (Ok(mut _x) | Err(!)) in [res_void] {}
  |             ^^^^^^
  |
note: delayed at compiler/rustc_mir_transform/src/lint.rs:97:26
         0: <rustc_errors::DiagCtxtInner>::emit_diagnostic
         1: <rustc_errors::DiagCtxt>::emit_diagnostic
         2: <rustc_span::ErrorGuaranteed as rustc_errors::diagnostic_builder::EmissionGuarantee>::emit_producing_guarantee
         3: <rustc_mir_transform::lint::Lint>::fail::<alloc::string::String>
         4: <rustc_mir_transform::lint::Lint as rustc_middle::mir::visit::Visitor>::visit_statement
         5: rustc_mir_transform::lint::lint_body
         6: rustc_mir_transform::pass_manager::run_passes_inner
         7: rustc_mir_transform::run_analysis_to_runtime_passes
         8: rustc_mir_transform::mir_drops_elaborated_and_const_checked
         9: rustc_query_impl::plumbing::__rust_begin_short_backtrace::<rustc_query_impl::query_impl::mir_drops_elaborated_and_const_checked::dynamic_query::{closure#2}::{closure#0}, rustc_middle::query::erase::Erased<[u8; 8]>>
        10: rustc_query_system::query::plumbing::try_execute_query::<rustc_query_impl::DynamicConfig<rustc_query_system::query::caches::VecCache<rustc_span::def_id::LocalDefId, rustc_middle::query::erase::Erased<[u8; 8]>>, false, false, false>, rustc_query_impl::plumbing::QueryCtxt, true>
        11: rustc_query_impl::query_impl::mir_drops_elaborated_and_const_checked::get_query_incr::__rust_end_short_backtrace
        12: rustc_interface::passes::analysis
        13: rustc_query_impl::plumbing::__rust_begin_short_backtrace::<rustc_query_impl::query_impl::analysis::dynamic_query::{closure#2}::{closure#0}, rustc_middle::query::erase::Erased<[u8; 1]>>
        14: rustc_query_system::query::plumbing::try_execute_query::<rustc_query_impl::DynamicConfig<rustc_query_system::query::caches::SingleCache<rustc_middle::query::erase::Erased<[u8; 1]>>, false, false, false>, rustc_query_impl::plumbing::QueryCtxt, true>
        15: rustc_query_impl::query_impl::analysis::get_query_incr::__rust_end_short_backtrace
        16: rustc_interface::interface::run_compiler::<core::result::Result<(), rustc_span::ErrorGuaranteed>, rustc_driver_impl::run_compiler::{closure#0}>::{closure#0}
        17: std::sys_common::backtrace::__rust_begin_short_backtrace::<rustc_interface::util::run_in_thread_with_globals<rustc_interface::util::run_in_thread_pool_with_globals<rustc_interface::interface::run_compiler<core::result::Result<(), rustc_span::ErrorGuaranteed>, rustc_driver_impl::run_compiler::{closure#0}>::{closure#0}, core::result::Result<(), rustc_span::ErrorGuaranteed>>::{closure#0}, core::result::Result<(), rustc_span::ErrorGuaranteed>>::{closure#0}::{closure#0}, core::result::Result<(), rustc_span::ErrorGuaranteed>>
        18: <<std::thread::Builder>::spawn_unchecked_<rustc_interface::util::run_in_thread_with_globals<rustc_interface::util::run_in_thread_pool_with_globals<rustc_interface::interface::run_compiler<core::result::Result<(), rustc_span::ErrorGuaranteed>, rustc_driver_impl::run_compiler::{closure#0}>::{closure#0}, core::result::Result<(), rustc_span::ErrorGuaranteed>>::{closure#0}, core::result::Result<(), rustc_span::ErrorGuaranteed>>::{closure#0}::{closure#0}, core::result::Result<(), rustc_span::ErrorGuaranteed>>::{closure#1} as core::ops::function::FnOnce<()>>::call_once::{shim:vtable#0}
        19: <alloc::boxed::Box<F,A> as core::ops::function::FnOnce<Args>>::call_once
                   at /rustc/e7bbe8ce933123a8e327c79e38bcb790595e6a65/library/alloc/src/boxed.rs:2015:9
        20: <alloc::boxed::Box<F,A> as core::ops::function::FnOnce<Args>>::call_once
                   at /rustc/e7bbe8ce933123a8e327c79e38bcb790595e6a65/library/alloc/src/boxed.rs:2015:9
        21: std::sys::pal::unix::thread::Thread::new::thread_start
                   at /rustc/e7bbe8ce933123a8e327c79e38bcb790595e6a65/library/std/src/sys/pal/unix/thread.rs:108:17
        22: start_thread
                   at ./nptl/pthread_create.c:442:8
        23: __GI___clone3
                   at ./misc/../sysdeps/unix/sysv/linux/x86_64/clone3.S:81
 --> src/main.rs:8:13
  |
8 |     for (Ok(mut _x) | Err(!)) in [res_void] {}
  |             ^^^^^^

error: internal compiler error: broken MIR in Item(DefId(0:4 ~ bug_120421[fbaa]::main)) (after pass CleanupPostBorrowck) at bb13[2]:
                                local _14 still has storage when returning from function
 --> src/main.rs:9:2
  |
9 | }
  |  ^
  |
note: delayed at compiler/rustc_mir_transform/src/lint.rs:116:34
         0: <rustc_errors::DiagCtxtInner>::emit_diagnostic
         1: <rustc_errors::DiagCtxt>::emit_diagnostic
         2: <rustc_span::ErrorGuaranteed as rustc_errors::diagnostic_builder::EmissionGuarantee>::emit_producing_guarantee
         3: <rustc_mir_transform::lint::Lint>::fail::<alloc::string::String>
         4: <rustc_mir_transform::lint::Lint as rustc_middle::mir::visit::Visitor>::visit_terminator
         5: rustc_mir_transform::lint::lint_body
         6: rustc_mir_transform::pass_manager::run_passes_inner
         7: rustc_mir_transform::run_analysis_to_runtime_passes
         8: rustc_mir_transform::mir_drops_elaborated_and_const_checked
         9: rustc_query_impl::plumbing::__rust_begin_short_backtrace::<rustc_query_impl::query_impl::mir_drops_elaborated_and_const_checked::dynamic_query::{closure#2}::{closure#0}, rustc_middle::query::erase::Erased<[u8; 8]>>
        10: rustc_query_system::query::plumbing::try_execute_query::<rustc_query_impl::DynamicConfig<rustc_query_system::query::caches::VecCache<rustc_span::def_id::LocalDefId, rustc_middle::query::erase::Erased<[u8; 8]>>, false, false, false>, rustc_query_impl::plumbing::QueryCtxt, true>
        11: rustc_query_impl::query_impl::mir_drops_elaborated_and_const_checked::get_query_incr::__rust_end_short_backtrace
        12: rustc_interface::passes::analysis
        13: rustc_query_impl::plumbing::__rust_begin_short_backtrace::<rustc_query_impl::query_impl::analysis::dynamic_query::{closure#2}::{closure#0}, rustc_middle::query::erase::Erased<[u8; 1]>>
        14: rustc_query_system::query::plumbing::try_execute_query::<rustc_query_impl::DynamicConfig<rustc_query_system::query::caches::SingleCache<rustc_middle::query::erase::Erased<[u8; 1]>>, false, false, false>, rustc_query_impl::plumbing::QueryCtxt, true>
        15: rustc_query_impl::query_impl::analysis::get_query_incr::__rust_end_short_backtrace
        16: rustc_interface::interface::run_compiler::<core::result::Result<(), rustc_span::ErrorGuaranteed>, rustc_driver_impl::run_compiler::{closure#0}>::{closure#0}
        17: std::sys_common::backtrace::__rust_begin_short_backtrace::<rustc_interface::util::run_in_thread_with_globals<rustc_interface::util::run_in_thread_pool_with_globals<rustc_interface::interface::run_compiler<core::result::Result<(), rustc_span::ErrorGuaranteed>, rustc_driver_impl::run_compiler::{closure#0}>::{closure#0}, core::result::Result<(), rustc_span::ErrorGuaranteed>>::{closure#0}, core::result::Result<(), rustc_span::ErrorGuaranteed>>::{closure#0}::{closure#0}, core::result::Result<(), rustc_span::ErrorGuaranteed>>
        18: <<std::thread::Builder>::spawn_unchecked_<rustc_interface::util::run_in_thread_with_globals<rustc_interface::util::run_in_thread_pool_with_globals<rustc_interface::interface::run_compiler<core::result::Result<(), rustc_span::ErrorGuaranteed>, rustc_driver_impl::run_compiler::{closure#0}>::{closure#0}, core::result::Result<(), rustc_span::ErrorGuaranteed>>::{closure#0}, core::result::Result<(), rustc_span::ErrorGuaranteed>>::{closure#0}::{closure#0}, core::result::Result<(), rustc_span::ErrorGuaranteed>>::{closure#1} as core::ops::function::FnOnce<()>>::call_once::{shim:vtable#0}
        19: <alloc::boxed::Box<F,A> as core::ops::function::FnOnce<Args>>::call_once
                   at /rustc/e7bbe8ce933123a8e327c79e38bcb790595e6a65/library/alloc/src/boxed.rs:2015:9
        20: <alloc::boxed::Box<F,A> as core::ops::function::FnOnce<Args>>::call_once
                   at /rustc/e7bbe8ce933123a8e327c79e38bcb790595e6a65/library/alloc/src/boxed.rs:2015:9
        21: std::sys::pal::unix::thread::Thread::new::thread_start
                   at /rustc/e7bbe8ce933123a8e327c79e38bcb790595e6a65/library/std/src/sys/pal/unix/thread.rs:108:17
        22: start_thread
                   at ./nptl/pthread_create.c:442:8
        23: __GI___clone3
                   at ./misc/../sysdeps/unix/sysv/linux/x86_64/clone3.S:81
 --> src/main.rs:9:2
  |
9 | }
  |  ^

error: internal compiler error: broken MIR in Item(DefId(0:4 ~ bug_120421[fbaa]::main)) (after pass RemoveNoopLandingPads) at bb11[0]:
                                StorageLive(_14) which already has storage here
 --> src/main.rs:8:13
  |
8 |     for (Ok(mut _x) | Err(!)) in [res_void] {}
  |             ^^^^^^
  |
note: delayed at compiler/rustc_mir_transform/src/lint.rs:97:26
         0: <rustc_errors::DiagCtxtInner>::emit_diagnostic
         1: <rustc_errors::DiagCtxt>::emit_diagnostic
         2: <rustc_span::ErrorGuaranteed as rustc_errors::diagnostic_builder::EmissionGuarantee>::emit_producing_guarantee
         3: <rustc_mir_transform::lint::Lint>::fail::<alloc::string::String>
         4: <rustc_mir_transform::lint::Lint as rustc_middle::mir::visit::Visitor>::visit_statement
         5: rustc_mir_transform::lint::lint_body
         6: rustc_mir_transform::pass_manager::run_passes_inner
         7: rustc_mir_transform::run_analysis_to_runtime_passes
         8: rustc_mir_transform::mir_drops_elaborated_and_const_checked
         9: rustc_query_impl::plumbing::__rust_begin_short_backtrace::<rustc_query_impl::query_impl::mir_drops_elaborated_and_const_checked::dynamic_query::{closure#2}::{closure#0}, rustc_middle::query::erase::Erased<[u8; 8]>>
        10: rustc_query_system::query::plumbing::try_execute_query::<rustc_query_impl::DynamicConfig<rustc_query_system::query::caches::VecCache<rustc_span::def_id::LocalDefId, rustc_middle::query::erase::Erased<[u8; 8]>>, false, false, false>, rustc_query_impl::plumbing::QueryCtxt, true>
        11: rustc_query_impl::query_impl::mir_drops_elaborated_and_const_checked::get_query_incr::__rust_end_short_backtrace
        12: rustc_interface::passes::analysis
        13: rustc_query_impl::plumbing::__rust_begin_short_backtrace::<rustc_query_impl::query_impl::analysis::dynamic_query::{closure#2}::{closure#0}, rustc_middle::query::erase::Erased<[u8; 1]>>
        14: rustc_query_system::query::plumbing::try_execute_query::<rustc_query_impl::DynamicConfig<rustc_query_system::query::caches::SingleCache<rustc_middle::query::erase::Erased<[u8; 1]>>, false, false, false>, rustc_query_impl::plumbing::QueryCtxt, true>
        15: rustc_query_impl::query_impl::analysis::get_query_incr::__rust_end_short_backtrace
        16: rustc_interface::interface::run_compiler::<core::result::Result<(), rustc_span::ErrorGuaranteed>, rustc_driver_impl::run_compiler::{closure#0}>::{closure#0}
        17: std::sys_common::backtrace::__rust_begin_short_backtrace::<rustc_interface::util::run_in_thread_with_globals<rustc_interface::util::run_in_thread_pool_with_globals<rustc_interface::interface::run_compiler<core::result::Result<(), rustc_span::ErrorGuaranteed>, rustc_driver_impl::run_compiler::{closure#0}>::{closure#0}, core::result::Result<(), rustc_span::ErrorGuaranteed>>::{closure#0}, core::result::Result<(), rustc_span::ErrorGuaranteed>>::{closure#0}::{closure#0}, core::result::Result<(), rustc_span::ErrorGuaranteed>>
        18: <<std::thread::Builder>::spawn_unchecked_<rustc_interface::util::run_in_thread_with_globals<rustc_interface::util::run_in_thread_pool_with_globals<rustc_interface::interface::run_compiler<core::result::Result<(), rustc_span::ErrorGuaranteed>, rustc_driver_impl::run_compiler::{closure#0}>::{closure#0}, core::result::Result<(), rustc_span::ErrorGuaranteed>>::{closure#0}, core::result::Result<(), rustc_span::ErrorGuaranteed>>::{closure#0}::{closure#0}, core::result::Result<(), rustc_span::ErrorGuaranteed>>::{closure#1} as core::ops::function::FnOnce<()>>::call_once::{shim:vtable#0}
        19: <alloc::boxed::Box<F,A> as core::ops::function::FnOnce<Args>>::call_once
                   at /rustc/e7bbe8ce933123a8e327c79e38bcb790595e6a65/library/alloc/src/boxed.rs:2015:9
        20: <alloc::boxed::Box<F,A> as core::ops::function::FnOnce<Args>>::call_once
                   at /rustc/e7bbe8ce933123a8e327c79e38bcb790595e6a65/library/alloc/src/boxed.rs:2015:9
        21: std::sys::pal::unix::thread::Thread::new::thread_start
                   at /rustc/e7bbe8ce933123a8e327c79e38bcb790595e6a65/library/std/src/sys/pal/unix/thread.rs:108:17
        22: start_thread
                   at ./nptl/pthread_create.c:442:8
        23: __GI___clone3
                   at ./misc/../sysdeps/unix/sysv/linux/x86_64/clone3.S:81
 --> src/main.rs:8:13
  |
8 |     for (Ok(mut _x) | Err(!)) in [res_void] {}
  |             ^^^^^^

error: internal compiler error: broken MIR in Item(DefId(0:4 ~ bug_120421[fbaa]::main)) (after pass RemoveNoopLandingPads) at bb13[2]:
                                local _14 still has storage when returning from function
 --> src/main.rs:9:2
  |
9 | }
  |  ^
  |
note: delayed at compiler/rustc_mir_transform/src/lint.rs:116:34
         0: <rustc_errors::DiagCtxtInner>::emit_diagnostic
         1: <rustc_errors::DiagCtxt>::emit_diagnostic
         2: <rustc_span::ErrorGuaranteed as rustc_errors::diagnostic_builder::EmissionGuarantee>::emit_producing_guarantee
         3: <rustc_mir_transform::lint::Lint>::fail::<alloc::string::String>
         4: <rustc_mir_transform::lint::Lint as rustc_middle::mir::visit::Visitor>::visit_terminator
         5: rustc_mir_transform::lint::lint_body
         6: rustc_mir_transform::pass_manager::run_passes_inner
         7: rustc_mir_transform::run_analysis_to_runtime_passes
         8: rustc_mir_transform::mir_drops_elaborated_and_const_checked
         9: rustc_query_impl::plumbing::__rust_begin_short_backtrace::<rustc_query_impl::query_impl::mir_drops_elaborated_and_const_checked::dynamic_query::{closure#2}::{closure#0}, rustc_middle::query::erase::Erased<[u8; 8]>>
        10: rustc_query_system::query::plumbing::try_execute_query::<rustc_query_impl::DynamicConfig<rustc_query_system::query::caches::VecCache<rustc_span::def_id::LocalDefId, rustc_middle::query::erase::Erased<[u8; 8]>>, false, false, false>, rustc_query_impl::plumbing::QueryCtxt, true>
        11: rustc_query_impl::query_impl::mir_drops_elaborated_and_const_checked::get_query_incr::__rust_end_short_backtrace
        12: rustc_interface::passes::analysis
        13: rustc_query_impl::plumbing::__rust_begin_short_backtrace::<rustc_query_impl::query_impl::analysis::dynamic_query::{closure#2}::{closure#0}, rustc_middle::query::erase::Erased<[u8; 1]>>
        14: rustc_query_system::query::plumbing::try_execute_query::<rustc_query_impl::DynamicConfig<rustc_query_system::query::caches::SingleCache<rustc_middle::query::erase::Erased<[u8; 1]>>, false, false, false>, rustc_query_impl::plumbing::QueryCtxt, true>
        15: rustc_query_impl::query_impl::analysis::get_query_incr::__rust_end_short_backtrace
        16: rustc_interface::interface::run_compiler::<core::result::Result<(), rustc_span::ErrorGuaranteed>, rustc_driver_impl::run_compiler::{closure#0}>::{closure#0}
        17: std::sys_common::backtrace::__rust_begin_short_backtrace::<rustc_interface::util::run_in_thread_with_globals<rustc_interface::util::run_in_thread_pool_with_globals<rustc_interface::interface::run_compiler<core::result::Result<(), rustc_span::ErrorGuaranteed>, rustc_driver_impl::run_compiler::{closure#0}>::{closure#0}, core::result::Result<(), rustc_span::ErrorGuaranteed>>::{closure#0}, core::result::Result<(), rustc_span::ErrorGuaranteed>>::{closure#0}::{closure#0}, core::result::Result<(), rustc_span::ErrorGuaranteed>>
        18: <<std::thread::Builder>::spawn_unchecked_<rustc_interface::util::run_in_thread_with_globals<rustc_interface::util::run_in_thread_pool_with_globals<rustc_interface::interface::run_compiler<core::result::Result<(), rustc_span::ErrorGuaranteed>, rustc_driver_impl::run_compiler::{closure#0}>::{closure#0}, core::result::Result<(), rustc_span::ErrorGuaranteed>>::{closure#0}, core::result::Result<(), rustc_span::ErrorGuaranteed>>::{closure#0}::{closure#0}, core::result::Result<(), rustc_span::ErrorGuaranteed>>::{closure#1} as core::ops::function::FnOnce<()>>::call_once::{shim:vtable#0}
        19: <alloc::boxed::Box<F,A> as core::ops::function::FnOnce<Args>>::call_once
                   at /rustc/e7bbe8ce933123a8e327c79e38bcb790595e6a65/library/alloc/src/boxed.rs:2015:9
        20: <alloc::boxed::Box<F,A> as core::ops::function::FnOnce<Args>>::call_once
                   at /rustc/e7bbe8ce933123a8e327c79e38bcb790595e6a65/library/alloc/src/boxed.rs:2015:9
        21: std::sys::pal::unix::thread::Thread::new::thread_start
                   at /rustc/e7bbe8ce933123a8e327c79e38bcb790595e6a65/library/std/src/sys/pal/unix/thread.rs:108:17
        22: start_thread
                   at ./nptl/pthread_create.c:442:8
        23: __GI___clone3
                   at ./misc/../sysdeps/unix/sysv/linux/x86_64/clone3.S:81
 --> src/main.rs:9:2
  |
9 | }
  |  ^

error: internal compiler error: broken MIR in Item(DefId(0:4 ~ bug_120421[fbaa]::main)) (after pass SimplifyCfg-early-opt) at bb8[0]:
                                StorageLive(_14) which already has storage here
 --> src/main.rs:8:13
  |
8 |     for (Ok(mut _x) | Err(!)) in [res_void] {}
  |             ^^^^^^
  |
note: delayed at compiler/rustc_mir_transform/src/lint.rs:97:26
         0: <rustc_errors::DiagCtxtInner>::emit_diagnostic
         1: <rustc_errors::DiagCtxt>::emit_diagnostic
         2: <rustc_span::ErrorGuaranteed as rustc_errors::diagnostic_builder::EmissionGuarantee>::emit_producing_guarantee
         3: <rustc_mir_transform::lint::Lint>::fail::<alloc::string::String>
         4: <rustc_mir_transform::lint::Lint as rustc_middle::mir::visit::Visitor>::visit_statement
         5: rustc_mir_transform::lint::lint_body
         6: rustc_mir_transform::pass_manager::run_passes_inner
         7: rustc_mir_transform::run_analysis_to_runtime_passes
         8: rustc_mir_transform::mir_drops_elaborated_and_const_checked
         9: rustc_query_impl::plumbing::__rust_begin_short_backtrace::<rustc_query_impl::query_impl::mir_drops_elaborated_and_const_checked::dynamic_query::{closure#2}::{closure#0}, rustc_middle::query::erase::Erased<[u8; 8]>>
        10: rustc_query_system::query::plumbing::try_execute_query::<rustc_query_impl::DynamicConfig<rustc_query_system::query::caches::VecCache<rustc_span::def_id::LocalDefId, rustc_middle::query::erase::Erased<[u8; 8]>>, false, false, false>, rustc_query_impl::plumbing::QueryCtxt, true>
        11: rustc_query_impl::query_impl::mir_drops_elaborated_and_const_checked::get_query_incr::__rust_end_short_backtrace
        12: rustc_interface::passes::analysis
        13: rustc_query_impl::plumbing::__rust_begin_short_backtrace::<rustc_query_impl::query_impl::analysis::dynamic_query::{closure#2}::{closure#0}, rustc_middle::query::erase::Erased<[u8; 1]>>
        14: rustc_query_system::query::plumbing::try_execute_query::<rustc_query_impl::DynamicConfig<rustc_query_system::query::caches::SingleCache<rustc_middle::query::erase::Erased<[u8; 1]>>, false, false, false>, rustc_query_impl::plumbing::QueryCtxt, true>
        15: rustc_query_impl::query_impl::analysis::get_query_incr::__rust_end_short_backtrace
        16: rustc_interface::interface::run_compiler::<core::result::Result<(), rustc_span::ErrorGuaranteed>, rustc_driver_impl::run_compiler::{closure#0}>::{closure#0}
        17: std::sys_common::backtrace::__rust_begin_short_backtrace::<rustc_interface::util::run_in_thread_with_globals<rustc_interface::util::run_in_thread_pool_with_globals<rustc_interface::interface::run_compiler<core::result::Result<(), rustc_span::ErrorGuaranteed>, rustc_driver_impl::run_compiler::{closure#0}>::{closure#0}, core::result::Result<(), rustc_span::ErrorGuaranteed>>::{closure#0}, core::result::Result<(), rustc_span::ErrorGuaranteed>>::{closure#0}::{closure#0}, core::result::Result<(), rustc_span::ErrorGuaranteed>>
        18: <<std::thread::Builder>::spawn_unchecked_<rustc_interface::util::run_in_thread_with_globals<rustc_interface::util::run_in_thread_pool_with_globals<rustc_interface::interface::run_compiler<core::result::Result<(), rustc_span::ErrorGuaranteed>, rustc_driver_impl::run_compiler::{closure#0}>::{closure#0}, core::result::Result<(), rustc_span::ErrorGuaranteed>>::{closure#0}, core::result::Result<(), rustc_span::ErrorGuaranteed>>::{closure#0}::{closure#0}, core::result::Result<(), rustc_span::ErrorGuaranteed>>::{closure#1} as core::ops::function::FnOnce<()>>::call_once::{shim:vtable#0}
        19: <alloc::boxed::Box<F,A> as core::ops::function::FnOnce<Args>>::call_once
                   at /rustc/e7bbe8ce933123a8e327c79e38bcb790595e6a65/library/alloc/src/boxed.rs:2015:9
        20: <alloc::boxed::Box<F,A> as core::ops::function::FnOnce<Args>>::call_once
                   at /rustc/e7bbe8ce933123a8e327c79e38bcb790595e6a65/library/alloc/src/boxed.rs:2015:9
        21: std::sys::pal::unix::thread::Thread::new::thread_start
                   at /rustc/e7bbe8ce933123a8e327c79e38bcb790595e6a65/library/std/src/sys/pal/unix/thread.rs:108:17
        22: start_thread
                   at ./nptl/pthread_create.c:442:8
        23: __GI___clone3
                   at ./misc/../sysdeps/unix/sysv/linux/x86_64/clone3.S:81
 --> src/main.rs:8:13
  |
8 |     for (Ok(mut _x) | Err(!)) in [res_void] {}
  |             ^^^^^^

error: internal compiler error: broken MIR in Item(DefId(0:4 ~ bug_120421[fbaa]::main)) (after pass SimplifyCfg-early-opt) at bb10[2]:
                                local _14 still has storage when returning from function
 --> src/main.rs:9:2
  |
9 | }
  |  ^
  |
note: delayed at compiler/rustc_mir_transform/src/lint.rs:116:34
         0: <rustc_errors::DiagCtxtInner>::emit_diagnostic
         1: <rustc_errors::DiagCtxt>::emit_diagnostic
         2: <rustc_span::ErrorGuaranteed as rustc_errors::diagnostic_builder::EmissionGuarantee>::emit_producing_guarantee
         3: <rustc_mir_transform::lint::Lint>::fail::<alloc::string::String>
         4: <rustc_mir_transform::lint::Lint as rustc_middle::mir::visit::Visitor>::visit_terminator
         5: rustc_mir_transform::lint::lint_body
         6: rustc_mir_transform::pass_manager::run_passes_inner
         7: rustc_mir_transform::run_analysis_to_runtime_passes
         8: rustc_mir_transform::mir_drops_elaborated_and_const_checked
         9: rustc_query_impl::plumbing::__rust_begin_short_backtrace::<rustc_query_impl::query_impl::mir_drops_elaborated_and_const_checked::dynamic_query::{closure#2}::{closure#0}, rustc_middle::query::erase::Erased<[u8; 8]>>
        10: rustc_query_system::query::plumbing::try_execute_query::<rustc_query_impl::DynamicConfig<rustc_query_system::query::caches::VecCache<rustc_span::def_id::LocalDefId, rustc_middle::query::erase::Erased<[u8; 8]>>, false, false, false>, rustc_query_impl::plumbing::QueryCtxt, true>
        11: rustc_query_impl::query_impl::mir_drops_elaborated_and_const_checked::get_query_incr::__rust_end_short_backtrace
        12: rustc_interface::passes::analysis
        13: rustc_query_impl::plumbing::__rust_begin_short_backtrace::<rustc_query_impl::query_impl::analysis::dynamic_query::{closure#2}::{closure#0}, rustc_middle::query::erase::Erased<[u8; 1]>>
        14: rustc_query_system::query::plumbing::try_execute_query::<rustc_query_impl::DynamicConfig<rustc_query_system::query::caches::SingleCache<rustc_middle::query::erase::Erased<[u8; 1]>>, false, false, false>, rustc_query_impl::plumbing::QueryCtxt, true>
        15: rustc_query_impl::query_impl::analysis::get_query_incr::__rust_end_short_backtrace
        16: rustc_interface::interface::run_compiler::<core::result::Result<(), rustc_span::ErrorGuaranteed>, rustc_driver_impl::run_compiler::{closure#0}>::{closure#0}
        17: std::sys_common::backtrace::__rust_begin_short_backtrace::<rustc_interface::util::run_in_thread_with_globals<rustc_interface::util::run_in_thread_pool_with_globals<rustc_interface::interface::run_compiler<core::result::Result<(), rustc_span::ErrorGuaranteed>, rustc_driver_impl::run_compiler::{closure#0}>::{closure#0}, core::result::Result<(), rustc_span::ErrorGuaranteed>>::{closure#0}, core::result::Result<(), rustc_span::ErrorGuaranteed>>::{closure#0}::{closure#0}, core::result::Result<(), rustc_span::ErrorGuaranteed>>
        18: <<std::thread::Builder>::spawn_unchecked_<rustc_interface::util::run_in_thread_with_globals<rustc_interface::util::run_in_thread_pool_with_globals<rustc_interface::interface::run_compiler<core::result::Result<(), rustc_span::ErrorGuaranteed>, rustc_driver_impl::run_compiler::{closure#0}>::{closure#0}, core::result::Result<(), rustc_span::ErrorGuaranteed>>::{closure#0}, core::result::Result<(), rustc_span::ErrorGuaranteed>>::{closure#0}::{closure#0}, core::result::Result<(), rustc_span::ErrorGuaranteed>>::{closure#1} as core::ops::function::FnOnce<()>>::call_once::{shim:vtable#0}
        19: <alloc::boxed::Box<F,A> as core::ops::function::FnOnce<Args>>::call_once
                   at /rustc/e7bbe8ce933123a8e327c79e38bcb790595e6a65/library/alloc/src/boxed.rs:2015:9
        20: <alloc::boxed::Box<F,A> as core::ops::function::FnOnce<Args>>::call_once
                   at /rustc/e7bbe8ce933123a8e327c79e38bcb790595e6a65/library/alloc/src/boxed.rs:2015:9
        21: std::sys::pal::unix::thread::Thread::new::thread_start
                   at /rustc/e7bbe8ce933123a8e327c79e38bcb790595e6a65/library/std/src/sys/pal/unix/thread.rs:108:17
        22: start_thread
                   at ./nptl/pthread_create.c:442:8
        23: __GI___clone3
                   at ./misc/../sysdeps/unix/sysv/linux/x86_64/clone3.S:81
 --> src/main.rs:9:2
  |
9 | }
  |  ^

error: internal compiler error: broken MIR in Item(DefId(0:4 ~ bug_120421[fbaa]::main)) (after pass Derefer) at bb8[0]:
                                StorageLive(_14) which already has storage here
 --> src/main.rs:8:13
  |
8 |     for (Ok(mut _x) | Err(!)) in [res_void] {}
  |             ^^^^^^
  |
note: delayed at compiler/rustc_mir_transform/src/lint.rs:97:26
         0: <rustc_errors::DiagCtxtInner>::emit_diagnostic
         1: <rustc_errors::DiagCtxt>::emit_diagnostic
         2: <rustc_span::ErrorGuaranteed as rustc_errors::diagnostic_builder::EmissionGuarantee>::emit_producing_guarantee
         3: <rustc_mir_transform::lint::Lint>::fail::<alloc::string::String>
         4: <rustc_mir_transform::lint::Lint as rustc_middle::mir::visit::Visitor>::visit_statement
         5: rustc_mir_transform::lint::lint_body
         6: rustc_mir_transform::pass_manager::run_passes_inner
         7: rustc_mir_transform::run_analysis_to_runtime_passes
         8: rustc_mir_transform::mir_drops_elaborated_and_const_checked
         9: rustc_query_impl::plumbing::__rust_begin_short_backtrace::<rustc_query_impl::query_impl::mir_drops_elaborated_and_const_checked::dynamic_query::{closure#2}::{closure#0}, rustc_middle::query::erase::Erased<[u8; 8]>>
        10: rustc_query_system::query::plumbing::try_execute_query::<rustc_query_impl::DynamicConfig<rustc_query_system::query::caches::VecCache<rustc_span::def_id::LocalDefId, rustc_middle::query::erase::Erased<[u8; 8]>>, false, false, false>, rustc_query_impl::plumbing::QueryCtxt, true>
        11: rustc_query_impl::query_impl::mir_drops_elaborated_and_const_checked::get_query_incr::__rust_end_short_backtrace
        12: rustc_interface::passes::analysis
        13: rustc_query_impl::plumbing::__rust_begin_short_backtrace::<rustc_query_impl::query_impl::analysis::dynamic_query::{closure#2}::{closure#0}, rustc_middle::query::erase::Erased<[u8; 1]>>
        14: rustc_query_system::query::plumbing::try_execute_query::<rustc_query_impl::DynamicConfig<rustc_query_system::query::caches::SingleCache<rustc_middle::query::erase::Erased<[u8; 1]>>, false, false, false>, rustc_query_impl::plumbing::QueryCtxt, true>
        15: rustc_query_impl::query_impl::analysis::get_query_incr::__rust_end_short_backtrace
        16: rustc_interface::interface::run_compiler::<core::result::Result<(), rustc_span::ErrorGuaranteed>, rustc_driver_impl::run_compiler::{closure#0}>::{closure#0}
        17: std::sys_common::backtrace::__rust_begin_short_backtrace::<rustc_interface::util::run_in_thread_with_globals<rustc_interface::util::run_in_thread_pool_with_globals<rustc_interface::interface::run_compiler<core::result::Result<(), rustc_span::ErrorGuaranteed>, rustc_driver_impl::run_compiler::{closure#0}>::{closure#0}, core::result::Result<(), rustc_span::ErrorGuaranteed>>::{closure#0}, core::result::Result<(), rustc_span::ErrorGuaranteed>>::{closure#0}::{closure#0}, core::result::Result<(), rustc_span::ErrorGuaranteed>>
        18: <<std::thread::Builder>::spawn_unchecked_<rustc_interface::util::run_in_thread_with_globals<rustc_interface::util::run_in_thread_pool_with_globals<rustc_interface::interface::run_compiler<core::result::Result<(), rustc_span::ErrorGuaranteed>, rustc_driver_impl::run_compiler::{closure#0}>::{closure#0}, core::result::Result<(), rustc_span::ErrorGuaranteed>>::{closure#0}, core::result::Result<(), rustc_span::ErrorGuaranteed>>::{closure#0}::{closure#0}, core::result::Result<(), rustc_span::ErrorGuaranteed>>::{closure#1} as core::ops::function::FnOnce<()>>::call_once::{shim:vtable#0}
        19: <alloc::boxed::Box<F,A> as core::ops::function::FnOnce<Args>>::call_once
                   at /rustc/e7bbe8ce933123a8e327c79e38bcb790595e6a65/library/alloc/src/boxed.rs:2015:9
        20: <alloc::boxed::Box<F,A> as core::ops::function::FnOnce<Args>>::call_once
                   at /rustc/e7bbe8ce933123a8e327c79e38bcb790595e6a65/library/alloc/src/boxed.rs:2015:9
        21: std::sys::pal::unix::thread::Thread::new::thread_start
                   at /rustc/e7bbe8ce933123a8e327c79e38bcb790595e6a65/library/std/src/sys/pal/unix/thread.rs:108:17
        22: start_thread
                   at ./nptl/pthread_create.c:442:8
        23: __GI___clone3
                   at ./misc/../sysdeps/unix/sysv/linux/x86_64/clone3.S:81
 --> src/main.rs:8:13
  |
8 |     for (Ok(mut _x) | Err(!)) in [res_void] {}
  |             ^^^^^^

error: internal compiler error: broken MIR in Item(DefId(0:4 ~ bug_120421[fbaa]::main)) (after pass Derefer) at bb10[2]:
                                local _14 still has storage when returning from function
 --> src/main.rs:9:2
  |
9 | }
  |  ^
  |
note: delayed at compiler/rustc_mir_transform/src/lint.rs:116:34
         0: <rustc_errors::DiagCtxtInner>::emit_diagnostic
         1: <rustc_errors::DiagCtxt>::emit_diagnostic
         2: <rustc_span::ErrorGuaranteed as rustc_errors::diagnostic_builder::EmissionGuarantee>::emit_producing_guarantee
         3: <rustc_mir_transform::lint::Lint>::fail::<alloc::string::String>
         4: <rustc_mir_transform::lint::Lint as rustc_middle::mir::visit::Visitor>::visit_terminator
         5: rustc_mir_transform::lint::lint_body
         6: rustc_mir_transform::pass_manager::run_passes_inner
         7: rustc_mir_transform::run_analysis_to_runtime_passes
         8: rustc_mir_transform::mir_drops_elaborated_and_const_checked
         9: rustc_query_impl::plumbing::__rust_begin_short_backtrace::<rustc_query_impl::query_impl::mir_drops_elaborated_and_const_checked::dynamic_query::{closure#2}::{closure#0}, rustc_middle::query::erase::Erased<[u8; 8]>>
        10: rustc_query_system::query::plumbing::try_execute_query::<rustc_query_impl::DynamicConfig<rustc_query_system::query::caches::VecCache<rustc_span::def_id::LocalDefId, rustc_middle::query::erase::Erased<[u8; 8]>>, false, false, false>, rustc_query_impl::plumbing::QueryCtxt, true>
        11: rustc_query_impl::query_impl::mir_drops_elaborated_and_const_checked::get_query_incr::__rust_end_short_backtrace
        12: rustc_interface::passes::analysis
        13: rustc_query_impl::plumbing::__rust_begin_short_backtrace::<rustc_query_impl::query_impl::analysis::dynamic_query::{closure#2}::{closure#0}, rustc_middle::query::erase::Erased<[u8; 1]>>
        14: rustc_query_system::query::plumbing::try_execute_query::<rustc_query_impl::DynamicConfig<rustc_query_system::query::caches::SingleCache<rustc_middle::query::erase::Erased<[u8; 1]>>, false, false, false>, rustc_query_impl::plumbing::QueryCtxt, true>
        15: rustc_query_impl::query_impl::analysis::get_query_incr::__rust_end_short_backtrace
        16: rustc_interface::interface::run_compiler::<core::result::Result<(), rustc_span::ErrorGuaranteed>, rustc_driver_impl::run_compiler::{closure#0}>::{closure#0}
        17: std::sys_common::backtrace::__rust_begin_short_backtrace::<rustc_interface::util::run_in_thread_with_globals<rustc_interface::util::run_in_thread_pool_with_globals<rustc_interface::interface::run_compiler<core::result::Result<(), rustc_span::ErrorGuaranteed>, rustc_driver_impl::run_compiler::{closure#0}>::{closure#0}, core::result::Result<(), rustc_span::ErrorGuaranteed>>::{closure#0}, core::result::Result<(), rustc_span::ErrorGuaranteed>>::{closure#0}::{closure#0}, core::result::Result<(), rustc_span::ErrorGuaranteed>>
        18: <<std::thread::Builder>::spawn_unchecked_<rustc_interface::util::run_in_thread_with_globals<rustc_interface::util::run_in_thread_pool_with_globals<rustc_interface::interface::run_compiler<core::result::Result<(), rustc_span::ErrorGuaranteed>, rustc_driver_impl::run_compiler::{closure#0}>::{closure#0}, core::result::Result<(), rustc_span::ErrorGuaranteed>>::{closure#0}, core::result::Result<(), rustc_span::ErrorGuaranteed>>::{closure#0}::{closure#0}, core::result::Result<(), rustc_span::ErrorGuaranteed>>::{closure#1} as core::ops::function::FnOnce<()>>::call_once::{shim:vtable#0}
        19: <alloc::boxed::Box<F,A> as core::ops::function::FnOnce<Args>>::call_once
                   at /rustc/e7bbe8ce933123a8e327c79e38bcb790595e6a65/library/alloc/src/boxed.rs:2015:9
        20: <alloc::boxed::Box<F,A> as core::ops::function::FnOnce<Args>>::call_once
                   at /rustc/e7bbe8ce933123a8e327c79e38bcb790595e6a65/library/alloc/src/boxed.rs:2015:9
        21: std::sys::pal::unix::thread::Thread::new::thread_start
                   at /rustc/e7bbe8ce933123a8e327c79e38bcb790595e6a65/library/std/src/sys/pal/unix/thread.rs:108:17
        22: start_thread
                   at ./nptl/pthread_create.c:442:8
        23: __GI___clone3
                   at ./misc/../sysdeps/unix/sysv/linux/x86_64/clone3.S:81
 --> src/main.rs:9:2
  |
9 | }
  |  ^

error: internal compiler error: broken MIR in Item(DefId(0:4 ~ bug_120421[fbaa]::main)) (after phase change to analysis-post-cleanup) at bb8[0]:
                                StorageLive(_14) which already has storage here
 --> src/main.rs:8:13
  |
8 |     for (Ok(mut _x) | Err(!)) in [res_void] {}
  |             ^^^^^^
  |
note: delayed at compiler/rustc_mir_transform/src/lint.rs:97:26
         0: <rustc_errors::DiagCtxtInner>::emit_diagnostic
         1: <rustc_errors::DiagCtxt>::emit_diagnostic
         2: <rustc_span::ErrorGuaranteed as rustc_errors::diagnostic_builder::EmissionGuarantee>::emit_producing_guarantee
         3: <rustc_mir_transform::lint::Lint>::fail::<alloc::string::String>
         4: <rustc_mir_transform::lint::Lint as rustc_middle::mir::visit::Visitor>::visit_statement
         5: rustc_mir_transform::lint::lint_body
         6: rustc_mir_transform::pass_manager::run_passes_inner
         7: rustc_mir_transform::run_analysis_to_runtime_passes
         8: rustc_mir_transform::mir_drops_elaborated_and_const_checked
         9: rustc_query_impl::plumbing::__rust_begin_short_backtrace::<rustc_query_impl::query_impl::mir_drops_elaborated_and_const_checked::dynamic_query::{closure#2}::{closure#0}, rustc_middle::query::erase::Erased<[u8; 8]>>
        10: rustc_query_system::query::plumbing::try_execute_query::<rustc_query_impl::DynamicConfig<rustc_query_system::query::caches::VecCache<rustc_span::def_id::LocalDefId, rustc_middle::query::erase::Erased<[u8; 8]>>, false, false, false>, rustc_query_impl::plumbing::QueryCtxt, true>
        11: rustc_query_impl::query_impl::mir_drops_elaborated_and_const_checked::get_query_incr::__rust_end_short_backtrace
        12: rustc_interface::passes::analysis
        13: rustc_query_impl::plumbing::__rust_begin_short_backtrace::<rustc_query_impl::query_impl::analysis::dynamic_query::{closure#2}::{closure#0}, rustc_middle::query::erase::Erased<[u8; 1]>>
        14: rustc_query_system::query::plumbing::try_execute_query::<rustc_query_impl::DynamicConfig<rustc_query_system::query::caches::SingleCache<rustc_middle::query::erase::Erased<[u8; 1]>>, false, false, false>, rustc_query_impl::plumbing::QueryCtxt, true>
        15: rustc_query_impl::query_impl::analysis::get_query_incr::__rust_end_short_backtrace
        16: rustc_interface::interface::run_compiler::<core::result::Result<(), rustc_span::ErrorGuaranteed>, rustc_driver_impl::run_compiler::{closure#0}>::{closure#0}
        17: std::sys_common::backtrace::__rust_begin_short_backtrace::<rustc_interface::util::run_in_thread_with_globals<rustc_interface::util::run_in_thread_pool_with_globals<rustc_interface::interface::run_compiler<core::result::Result<(), rustc_span::ErrorGuaranteed>, rustc_driver_impl::run_compiler::{closure#0}>::{closure#0}, core::result::Result<(), rustc_span::ErrorGuaranteed>>::{closure#0}, core::result::Result<(), rustc_span::ErrorGuaranteed>>::{closure#0}::{closure#0}, core::result::Result<(), rustc_span::ErrorGuaranteed>>
        18: <<std::thread::Builder>::spawn_unchecked_<rustc_interface::util::run_in_thread_with_globals<rustc_interface::util::run_in_thread_pool_with_globals<rustc_interface::interface::run_compiler<core::result::Result<(), rustc_span::ErrorGuaranteed>, rustc_driver_impl::run_compiler::{closure#0}>::{closure#0}, core::result::Result<(), rustc_span::ErrorGuaranteed>>::{closure#0}, core::result::Result<(), rustc_span::ErrorGuaranteed>>::{closure#0}::{closure#0}, core::result::Result<(), rustc_span::ErrorGuaranteed>>::{closure#1} as core::ops::function::FnOnce<()>>::call_once::{shim:vtable#0}
        19: <alloc::boxed::Box<F,A> as core::ops::function::FnOnce<Args>>::call_once
                   at /rustc/e7bbe8ce933123a8e327c79e38bcb790595e6a65/library/alloc/src/boxed.rs:2015:9
        20: <alloc::boxed::Box<F,A> as core::ops::function::FnOnce<Args>>::call_once
                   at /rustc/e7bbe8ce933123a8e327c79e38bcb790595e6a65/library/alloc/src/boxed.rs:2015:9
        21: std::sys::pal::unix::thread::Thread::new::thread_start
                   at /rustc/e7bbe8ce933123a8e327c79e38bcb790595e6a65/library/std/src/sys/pal/unix/thread.rs:108:17
        22: start_thread
                   at ./nptl/pthread_create.c:442:8
        23: __GI___clone3
                   at ./misc/../sysdeps/unix/sysv/linux/x86_64/clone3.S:81
 --> src/main.rs:8:13
  |
8 |     for (Ok(mut _x) | Err(!)) in [res_void] {}
  |             ^^^^^^

error: internal compiler error: broken MIR in Item(DefId(0:4 ~ bug_120421[fbaa]::main)) (after phase change to analysis-post-cleanup) at bb10[2]:
                                local _14 still has storage when returning from function
 --> src/main.rs:9:2
  |
9 | }
  |  ^
  |
note: delayed at compiler/rustc_mir_transform/src/lint.rs:116:34
         0: <rustc_errors::DiagCtxtInner>::emit_diagnostic
         1: <rustc_errors::DiagCtxt>::emit_diagnostic
         2: <rustc_span::ErrorGuaranteed as rustc_errors::diagnostic_builder::EmissionGuarantee>::emit_producing_guarantee
         3: <rustc_mir_transform::lint::Lint>::fail::<alloc::string::String>
         4: <rustc_mir_transform::lint::Lint as rustc_middle::mir::visit::Visitor>::visit_terminator
         5: rustc_mir_transform::lint::lint_body
         6: rustc_mir_transform::pass_manager::run_passes_inner
         7: rustc_mir_transform::run_analysis_to_runtime_passes
         8: rustc_mir_transform::mir_drops_elaborated_and_const_checked
         9: rustc_query_impl::plumbing::__rust_begin_short_backtrace::<rustc_query_impl::query_impl::mir_drops_elaborated_and_const_checked::dynamic_query::{closure#2}::{closure#0}, rustc_middle::query::erase::Erased<[u8; 8]>>
        10: rustc_query_system::query::plumbing::try_execute_query::<rustc_query_impl::DynamicConfig<rustc_query_system::query::caches::VecCache<rustc_span::def_id::LocalDefId, rustc_middle::query::erase::Erased<[u8; 8]>>, false, false, false>, rustc_query_impl::plumbing::QueryCtxt, true>
        11: rustc_query_impl::query_impl::mir_drops_elaborated_and_const_checked::get_query_incr::__rust_end_short_backtrace
        12: rustc_interface::passes::analysis
        13: rustc_query_impl::plumbing::__rust_begin_short_backtrace::<rustc_query_impl::query_impl::analysis::dynamic_query::{closure#2}::{closure#0}, rustc_middle::query::erase::Erased<[u8; 1]>>
        14: rustc_query_system::query::plumbing::try_execute_query::<rustc_query_impl::DynamicConfig<rustc_query_system::query::caches::SingleCache<rustc_middle::query::erase::Erased<[u8; 1]>>, false, false, false>, rustc_query_impl::plumbing::QueryCtxt, true>
        15: rustc_query_impl::query_impl::analysis::get_query_incr::__rust_end_short_backtrace
        16: rustc_interface::interface::run_compiler::<core::result::Result<(), rustc_span::ErrorGuaranteed>, rustc_driver_impl::run_compiler::{closure#0}>::{closure#0}
        17: std::sys_common::backtrace::__rust_begin_short_backtrace::<rustc_interface::util::run_in_thread_with_globals<rustc_interface::util::run_in_thread_pool_with_globals<rustc_interface::interface::run_compiler<core::result::Result<(), rustc_span::ErrorGuaranteed>, rustc_driver_impl::run_compiler::{closure#0}>::{closure#0}, core::result::Result<(), rustc_span::ErrorGuaranteed>>::{closure#0}, core::result::Result<(), rustc_span::ErrorGuaranteed>>::{closure#0}::{closure#0}, core::result::Result<(), rustc_span::ErrorGuaranteed>>
        18: <<std::thread::Builder>::spawn_unchecked_<rustc_interface::util::run_in_thread_with_globals<rustc_interface::util::run_in_thread_pool_with_globals<rustc_interface::interface::run_compiler<core::result::Result<(), rustc_span::ErrorGuaranteed>, rustc_driver_impl::run_compiler::{closure#0}>::{closure#0}, core::result::Result<(), rustc_span::ErrorGuaranteed>>::{closure#0}, core::result::Result<(), rustc_span::ErrorGuaranteed>>::{closure#0}::{closure#0}, core::result::Result<(), rustc_span::ErrorGuaranteed>>::{closure#1} as core::ops::function::FnOnce<()>>::call_once::{shim:vtable#0}
        19: <alloc::boxed::Box<F,A> as core::ops::function::FnOnce<Args>>::call_once
                   at /rustc/e7bbe8ce933123a8e327c79e38bcb790595e6a65/library/alloc/src/boxed.rs:2015:9
        20: <alloc::boxed::Box<F,A> as core::ops::function::FnOnce<Args>>::call_once
                   at /rustc/e7bbe8ce933123a8e327c79e38bcb790595e6a65/library/alloc/src/boxed.rs:2015:9
        21: std::sys::pal::unix::thread::Thread::new::thread_start
                   at /rustc/e7bbe8ce933123a8e327c79e38bcb790595e6a65/library/std/src/sys/pal/unix/thread.rs:108:17
        22: start_thread
                   at ./nptl/pthread_create.c:442:8
        23: __GI___clone3
                   at ./misc/../sysdeps/unix/sysv/linux/x86_64/clone3.S:81
 --> src/main.rs:9:2
  |
9 | }
  |  ^

error: internal compiler error: broken MIR in Item(DefId(0:4 ~ bug_120421[fbaa]::main)) (after pass AddCallGuards) at bb8[0]:
                                StorageLive(_14) which already has storage here
 --> src/main.rs:8:13
  |
8 |     for (Ok(mut _x) | Err(!)) in [res_void] {}
  |             ^^^^^^
  |
note: delayed at compiler/rustc_mir_transform/src/lint.rs:97:26
         0: <rustc_errors::DiagCtxtInner>::emit_diagnostic
         1: <rustc_errors::DiagCtxt>::emit_diagnostic
         2: <rustc_span::ErrorGuaranteed as rustc_errors::diagnostic_builder::EmissionGuarantee>::emit_producing_guarantee
         3: <rustc_mir_transform::lint::Lint>::fail::<alloc::string::String>
         4: <rustc_mir_transform::lint::Lint as rustc_middle::mir::visit::Visitor>::visit_statement
         5: rustc_mir_transform::lint::lint_body
         6: rustc_mir_transform::run_analysis_to_runtime_passes
         7: rustc_mir_transform::mir_drops_elaborated_and_const_checked
         8: rustc_query_impl::plumbing::__rust_begin_short_backtrace::<rustc_query_impl::query_impl::mir_drops_elaborated_and_const_checked::dynamic_query::{closure#2}::{closure#0}, rustc_middle::query::erase::Erased<[u8; 8]>>
         9: rustc_query_system::query::plumbing::try_execute_query::<rustc_query_impl::DynamicConfig<rustc_query_system::query::caches::VecCache<rustc_span::def_id::LocalDefId, rustc_middle::query::erase::Erased<[u8; 8]>>, false, false, false>, rustc_query_impl::plumbing::QueryCtxt, true>
        10: rustc_query_impl::query_impl::mir_drops_elaborated_and_const_checked::get_query_incr::__rust_end_short_backtrace
        11: rustc_interface::passes::analysis
        12: rustc_query_impl::plumbing::__rust_begin_short_backtrace::<rustc_query_impl::query_impl::analysis::dynamic_query::{closure#2}::{closure#0}, rustc_middle::query::erase::Erased<[u8; 1]>>
        13: rustc_query_system::query::plumbing::try_execute_query::<rustc_query_impl::DynamicConfig<rustc_query_system::query::caches::SingleCache<rustc_middle::query::erase::Erased<[u8; 1]>>, false, false, false>, rustc_query_impl::plumbing::QueryCtxt, true>
        14: rustc_query_impl::query_impl::analysis::get_query_incr::__rust_end_short_backtrace
        15: rustc_interface::interface::run_compiler::<core::result::Result<(), rustc_span::ErrorGuaranteed>, rustc_driver_impl::run_compiler::{closure#0}>::{closure#0}
        16: std::sys_common::backtrace::__rust_begin_short_backtrace::<rustc_interface::util::run_in_thread_with_globals<rustc_interface::util::run_in_thread_pool_with_globals<rustc_interface::interface::run_compiler<core::result::Result<(), rustc_span::ErrorGuaranteed>, rustc_driver_impl::run_compiler::{closure#0}>::{closure#0}, core::result::Result<(), rustc_span::ErrorGuaranteed>>::{closure#0}, core::result::Result<(), rustc_span::ErrorGuaranteed>>::{closure#0}::{closure#0}, core::result::Result<(), rustc_span::ErrorGuaranteed>>
        17: <<std::thread::Builder>::spawn_unchecked_<rustc_interface::util::run_in_thread_with_globals<rustc_interface::util::run_in_thread_pool_with_globals<rustc_interface::interface::run_compiler<core::result::Result<(), rustc_span::ErrorGuaranteed>, rustc_driver_impl::run_compiler::{closure#0}>::{closure#0}, core::result::Result<(), rustc_span::ErrorGuaranteed>>::{closure#0}, core::result::Result<(), rustc_span::ErrorGuaranteed>>::{closure#0}::{closure#0}, core::result::Result<(), rustc_span::ErrorGuaranteed>>::{closure#1} as core::ops::function::FnOnce<()>>::call_once::{shim:vtable#0}
        18: <alloc::boxed::Box<F,A> as core::ops::function::FnOnce<Args>>::call_once
                   at /rustc/e7bbe8ce933123a8e327c79e38bcb790595e6a65/library/alloc/src/boxed.rs:2015:9
        19: <alloc::boxed::Box<F,A> as core::ops::function::FnOnce<Args>>::call_once
                   at /rustc/e7bbe8ce933123a8e327c79e38bcb790595e6a65/library/alloc/src/boxed.rs:2015:9
        20: std::sys::pal::unix::thread::Thread::new::thread_start
                   at /rustc/e7bbe8ce933123a8e327c79e38bcb790595e6a65/library/std/src/sys/pal/unix/thread.rs:108:17
        21: start_thread
                   at ./nptl/pthread_create.c:442:8
        22: __GI___clone3
                   at ./misc/../sysdeps/unix/sysv/linux/x86_64/clone3.S:81
 --> src/main.rs:8:13
  |
8 |     for (Ok(mut _x) | Err(!)) in [res_void] {}
  |             ^^^^^^

error: internal compiler error: broken MIR in Item(DefId(0:4 ~ bug_120421[fbaa]::main)) (after pass AddCallGuards) at bb10[2]:
                                local _14 still has storage when returning from function
 --> src/main.rs:9:2
  |
9 | }
  |  ^
  |
note: delayed at compiler/rustc_mir_transform/src/lint.rs:116:34
         0: <rustc_errors::DiagCtxtInner>::emit_diagnostic
         1: <rustc_errors::DiagCtxt>::emit_diagnostic
         2: <rustc_span::ErrorGuaranteed as rustc_errors::diagnostic_builder::EmissionGuarantee>::emit_producing_guarantee
         3: <rustc_mir_transform::lint::Lint>::fail::<alloc::string::String>
         4: <rustc_mir_transform::lint::Lint as rustc_middle::mir::visit::Visitor>::visit_terminator
         5: rustc_mir_transform::lint::lint_body
         6: rustc_mir_transform::run_analysis_to_runtime_passes
         7: rustc_mir_transform::mir_drops_elaborated_and_const_checked
         8: rustc_query_impl::plumbing::__rust_begin_short_backtrace::<rustc_query_impl::query_impl::mir_drops_elaborated_and_const_checked::dynamic_query::{closure#2}::{closure#0}, rustc_middle::query::erase::Erased<[u8; 8]>>
         9: rustc_query_system::query::plumbing::try_execute_query::<rustc_query_impl::DynamicConfig<rustc_query_system::query::caches::VecCache<rustc_span::def_id::LocalDefId, rustc_middle::query::erase::Erased<[u8; 8]>>, false, false, false>, rustc_query_impl::plumbing::QueryCtxt, true>
        10: rustc_query_impl::query_impl::mir_drops_elaborated_and_const_checked::get_query_incr::__rust_end_short_backtrace
        11: rustc_interface::passes::analysis
        12: rustc_query_impl::plumbing::__rust_begin_short_backtrace::<rustc_query_impl::query_impl::analysis::dynamic_query::{closure#2}::{closure#0}, rustc_middle::query::erase::Erased<[u8; 1]>>
        13: rustc_query_system::query::plumbing::try_execute_query::<rustc_query_impl::DynamicConfig<rustc_query_system::query::caches::SingleCache<rustc_middle::query::erase::Erased<[u8; 1]>>, false, false, false>, rustc_query_impl::plumbing::QueryCtxt, true>
        14: rustc_query_impl::query_impl::analysis::get_query_incr::__rust_end_short_backtrace
        15: rustc_interface::interface::run_compiler::<core::result::Result<(), rustc_span::ErrorGuaranteed>, rustc_driver_impl::run_compiler::{closure#0}>::{closure#0}
        16: std::sys_common::backtrace::__rust_begin_short_backtrace::<rustc_interface::util::run_in_thread_with_globals<rustc_interface::util::run_in_thread_pool_with_globals<rustc_interface::interface::run_compiler<core::result::Result<(), rustc_span::ErrorGuaranteed>, rustc_driver_impl::run_compiler::{closure#0}>::{closure#0}, core::result::Result<(), rustc_span::ErrorGuaranteed>>::{closure#0}, core::result::Result<(), rustc_span::ErrorGuaranteed>>::{closure#0}::{closure#0}, core::result::Result<(), rustc_span::ErrorGuaranteed>>
        17: <<std::thread::Builder>::spawn_unchecked_<rustc_interface::util::run_in_thread_with_globals<rustc_interface::util::run_in_thread_pool_with_globals<rustc_interface::interface::run_compiler<core::result::Result<(), rustc_span::ErrorGuaranteed>, rustc_driver_impl::run_compiler::{closure#0}>::{closure#0}, core::result::Result<(), rustc_span::ErrorGuaranteed>>::{closure#0}, core::result::Result<(), rustc_span::ErrorGuaranteed>>::{closure#0}::{closure#0}, core::result::Result<(), rustc_span::ErrorGuaranteed>>::{closure#1} as core::ops::function::FnOnce<()>>::call_once::{shim:vtable#0}
        18: <alloc::boxed::Box<F,A> as core::ops::function::FnOnce<Args>>::call_once
                   at /rustc/e7bbe8ce933123a8e327c79e38bcb790595e6a65/library/alloc/src/boxed.rs:2015:9
        19: <alloc::boxed::Box<F,A> as core::ops::function::FnOnce<Args>>::call_once
                   at /rustc/e7bbe8ce933123a8e327c79e38bcb790595e6a65/library/alloc/src/boxed.rs:2015:9
        20: std::sys::pal::unix::thread::Thread::new::thread_start
                   at /rustc/e7bbe8ce933123a8e327c79e38bcb790595e6a65/library/std/src/sys/pal/unix/thread.rs:108:17
        21: start_thread
                   at ./nptl/pthread_create.c:442:8
        22: __GI___clone3
                   at ./misc/../sysdeps/unix/sysv/linux/x86_64/clone3.S:81
 --> src/main.rs:9:2
  |
9 | }
  |  ^

error: internal compiler error: broken MIR in Item(DefId(0:4 ~ bug_120421[fbaa]::main)) (after pass RevealAll) at bb8[0]:
                                StorageLive(_14) which already has storage here
 --> src/main.rs:8:13
  |
8 |     for (Ok(mut _x) | Err(!)) in [res_void] {}
  |             ^^^^^^
  |
note: delayed at compiler/rustc_mir_transform/src/lint.rs:97:26
         0: <rustc_errors::DiagCtxtInner>::emit_diagnostic
         1: <rustc_errors::DiagCtxt>::emit_diagnostic
         2: <rustc_span::ErrorGuaranteed as rustc_errors::diagnostic_builder::EmissionGuarantee>::emit_producing_guarantee
         3: <rustc_mir_transform::lint::Lint>::fail::<alloc::string::String>
         4: <rustc_mir_transform::lint::Lint as rustc_middle::mir::visit::Visitor>::visit_statement
         5: rustc_mir_transform::lint::lint_body
         6: rustc_mir_transform::run_analysis_to_runtime_passes
         7: rustc_mir_transform::mir_drops_elaborated_and_const_checked
         8: rustc_query_impl::plumbing::__rust_begin_short_backtrace::<rustc_query_impl::query_impl::mir_drops_elaborated_and_const_checked::dynamic_query::{closure#2}::{closure#0}, rustc_middle::query::erase::Erased<[u8; 8]>>
         9: rustc_query_system::query::plumbing::try_execute_query::<rustc_query_impl::DynamicConfig<rustc_query_system::query::caches::VecCache<rustc_span::def_id::LocalDefId, rustc_middle::query::erase::Erased<[u8; 8]>>, false, false, false>, rustc_query_impl::plumbing::QueryCtxt, true>
        10: rustc_query_impl::query_impl::mir_drops_elaborated_and_const_checked::get_query_incr::__rust_end_short_backtrace
        11: rustc_interface::passes::analysis
        12: rustc_query_impl::plumbing::__rust_begin_short_backtrace::<rustc_query_impl::query_impl::analysis::dynamic_query::{closure#2}::{closure#0}, rustc_middle::query::erase::Erased<[u8; 1]>>
        13: rustc_query_system::query::plumbing::try_execute_query::<rustc_query_impl::DynamicConfig<rustc_query_system::query::caches::SingleCache<rustc_middle::query::erase::Erased<[u8; 1]>>, false, false, false>, rustc_query_impl::plumbing::QueryCtxt, true>
        14: rustc_query_impl::query_impl::analysis::get_query_incr::__rust_end_short_backtrace
        15: rustc_interface::interface::run_compiler::<core::result::Result<(), rustc_span::ErrorGuaranteed>, rustc_driver_impl::run_compiler::{closure#0}>::{closure#0}
        16: std::sys_common::backtrace::__rust_begin_short_backtrace::<rustc_interface::util::run_in_thread_with_globals<rustc_interface::util::run_in_thread_pool_with_globals<rustc_interface::interface::run_compiler<core::result::Result<(), rustc_span::ErrorGuaranteed>, rustc_driver_impl::run_compiler::{closure#0}>::{closure#0}, core::result::Result<(), rustc_span::ErrorGuaranteed>>::{closure#0}, core::result::Result<(), rustc_span::ErrorGuaranteed>>::{closure#0}::{closure#0}, core::result::Result<(), rustc_span::ErrorGuaranteed>>
        17: <<std::thread::Builder>::spawn_unchecked_<rustc_interface::util::run_in_thread_with_globals<rustc_interface::util::run_in_thread_pool_with_globals<rustc_interface::interface::run_compiler<core::result::Result<(), rustc_span::ErrorGuaranteed>, rustc_driver_impl::run_compiler::{closure#0}>::{closure#0}, core::result::Result<(), rustc_span::ErrorGuaranteed>>::{closure#0}, core::result::Result<(), rustc_span::ErrorGuaranteed>>::{closure#0}::{closure#0}, core::result::Result<(), rustc_span::ErrorGuaranteed>>::{closure#1} as core::ops::function::FnOnce<()>>::call_once::{shim:vtable#0}
        18: <alloc::boxed::Box<F,A> as core::ops::function::FnOnce<Args>>::call_once
                   at /rustc/e7bbe8ce933123a8e327c79e38bcb790595e6a65/library/alloc/src/boxed.rs:2015:9
        19: <alloc::boxed::Box<F,A> as core::ops::function::FnOnce<Args>>::call_once
                   at /rustc/e7bbe8ce933123a8e327c79e38bcb790595e6a65/library/alloc/src/boxed.rs:2015:9
        20: std::sys::pal::unix::thread::Thread::new::thread_start
                   at /rustc/e7bbe8ce933123a8e327c79e38bcb790595e6a65/library/std/src/sys/pal/unix/thread.rs:108:17
        21: start_thread
                   at ./nptl/pthread_create.c:442:8
        22: __GI___clone3
                   at ./misc/../sysdeps/unix/sysv/linux/x86_64/clone3.S:81
 --> src/main.rs:8:13
  |
8 |     for (Ok(mut _x) | Err(!)) in [res_void] {}
  |             ^^^^^^

error: internal compiler error: broken MIR in Item(DefId(0:4 ~ bug_120421[fbaa]::main)) (after pass RevealAll) at bb10[2]:
                                local _14 still has storage when returning from function
 --> src/main.rs:9:2
  |
9 | }
  |  ^
  |
note: delayed at compiler/rustc_mir_transform/src/lint.rs:116:34
         0: <rustc_errors::DiagCtxtInner>::emit_diagnostic
         1: <rustc_errors::DiagCtxt>::emit_diagnostic
         2: <rustc_span::ErrorGuaranteed as rustc_errors::diagnostic_builder::EmissionGuarantee>::emit_producing_guarantee
         3: <rustc_mir_transform::lint::Lint>::fail::<alloc::string::String>
         4: <rustc_mir_transform::lint::Lint as rustc_middle::mir::visit::Visitor>::visit_terminator
         5: rustc_mir_transform::lint::lint_body
         6: rustc_mir_transform::run_analysis_to_runtime_passes
         7: rustc_mir_transform::mir_drops_elaborated_and_const_checked
         8: rustc_query_impl::plumbing::__rust_begin_short_backtrace::<rustc_query_impl::query_impl::mir_drops_elaborated_and_const_checked::dynamic_query::{closure#2}::{closure#0}, rustc_middle::query::erase::Erased<[u8; 8]>>
         9: rustc_query_system::query::plumbing::try_execute_query::<rustc_query_impl::DynamicConfig<rustc_query_system::query::caches::VecCache<rustc_span::def_id::LocalDefId, rustc_middle::query::erase::Erased<[u8; 8]>>, false, false, false>, rustc_query_impl::plumbing::QueryCtxt, true>
        10: rustc_query_impl::query_impl::mir_drops_elaborated_and_const_checked::get_query_incr::__rust_end_short_backtrace
        11: rustc_interface::passes::analysis
        12: rustc_query_impl::plumbing::__rust_begin_short_backtrace::<rustc_query_impl::query_impl::analysis::dynamic_query::{closure#2}::{closure#0}, rustc_middle::query::erase::Erased<[u8; 1]>>
        13: rustc_query_system::query::plumbing::try_execute_query::<rustc_query_impl::DynamicConfig<rustc_query_system::query::caches::SingleCache<rustc_middle::query::erase::Erased<[u8; 1]>>, false, false, false>, rustc_query_impl::plumbing::QueryCtxt, true>
        14: rustc_query_impl::query_impl::analysis::get_query_incr::__rust_end_short_backtrace
        15: rustc_interface::interface::run_compiler::<core::result::Result<(), rustc_span::ErrorGuaranteed>, rustc_driver_impl::run_compiler::{closure#0}>::{closure#0}
        16: std::sys_common::backtrace::__rust_begin_short_backtrace::<rustc_interface::util::run_in_thread_with_globals<rustc_interface::util::run_in_thread_pool_with_globals<rustc_interface::interface::run_compiler<core::result::Result<(), rustc_span::ErrorGuaranteed>, rustc_driver_impl::run_compiler::{closure#0}>::{closure#0}, core::result::Result<(), rustc_span::ErrorGuaranteed>>::{closure#0}, core::result::Result<(), rustc_span::ErrorGuaranteed>>::{closure#0}::{closure#0}, core::result::Result<(), rustc_span::ErrorGuaranteed>>
        17: <<std::thread::Builder>::spawn_unchecked_<rustc_interface::util::run_in_thread_with_globals<rustc_interface::util::run_in_thread_pool_with_globals<rustc_interface::interface::run_compiler<core::result::Result<(), rustc_span::ErrorGuaranteed>, rustc_driver_impl::run_compiler::{closure#0}>::{closure#0}, core::result::Result<(), rustc_span::ErrorGuaranteed>>::{closure#0}, core::result::Result<(), rustc_span::ErrorGuaranteed>>::{closure#0}::{closure#0}, core::result::Result<(), rustc_span::ErrorGuaranteed>>::{closure#1} as core::ops::function::FnOnce<()>>::call_once::{shim:vtable#0}
        18: <alloc::boxed::Box<F,A> as core::ops::function::FnOnce<Args>>::call_once
                   at /rustc/e7bbe8ce933123a8e327c79e38bcb790595e6a65/library/alloc/src/boxed.rs:2015:9
        19: <alloc::boxed::Box<F,A> as core::ops::function::FnOnce<Args>>::call_once
                   at /rustc/e7bbe8ce933123a8e327c79e38bcb790595e6a65/library/alloc/src/boxed.rs:2015:9
        20: std::sys::pal::unix::thread::Thread::new::thread_start
                   at /rustc/e7bbe8ce933123a8e327c79e38bcb790595e6a65/library/std/src/sys/pal/unix/thread.rs:108:17
        21: start_thread
                   at ./nptl/pthread_create.c:442:8
        22: __GI___clone3
                   at ./misc/../sysdeps/unix/sysv/linux/x86_64/clone3.S:81
 --> src/main.rs:9:2
  |
9 | }
  |  ^

error: internal compiler error: broken MIR in Item(DefId(0:4 ~ bug_120421[fbaa]::main)) (after pass Subtyper) at bb8[0]:
                                StorageLive(_14) which already has storage here
 --> src/main.rs:8:13
  |
8 |     for (Ok(mut _x) | Err(!)) in [res_void] {}
  |             ^^^^^^
  |
note: delayed at compiler/rustc_mir_transform/src/lint.rs:97:26
         0: <rustc_errors::DiagCtxtInner>::emit_diagnostic
         1: <rustc_errors::DiagCtxt>::emit_diagnostic
         2: <rustc_span::ErrorGuaranteed as rustc_errors::diagnostic_builder::EmissionGuarantee>::emit_producing_guarantee
         3: <rustc_mir_transform::lint::Lint>::fail::<alloc::string::String>
         4: <rustc_mir_transform::lint::Lint as rustc_middle::mir::visit::Visitor>::visit_statement
         5: rustc_mir_transform::lint::lint_body
         6: rustc_mir_transform::run_analysis_to_runtime_passes
         7: rustc_mir_transform::mir_drops_elaborated_and_const_checked
         8: rustc_query_impl::plumbing::__rust_begin_short_backtrace::<rustc_query_impl::query_impl::mir_drops_elaborated_and_const_checked::dynamic_query::{closure#2}::{closure#0}, rustc_middle::query::erase::Erased<[u8; 8]>>
         9: rustc_query_system::query::plumbing::try_execute_query::<rustc_query_impl::DynamicConfig<rustc_query_system::query::caches::VecCache<rustc_span::def_id::LocalDefId, rustc_middle::query::erase::Erased<[u8; 8]>>, false, false, false>, rustc_query_impl::plumbing::QueryCtxt, true>
        10: rustc_query_impl::query_impl::mir_drops_elaborated_and_const_checked::get_query_incr::__rust_end_short_backtrace
        11: rustc_interface::passes::analysis
        12: rustc_query_impl::plumbing::__rust_begin_short_backtrace::<rustc_query_impl::query_impl::analysis::dynamic_query::{closure#2}::{closure#0}, rustc_middle::query::erase::Erased<[u8; 1]>>
        13: rustc_query_system::query::plumbing::try_execute_query::<rustc_query_impl::DynamicConfig<rustc_query_system::query::caches::SingleCache<rustc_middle::query::erase::Erased<[u8; 1]>>, false, false, false>, rustc_query_impl::plumbing::QueryCtxt, true>
        14: rustc_query_impl::query_impl::analysis::get_query_incr::__rust_end_short_backtrace
        15: rustc_interface::interface::run_compiler::<core::result::Result<(), rustc_span::ErrorGuaranteed>, rustc_driver_impl::run_compiler::{closure#0}>::{closure#0}
        16: std::sys_common::backtrace::__rust_begin_short_backtrace::<rustc_interface::util::run_in_thread_with_globals<rustc_interface::util::run_in_thread_pool_with_globals<rustc_interface::interface::run_compiler<core::result::Result<(), rustc_span::ErrorGuaranteed>, rustc_driver_impl::run_compiler::{closure#0}>::{closure#0}, core::result::Result<(), rustc_span::ErrorGuaranteed>>::{closure#0}, core::result::Result<(), rustc_span::ErrorGuaranteed>>::{closure#0}::{closure#0}, core::result::Result<(), rustc_span::ErrorGuaranteed>>
        17: <<std::thread::Builder>::spawn_unchecked_<rustc_interface::util::run_in_thread_with_globals<rustc_interface::util::run_in_thread_pool_with_globals<rustc_interface::interface::run_compiler<core::result::Result<(), rustc_span::ErrorGuaranteed>, rustc_driver_impl::run_compiler::{closure#0}>::{closure#0}, core::result::Result<(), rustc_span::ErrorGuaranteed>>::{closure#0}, core::result::Result<(), rustc_span::ErrorGuaranteed>>::{closure#0}::{closure#0}, core::result::Result<(), rustc_span::ErrorGuaranteed>>::{closure#1} as core::ops::function::FnOnce<()>>::call_once::{shim:vtable#0}
        18: <alloc::boxed::Box<F,A> as core::ops::function::FnOnce<Args>>::call_once
                   at /rustc/e7bbe8ce933123a8e327c79e38bcb790595e6a65/library/alloc/src/boxed.rs:2015:9
        19: <alloc::boxed::Box<F,A> as core::ops::function::FnOnce<Args>>::call_once
                   at /rustc/e7bbe8ce933123a8e327c79e38bcb790595e6a65/library/alloc/src/boxed.rs:2015:9
        20: std::sys::pal::unix::thread::Thread::new::thread_start
                   at /rustc/e7bbe8ce933123a8e327c79e38bcb790595e6a65/library/std/src/sys/pal/unix/thread.rs:108:17
        21: start_thread
                   at ./nptl/pthread_create.c:442:8
        22: __GI___clone3
                   at ./misc/../sysdeps/unix/sysv/linux/x86_64/clone3.S:81
 --> src/main.rs:8:13
  |
8 |     for (Ok(mut _x) | Err(!)) in [res_void] {}
  |             ^^^^^^

error: internal compiler error: broken MIR in Item(DefId(0:4 ~ bug_120421[fbaa]::main)) (after pass Subtyper) at bb10[2]:
                                local _14 still has storage when returning from function
 --> src/main.rs:9:2
  |
9 | }
  |  ^
  |
note: delayed at compiler/rustc_mir_transform/src/lint.rs:116:34
         0: <rustc_errors::DiagCtxtInner>::emit_diagnostic
         1: <rustc_errors::DiagCtxt>::emit_diagnostic
         2: <rustc_span::ErrorGuaranteed as rustc_errors::diagnostic_builder::EmissionGuarantee>::emit_producing_guarantee
         3: <rustc_mir_transform::lint::Lint>::fail::<alloc::string::String>
         4: <rustc_mir_transform::lint::Lint as rustc_middle::mir::visit::Visitor>::visit_terminator
         5: rustc_mir_transform::lint::lint_body
         6: rustc_mir_transform::run_analysis_to_runtime_passes
         7: rustc_mir_transform::mir_drops_elaborated_and_const_checked
         8: rustc_query_impl::plumbing::__rust_begin_short_backtrace::<rustc_query_impl::query_impl::mir_drops_elaborated_and_const_checked::dynamic_query::{closure#2}::{closure#0}, rustc_middle::query::erase::Erased<[u8; 8]>>
         9: rustc_query_system::query::plumbing::try_execute_query::<rustc_query_impl::DynamicConfig<rustc_query_system::query::caches::VecCache<rustc_span::def_id::LocalDefId, rustc_middle::query::erase::Erased<[u8; 8]>>, false, false, false>, rustc_query_impl::plumbing::QueryCtxt, true>
        10: rustc_query_impl::query_impl::mir_drops_elaborated_and_const_checked::get_query_incr::__rust_end_short_backtrace
        11: rustc_interface::passes::analysis
        12: rustc_query_impl::plumbing::__rust_begin_short_backtrace::<rustc_query_impl::query_impl::analysis::dynamic_query::{closure#2}::{closure#0}, rustc_middle::query::erase::Erased<[u8; 1]>>
        13: rustc_query_system::query::plumbing::try_execute_query::<rustc_query_impl::DynamicConfig<rustc_query_system::query::caches::SingleCache<rustc_middle::query::erase::Erased<[u8; 1]>>, false, false, false>, rustc_query_impl::plumbing::QueryCtxt, true>
        14: rustc_query_impl::query_impl::analysis::get_query_incr::__rust_end_short_backtrace
        15: rustc_interface::interface::run_compiler::<core::result::Result<(), rustc_span::ErrorGuaranteed>, rustc_driver_impl::run_compiler::{closure#0}>::{closure#0}
        16: std::sys_common::backtrace::__rust_begin_short_backtrace::<rustc_interface::util::run_in_thread_with_globals<rustc_interface::util::run_in_thread_pool_with_globals<rustc_interface::interface::run_compiler<core::result::Result<(), rustc_span::ErrorGuaranteed>, rustc_driver_impl::run_compiler::{closure#0}>::{closure#0}, core::result::Result<(), rustc_span::ErrorGuaranteed>>::{closure#0}, core::result::Result<(), rustc_span::ErrorGuaranteed>>::{closure#0}::{closure#0}, core::result::Result<(), rustc_span::ErrorGuaranteed>>
        17: <<std::thread::Builder>::spawn_unchecked_<rustc_interface::util::run_in_thread_with_globals<rustc_interface::util::run_in_thread_pool_with_globals<rustc_interface::interface::run_compiler<core::result::Result<(), rustc_span::ErrorGuaranteed>, rustc_driver_impl::run_compiler::{closure#0}>::{closure#0}, core::result::Result<(), rustc_span::ErrorGuaranteed>>::{closure#0}, core::result::Result<(), rustc_span::ErrorGuaranteed>>::{closure#0}::{closure#0}, core::result::Result<(), rustc_span::ErrorGuaranteed>>::{closure#1} as core::ops::function::FnOnce<()>>::call_once::{shim:vtable#0}
        18: <alloc::boxed::Box<F,A> as core::ops::function::FnOnce<Args>>::call_once
                   at /rustc/e7bbe8ce933123a8e327c79e38bcb790595e6a65/library/alloc/src/boxed.rs:2015:9
        19: <alloc::boxed::Box<F,A> as core::ops::function::FnOnce<Args>>::call_once
                   at /rustc/e7bbe8ce933123a8e327c79e38bcb790595e6a65/library/alloc/src/boxed.rs:2015:9
        20: std::sys::pal::unix::thread::Thread::new::thread_start
                   at /rustc/e7bbe8ce933123a8e327c79e38bcb790595e6a65/library/std/src/sys/pal/unix/thread.rs:108:17
        21: start_thread
                   at ./nptl/pthread_create.c:442:8
        22: __GI___clone3
                   at ./misc/../sysdeps/unix/sysv/linux/x86_64/clone3.S:81
 --> src/main.rs:9:2
  |
9 | }
  |  ^

error: internal compiler error: broken MIR in Item(DefId(0:4 ~ bug_120421[fbaa]::main)) (after pass ElaborateDrops) at bb8[0]:
                                StorageLive(_14) which already has storage here
 --> src/main.rs:8:13
  |
8 |     for (Ok(mut _x) | Err(!)) in [res_void] {}
  |             ^^^^^^
  |
note: delayed at compiler/rustc_mir_transform/src/lint.rs:97:26
         0: <rustc_errors::DiagCtxtInner>::emit_diagnostic
         1: <rustc_errors::DiagCtxt>::emit_diagnostic
         2: <rustc_span::ErrorGuaranteed as rustc_errors::diagnostic_builder::EmissionGuarantee>::emit_producing_guarantee
         3: <rustc_mir_transform::lint::Lint>::fail::<alloc::string::String>
         4: <rustc_mir_transform::lint::Lint as rustc_middle::mir::visit::Visitor>::visit_statement
         5: rustc_mir_transform::lint::lint_body
         6: rustc_mir_transform::run_analysis_to_runtime_passes
         7: rustc_mir_transform::mir_drops_elaborated_and_const_checked
         8: rustc_query_impl::plumbing::__rust_begin_short_backtrace::<rustc_query_impl::query_impl::mir_drops_elaborated_and_const_checked::dynamic_query::{closure#2}::{closure#0}, rustc_middle::query::erase::Erased<[u8; 8]>>
         9: rustc_query_system::query::plumbing::try_execute_query::<rustc_query_impl::DynamicConfig<rustc_query_system::query::caches::VecCache<rustc_span::def_id::LocalDefId, rustc_middle::query::erase::Erased<[u8; 8]>>, false, false, false>, rustc_query_impl::plumbing::QueryCtxt, true>
        10: rustc_query_impl::query_impl::mir_drops_elaborated_and_const_checked::get_query_incr::__rust_end_short_backtrace
        11: rustc_interface::passes::analysis
        12: rustc_query_impl::plumbing::__rust_begin_short_backtrace::<rustc_query_impl::query_impl::analysis::dynamic_query::{closure#2}::{closure#0}, rustc_middle::query::erase::Erased<[u8; 1]>>
        13: rustc_query_system::query::plumbing::try_execute_query::<rustc_query_impl::DynamicConfig<rustc_query_system::query::caches::SingleCache<rustc_middle::query::erase::Erased<[u8; 1]>>, false, false, false>, rustc_query_impl::plumbing::QueryCtxt, true>
        14: rustc_query_impl::query_impl::analysis::get_query_incr::__rust_end_short_backtrace
        15: rustc_interface::interface::run_compiler::<core::result::Result<(), rustc_span::ErrorGuaranteed>, rustc_driver_impl::run_compiler::{closure#0}>::{closure#0}
        16: std::sys_common::backtrace::__rust_begin_short_backtrace::<rustc_interface::util::run_in_thread_with_globals<rustc_interface::util::run_in_thread_pool_with_globals<rustc_interface::interface::run_compiler<core::result::Result<(), rustc_span::ErrorGuaranteed>, rustc_driver_impl::run_compiler::{closure#0}>::{closure#0}, core::result::Result<(), rustc_span::ErrorGuaranteed>>::{closure#0}, core::result::Result<(), rustc_span::ErrorGuaranteed>>::{closure#0}::{closure#0}, core::result::Result<(), rustc_span::ErrorGuaranteed>>
        17: <<std::thread::Builder>::spawn_unchecked_<rustc_interface::util::run_in_thread_with_globals<rustc_interface::util::run_in_thread_pool_with_globals<rustc_interface::interface::run_compiler<core::result::Result<(), rustc_span::ErrorGuaranteed>, rustc_driver_impl::run_compiler::{closure#0}>::{closure#0}, core::result::Result<(), rustc_span::ErrorGuaranteed>>::{closure#0}, core::result::Result<(), rustc_span::ErrorGuaranteed>>::{closure#0}::{closure#0}, core::result::Result<(), rustc_span::ErrorGuaranteed>>::{closure#1} as core::ops::function::FnOnce<()>>::call_once::{shim:vtable#0}
        18: <alloc::boxed::Box<F,A> as core::ops::function::FnOnce<Args>>::call_once
                   at /rustc/e7bbe8ce933123a8e327c79e38bcb790595e6a65/library/alloc/src/boxed.rs:2015:9
        19: <alloc::boxed::Box<F,A> as core::ops::function::FnOnce<Args>>::call_once
                   at /rustc/e7bbe8ce933123a8e327c79e38bcb790595e6a65/library/alloc/src/boxed.rs:2015:9
        20: std::sys::pal::unix::thread::Thread::new::thread_start
                   at /rustc/e7bbe8ce933123a8e327c79e38bcb790595e6a65/library/std/src/sys/pal/unix/thread.rs:108:17
        21: start_thread
                   at ./nptl/pthread_create.c:442:8
        22: __GI___clone3
                   at ./misc/../sysdeps/unix/sysv/linux/x86_64/clone3.S:81
 --> src/main.rs:8:13
  |
8 |     for (Ok(mut _x) | Err(!)) in [res_void] {}
  |             ^^^^^^

error: internal compiler error: broken MIR in Item(DefId(0:4 ~ bug_120421[fbaa]::main)) (after pass ElaborateDrops) at bb10[2]:
                                local _14 still has storage when returning from function
 --> src/main.rs:9:2
  |
9 | }
  |  ^
  |
note: delayed at compiler/rustc_mir_transform/src/lint.rs:116:34
         0: <rustc_errors::DiagCtxtInner>::emit_diagnostic
         1: <rustc_errors::DiagCtxt>::emit_diagnostic
         2: <rustc_span::ErrorGuaranteed as rustc_errors::diagnostic_builder::EmissionGuarantee>::emit_producing_guarantee
         3: <rustc_mir_transform::lint::Lint>::fail::<alloc::string::String>
         4: <rustc_mir_transform::lint::Lint as rustc_middle::mir::visit::Visitor>::visit_terminator
         5: rustc_mir_transform::lint::lint_body
         6: rustc_mir_transform::run_analysis_to_runtime_passes
         7: rustc_mir_transform::mir_drops_elaborated_and_const_checked
         8: rustc_query_impl::plumbing::__rust_begin_short_backtrace::<rustc_query_impl::query_impl::mir_drops_elaborated_and_const_checked::dynamic_query::{closure#2}::{closure#0}, rustc_middle::query::erase::Erased<[u8; 8]>>
         9: rustc_query_system::query::plumbing::try_execute_query::<rustc_query_impl::DynamicConfig<rustc_query_system::query::caches::VecCache<rustc_span::def_id::LocalDefId, rustc_middle::query::erase::Erased<[u8; 8]>>, false, false, false>, rustc_query_impl::plumbing::QueryCtxt, true>
        10: rustc_query_impl::query_impl::mir_drops_elaborated_and_const_checked::get_query_incr::__rust_end_short_backtrace
        11: rustc_interface::passes::analysis
        12: rustc_query_impl::plumbing::__rust_begin_short_backtrace::<rustc_query_impl::query_impl::analysis::dynamic_query::{closure#2}::{closure#0}, rustc_middle::query::erase::Erased<[u8; 1]>>
        13: rustc_query_system::query::plumbing::try_execute_query::<rustc_query_impl::DynamicConfig<rustc_query_system::query::caches::SingleCache<rustc_middle::query::erase::Erased<[u8; 1]>>, false, false, false>, rustc_query_impl::plumbing::QueryCtxt, true>
        14: rustc_query_impl::query_impl::analysis::get_query_incr::__rust_end_short_backtrace
        15: rustc_interface::interface::run_compiler::<core::result::Result<(), rustc_span::ErrorGuaranteed>, rustc_driver_impl::run_compiler::{closure#0}>::{closure#0}
        16: std::sys_common::backtrace::__rust_begin_short_backtrace::<rustc_interface::util::run_in_thread_with_globals<rustc_interface::util::run_in_thread_pool_with_globals<rustc_interface::interface::run_compiler<core::result::Result<(), rustc_span::ErrorGuaranteed>, rustc_driver_impl::run_compiler::{closure#0}>::{closure#0}, core::result::Result<(), rustc_span::ErrorGuaranteed>>::{closure#0}, core::result::Result<(), rustc_span::ErrorGuaranteed>>::{closure#0}::{closure#0}, core::result::Result<(), rustc_span::ErrorGuaranteed>>
        17: <<std::thread::Builder>::spawn_unchecked_<rustc_interface::util::run_in_thread_with_globals<rustc_interface::util::run_in_thread_pool_with_globals<rustc_interface::interface::run_compiler<core::result::Result<(), rustc_span::ErrorGuaranteed>, rustc_driver_impl::run_compiler::{closure#0}>::{closure#0}, core::result::Result<(), rustc_span::ErrorGuaranteed>>::{closure#0}, core::result::Result<(), rustc_span::ErrorGuaranteed>>::{closure#0}::{closure#0}, core::result::Result<(), rustc_span::ErrorGuaranteed>>::{closure#1} as core::ops::function::FnOnce<()>>::call_once::{shim:vtable#0}
        18: <alloc::boxed::Box<F,A> as core::ops::function::FnOnce<Args>>::call_once
                   at /rustc/e7bbe8ce933123a8e327c79e38bcb790595e6a65/library/alloc/src/boxed.rs:2015:9
        19: <alloc::boxed::Box<F,A> as core::ops::function::FnOnce<Args>>::call_once
                   at /rustc/e7bbe8ce933123a8e327c79e38bcb790595e6a65/library/alloc/src/boxed.rs:2015:9
        20: std::sys::pal::unix::thread::Thread::new::thread_start
                   at /rustc/e7bbe8ce933123a8e327c79e38bcb790595e6a65/library/std/src/sys/pal/unix/thread.rs:108:17
        21: start_thread
                   at ./nptl/pthread_create.c:442:8
        22: __GI___clone3
                   at ./misc/../sysdeps/unix/sysv/linux/x86_64/clone3.S:81
 --> src/main.rs:9:2
  |
9 | }
  |  ^

error: internal compiler error: broken MIR in Item(DefId(0:4 ~ bug_120421[fbaa]::main)) (after pass AbortUnwindingCalls) at bb8[0]:
                                StorageLive(_14) which already has storage here
 --> src/main.rs:8:13
  |
8 |     for (Ok(mut _x) | Err(!)) in [res_void] {}
  |             ^^^^^^
  |
note: delayed at compiler/rustc_mir_transform/src/lint.rs:97:26
         0: <rustc_errors::DiagCtxtInner>::emit_diagnostic
         1: <rustc_errors::DiagCtxt>::emit_diagnostic
         2: <rustc_span::ErrorGuaranteed as rustc_errors::diagnostic_builder::EmissionGuarantee>::emit_producing_guarantee
         3: <rustc_mir_transform::lint::Lint>::fail::<alloc::string::String>
         4: <rustc_mir_transform::lint::Lint as rustc_middle::mir::visit::Visitor>::visit_statement
         5: rustc_mir_transform::lint::lint_body
         6: rustc_mir_transform::run_analysis_to_runtime_passes
         7: rustc_mir_transform::mir_drops_elaborated_and_const_checked
         8: rustc_query_impl::plumbing::__rust_begin_short_backtrace::<rustc_query_impl::query_impl::mir_drops_elaborated_and_const_checked::dynamic_query::{closure#2}::{closure#0}, rustc_middle::query::erase::Erased<[u8; 8]>>
         9: rustc_query_system::query::plumbing::try_execute_query::<rustc_query_impl::DynamicConfig<rustc_query_system::query::caches::VecCache<rustc_span::def_id::LocalDefId, rustc_middle::query::erase::Erased<[u8; 8]>>, false, false, false>, rustc_query_impl::plumbing::QueryCtxt, true>
        10: rustc_query_impl::query_impl::mir_drops_elaborated_and_const_checked::get_query_incr::__rust_end_short_backtrace
        11: rustc_interface::passes::analysis
        12: rustc_query_impl::plumbing::__rust_begin_short_backtrace::<rustc_query_impl::query_impl::analysis::dynamic_query::{closure#2}::{closure#0}, rustc_middle::query::erase::Erased<[u8; 1]>>
        13: rustc_query_system::query::plumbing::try_execute_query::<rustc_query_impl::DynamicConfig<rustc_query_system::query::caches::SingleCache<rustc_middle::query::erase::Erased<[u8; 1]>>, false, false, false>, rustc_query_impl::plumbing::QueryCtxt, true>
        14: rustc_query_impl::query_impl::analysis::get_query_incr::__rust_end_short_backtrace
        15: rustc_interface::interface::run_compiler::<core::result::Result<(), rustc_span::ErrorGuaranteed>, rustc_driver_impl::run_compiler::{closure#0}>::{closure#0}
        16: std::sys_common::backtrace::__rust_begin_short_backtrace::<rustc_interface::util::run_in_thread_with_globals<rustc_interface::util::run_in_thread_pool_with_globals<rustc_interface::interface::run_compiler<core::result::Result<(), rustc_span::ErrorGuaranteed>, rustc_driver_impl::run_compiler::{closure#0}>::{closure#0}, core::result::Result<(), rustc_span::ErrorGuaranteed>>::{closure#0}, core::result::Result<(), rustc_span::ErrorGuaranteed>>::{closure#0}::{closure#0}, core::result::Result<(), rustc_span::ErrorGuaranteed>>
        17: <<std::thread::Builder>::spawn_unchecked_<rustc_interface::util::run_in_thread_with_globals<rustc_interface::util::run_in_thread_pool_with_globals<rustc_interface::interface::run_compiler<core::result::Result<(), rustc_span::ErrorGuaranteed>, rustc_driver_impl::run_compiler::{closure#0}>::{closure#0}, core::result::Result<(), rustc_span::ErrorGuaranteed>>::{closure#0}, core::result::Result<(), rustc_span::ErrorGuaranteed>>::{closure#0}::{closure#0}, core::result::Result<(), rustc_span::ErrorGuaranteed>>::{closure#1} as core::ops::function::FnOnce<()>>::call_once::{shim:vtable#0}
        18: <alloc::boxed::Box<F,A> as core::ops::function::FnOnce<Args>>::call_once
                   at /rustc/e7bbe8ce933123a8e327c79e38bcb790595e6a65/library/alloc/src/boxed.rs:2015:9
        19: <alloc::boxed::Box<F,A> as core::ops::function::FnOnce<Args>>::call_once
                   at /rustc/e7bbe8ce933123a8e327c79e38bcb790595e6a65/library/alloc/src/boxed.rs:2015:9
        20: std::sys::pal::unix::thread::Thread::new::thread_start
                   at /rustc/e7bbe8ce933123a8e327c79e38bcb790595e6a65/library/std/src/sys/pal/unix/thread.rs:108:17
        21: start_thread
                   at ./nptl/pthread_create.c:442:8
        22: __GI___clone3
                   at ./misc/../sysdeps/unix/sysv/linux/x86_64/clone3.S:81
 --> src/main.rs:8:13
  |
8 |     for (Ok(mut _x) | Err(!)) in [res_void] {}
  |             ^^^^^^

error: internal compiler error: broken MIR in Item(DefId(0:4 ~ bug_120421[fbaa]::main)) (after pass AbortUnwindingCalls) at bb10[2]:
                                local _14 still has storage when returning from function
 --> src/main.rs:9:2
  |
9 | }
  |  ^
  |
note: delayed at compiler/rustc_mir_transform/src/lint.rs:116:34
         0: <rustc_errors::DiagCtxtInner>::emit_diagnostic
         1: <rustc_errors::DiagCtxt>::emit_diagnostic
         2: <rustc_span::ErrorGuaranteed as rustc_errors::diagnostic_builder::EmissionGuarantee>::emit_producing_guarantee
         3: <rustc_mir_transform::lint::Lint>::fail::<alloc::string::String>
         4: <rustc_mir_transform::lint::Lint as rustc_middle::mir::visit::Visitor>::visit_terminator
         5: rustc_mir_transform::lint::lint_body
         6: rustc_mir_transform::run_analysis_to_runtime_passes
         7: rustc_mir_transform::mir_drops_elaborated_and_const_checked
         8: rustc_query_impl::plumbing::__rust_begin_short_backtrace::<rustc_query_impl::query_impl::mir_drops_elaborated_and_const_checked::dynamic_query::{closure#2}::{closure#0}, rustc_middle::query::erase::Erased<[u8; 8]>>
         9: rustc_query_system::query::plumbing::try_execute_query::<rustc_query_impl::DynamicConfig<rustc_query_system::query::caches::VecCache<rustc_span::def_id::LocalDefId, rustc_middle::query::erase::Erased<[u8; 8]>>, false, false, false>, rustc_query_impl::plumbing::QueryCtxt, true>
        10: rustc_query_impl::query_impl::mir_drops_elaborated_and_const_checked::get_query_incr::__rust_end_short_backtrace
        11: rustc_interface::passes::analysis
        12: rustc_query_impl::plumbing::__rust_begin_short_backtrace::<rustc_query_impl::query_impl::analysis::dynamic_query::{closure#2}::{closure#0}, rustc_middle::query::erase::Erased<[u8; 1]>>
        13: rustc_query_system::query::plumbing::try_execute_query::<rustc_query_impl::DynamicConfig<rustc_query_system::query::caches::SingleCache<rustc_middle::query::erase::Erased<[u8; 1]>>, false, false, false>, rustc_query_impl::plumbing::QueryCtxt, true>
        14: rustc_query_impl::query_impl::analysis::get_query_incr::__rust_end_short_backtrace
        15: rustc_interface::interface::run_compiler::<core::result::Result<(), rustc_span::ErrorGuaranteed>, rustc_driver_impl::run_compiler::{closure#0}>::{closure#0}
        16: std::sys_common::backtrace::__rust_begin_short_backtrace::<rustc_interface::util::run_in_thread_with_globals<rustc_interface::util::run_in_thread_pool_with_globals<rustc_interface::interface::run_compiler<core::result::Result<(), rustc_span::ErrorGuaranteed>, rustc_driver_impl::run_compiler::{closure#0}>::{closure#0}, core::result::Result<(), rustc_span::ErrorGuaranteed>>::{closure#0}, core::result::Result<(), rustc_span::ErrorGuaranteed>>::{closure#0}::{closure#0}, core::result::Result<(), rustc_span::ErrorGuaranteed>>
        17: <<std::thread::Builder>::spawn_unchecked_<rustc_interface::util::run_in_thread_with_globals<rustc_interface::util::run_in_thread_pool_with_globals<rustc_interface::interface::run_compiler<core::result::Result<(), rustc_span::ErrorGuaranteed>, rustc_driver_impl::run_compiler::{closure#0}>::{closure#0}, core::result::Result<(), rustc_span::ErrorGuaranteed>>::{closure#0}, core::result::Result<(), rustc_span::ErrorGuaranteed>>::{closure#0}::{closure#0}, core::result::Result<(), rustc_span::ErrorGuaranteed>>::{closure#1} as core::ops::function::FnOnce<()>>::call_once::{shim:vtable#0}
        18: <alloc::boxed::Box<F,A> as core::ops::function::FnOnce<Args>>::call_once
                   at /rustc/e7bbe8ce933123a8e327c79e38bcb790595e6a65/library/alloc/src/boxed.rs:2015:9
        19: <alloc::boxed::Box<F,A> as core::ops::function::FnOnce<Args>>::call_once
                   at /rustc/e7bbe8ce933123a8e327c79e38bcb790595e6a65/library/alloc/src/boxed.rs:2015:9
        20: std::sys::pal::unix::thread::Thread::new::thread_start
                   at /rustc/e7bbe8ce933123a8e327c79e38bcb790595e6a65/library/std/src/sys/pal/unix/thread.rs:108:17
        21: start_thread
                   at ./nptl/pthread_create.c:442:8
        22: __GI___clone3
                   at ./misc/../sysdeps/unix/sysv/linux/x86_64/clone3.S:81
 --> src/main.rs:9:2
  |
9 | }
  |  ^

error: internal compiler error: broken MIR in Item(DefId(0:4 ~ bug_120421[fbaa]::main)) (after pass AddMovesForPackedDrops) at bb8[0]:
                                StorageLive(_14) which already has storage here
 --> src/main.rs:8:13
  |
8 |     for (Ok(mut _x) | Err(!)) in [res_void] {}
  |             ^^^^^^
  |
note: delayed at compiler/rustc_mir_transform/src/lint.rs:97:26
         0: <rustc_errors::DiagCtxtInner>::emit_diagnostic
         1: <rustc_errors::DiagCtxt>::emit_diagnostic
         2: <rustc_span::ErrorGuaranteed as rustc_errors::diagnostic_builder::EmissionGuarantee>::emit_producing_guarantee
         3: <rustc_mir_transform::lint::Lint>::fail::<alloc::string::String>
         4: <rustc_mir_transform::lint::Lint as rustc_middle::mir::visit::Visitor>::visit_statement
         5: rustc_mir_transform::lint::lint_body
         6: rustc_mir_transform::run_analysis_to_runtime_passes
         7: rustc_mir_transform::mir_drops_elaborated_and_const_checked
         8: rustc_query_impl::plumbing::__rust_begin_short_backtrace::<rustc_query_impl::query_impl::mir_drops_elaborated_and_const_checked::dynamic_query::{closure#2}::{closure#0}, rustc_middle::query::erase::Erased<[u8; 8]>>
         9: rustc_query_system::query::plumbing::try_execute_query::<rustc_query_impl::DynamicConfig<rustc_query_system::query::caches::VecCache<rustc_span::def_id::LocalDefId, rustc_middle::query::erase::Erased<[u8; 8]>>, false, false, false>, rustc_query_impl::plumbing::QueryCtxt, true>
        10: rustc_query_impl::query_impl::mir_drops_elaborated_and_const_checked::get_query_incr::__rust_end_short_backtrace
        11: rustc_interface::passes::analysis
        12: rustc_query_impl::plumbing::__rust_begin_short_backtrace::<rustc_query_impl::query_impl::analysis::dynamic_query::{closure#2}::{closure#0}, rustc_middle::query::erase::Erased<[u8; 1]>>
        13: rustc_query_system::query::plumbing::try_execute_query::<rustc_query_impl::DynamicConfig<rustc_query_system::query::caches::SingleCache<rustc_middle::query::erase::Erased<[u8; 1]>>, false, false, false>, rustc_query_impl::plumbing::QueryCtxt, true>
        14: rustc_query_impl::query_impl::analysis::get_query_incr::__rust_end_short_backtrace
        15: rustc_interface::interface::run_compiler::<core::result::Result<(), rustc_span::ErrorGuaranteed>, rustc_driver_impl::run_compiler::{closure#0}>::{closure#0}
        16: std::sys_common::backtrace::__rust_begin_short_backtrace::<rustc_interface::util::run_in_thread_with_globals<rustc_interface::util::run_in_thread_pool_with_globals<rustc_interface::interface::run_compiler<core::result::Result<(), rustc_span::ErrorGuaranteed>, rustc_driver_impl::run_compiler::{closure#0}>::{closure#0}, core::result::Result<(), rustc_span::ErrorGuaranteed>>::{closure#0}, core::result::Result<(), rustc_span::ErrorGuaranteed>>::{closure#0}::{closure#0}, core::result::Result<(), rustc_span::ErrorGuaranteed>>
        17: <<std::thread::Builder>::spawn_unchecked_<rustc_interface::util::run_in_thread_with_globals<rustc_interface::util::run_in_thread_pool_with_globals<rustc_interface::interface::run_compiler<core::result::Result<(), rustc_span::ErrorGuaranteed>, rustc_driver_impl::run_compiler::{closure#0}>::{closure#0}, core::result::Result<(), rustc_span::ErrorGuaranteed>>::{closure#0}, core::result::Result<(), rustc_span::ErrorGuaranteed>>::{closure#0}::{closure#0}, core::result::Result<(), rustc_span::ErrorGuaranteed>>::{closure#1} as core::ops::function::FnOnce<()>>::call_once::{shim:vtable#0}
        18: <alloc::boxed::Box<F,A> as core::ops::function::FnOnce<Args>>::call_once
                   at /rustc/e7bbe8ce933123a8e327c79e38bcb790595e6a65/library/alloc/src/boxed.rs:2015:9
        19: <alloc::boxed::Box<F,A> as core::ops::function::FnOnce<Args>>::call_once
                   at /rustc/e7bbe8ce933123a8e327c79e38bcb790595e6a65/library/alloc/src/boxed.rs:2015:9
        20: std::sys::pal::unix::thread::Thread::new::thread_start
                   at /rustc/e7bbe8ce933123a8e327c79e38bcb790595e6a65/library/std/src/sys/pal/unix/thread.rs:108:17
        21: start_thread
                   at ./nptl/pthread_create.c:442:8
        22: __GI___clone3
                   at ./misc/../sysdeps/unix/sysv/linux/x86_64/clone3.S:81
 --> src/main.rs:8:13
  |
8 |     for (Ok(mut _x) | Err(!)) in [res_void] {}
  |             ^^^^^^

error: internal compiler error: broken MIR in Item(DefId(0:4 ~ bug_120421[fbaa]::main)) (after pass AddMovesForPackedDrops) at bb10[2]:
                                local _14 still has storage when returning from function
 --> src/main.rs:9:2
  |
9 | }
  |  ^
  |
note: delayed at compiler/rustc_mir_transform/src/lint.rs:116:34
         0: <rustc_errors::DiagCtxtInner>::emit_diagnostic
         1: <rustc_errors::DiagCtxt>::emit_diagnostic
         2: <rustc_span::ErrorGuaranteed as rustc_errors::diagnostic_builder::EmissionGuarantee>::emit_producing_guarantee
         3: <rustc_mir_transform::lint::Lint>::fail::<alloc::string::String>
         4: <rustc_mir_transform::lint::Lint as rustc_middle::mir::visit::Visitor>::visit_terminator
         5: rustc_mir_transform::lint::lint_body
         6: rustc_mir_transform::run_analysis_to_runtime_passes
         7: rustc_mir_transform::mir_drops_elaborated_and_const_checked
         8: rustc_query_impl::plumbing::__rust_begin_short_backtrace::<rustc_query_impl::query_impl::mir_drops_elaborated_and_const_checked::dynamic_query::{closure#2}::{closure#0}, rustc_middle::query::erase::Erased<[u8; 8]>>
         9: rustc_query_system::query::plumbing::try_execute_query::<rustc_query_impl::DynamicConfig<rustc_query_system::query::caches::VecCache<rustc_span::def_id::LocalDefId, rustc_middle::query::erase::Erased<[u8; 8]>>, false, false, false>, rustc_query_impl::plumbing::QueryCtxt, true>
        10: rustc_query_impl::query_impl::mir_drops_elaborated_and_const_checked::get_query_incr::__rust_end_short_backtrace
        11: rustc_interface::passes::analysis
        12: rustc_query_impl::plumbing::__rust_begin_short_backtrace::<rustc_query_impl::query_impl::analysis::dynamic_query::{closure#2}::{closure#0}, rustc_middle::query::erase::Erased<[u8; 1]>>
        13: rustc_query_system::query::plumbing::try_execute_query::<rustc_query_impl::DynamicConfig<rustc_query_system::query::caches::SingleCache<rustc_middle::query::erase::Erased<[u8; 1]>>, false, false, false>, rustc_query_impl::plumbing::QueryCtxt, true>
        14: rustc_query_impl::query_impl::analysis::get_query_incr::__rust_end_short_backtrace
        15: rustc_interface::interface::run_compiler::<core::result::Result<(), rustc_span::ErrorGuaranteed>, rustc_driver_impl::run_compiler::{closure#0}>::{closure#0}
        16: std::sys_common::backtrace::__rust_begin_short_backtrace::<rustc_interface::util::run_in_thread_with_globals<rustc_interface::util::run_in_thread_pool_with_globals<rustc_interface::interface::run_compiler<core::result::Result<(), rustc_span::ErrorGuaranteed>, rustc_driver_impl::run_compiler::{closure#0}>::{closure#0}, core::result::Result<(), rustc_span::ErrorGuaranteed>>::{closure#0}, core::result::Result<(), rustc_span::ErrorGuaranteed>>::{closure#0}::{closure#0}, core::result::Result<(), rustc_span::ErrorGuaranteed>>
        17: <<std::thread::Builder>::spawn_unchecked_<rustc_interface::util::run_in_thread_with_globals<rustc_interface::util::run_in_thread_pool_with_globals<rustc_interface::interface::run_compiler<core::result::Result<(), rustc_span::ErrorGuaranteed>, rustc_driver_impl::run_compiler::{closure#0}>::{closure#0}, core::result::Result<(), rustc_span::ErrorGuaranteed>>::{closure#0}, core::result::Result<(), rustc_span::ErrorGuaranteed>>::{closure#0}::{closure#0}, core::result::Result<(), rustc_span::ErrorGuaranteed>>::{closure#1} as core::ops::function::FnOnce<()>>::call_once::{shim:vtable#0}
        18: <alloc::boxed::Box<F,A> as core::ops::function::FnOnce<Args>>::call_once
                   at /rustc/e7bbe8ce933123a8e327c79e38bcb790595e6a65/library/alloc/src/boxed.rs:2015:9
        19: <alloc::boxed::Box<F,A> as core::ops::function::FnOnce<Args>>::call_once
                   at /rustc/e7bbe8ce933123a8e327c79e38bcb790595e6a65/library/alloc/src/boxed.rs:2015:9
        20: std::sys::pal::unix::thread::Thread::new::thread_start
                   at /rustc/e7bbe8ce933123a8e327c79e38bcb790595e6a65/library/std/src/sys/pal/unix/thread.rs:108:17
        21: start_thread
                   at ./nptl/pthread_create.c:442:8
        22: __GI___clone3
                   at ./misc/../sysdeps/unix/sysv/linux/x86_64/clone3.S:81
 --> src/main.rs:9:2
  |
9 | }
  |  ^

error: internal compiler error: broken MIR in Item(DefId(0:4 ~ bug_120421[fbaa]::main)) (after pass ElaborateBoxDerefs) at bb8[0]:
                                StorageLive(_14) which already has storage here
 --> src/main.rs:8:13
  |
8 |     for (Ok(mut _x) | Err(!)) in [res_void] {}
  |             ^^^^^^
  |
note: delayed at compiler/rustc_mir_transform/src/lint.rs:97:26
         0: <rustc_errors::DiagCtxtInner>::emit_diagnostic
         1: <rustc_errors::DiagCtxt>::emit_diagnostic
         2: <rustc_span::ErrorGuaranteed as rustc_errors::diagnostic_builder::EmissionGuarantee>::emit_producing_guarantee
         3: <rustc_mir_transform::lint::Lint>::fail::<alloc::string::String>
         4: <rustc_mir_transform::lint::Lint as rustc_middle::mir::visit::Visitor>::visit_statement
         5: rustc_mir_transform::lint::lint_body
         6: rustc_mir_transform::run_analysis_to_runtime_passes
         7: rustc_mir_transform::mir_drops_elaborated_and_const_checked
         8: rustc_query_impl::plumbing::__rust_begin_short_backtrace::<rustc_query_impl::query_impl::mir_drops_elaborated_and_const_checked::dynamic_query::{closure#2}::{closure#0}, rustc_middle::query::erase::Erased<[u8; 8]>>
         9: rustc_query_system::query::plumbing::try_execute_query::<rustc_query_impl::DynamicConfig<rustc_query_system::query::caches::VecCache<rustc_span::def_id::LocalDefId, rustc_middle::query::erase::Erased<[u8; 8]>>, false, false, false>, rustc_query_impl::plumbing::QueryCtxt, true>
        10: rustc_query_impl::query_impl::mir_drops_elaborated_and_const_checked::get_query_incr::__rust_end_short_backtrace
        11: rustc_interface::passes::analysis
        12: rustc_query_impl::plumbing::__rust_begin_short_backtrace::<rustc_query_impl::query_impl::analysis::dynamic_query::{closure#2}::{closure#0}, rustc_middle::query::erase::Erased<[u8; 1]>>
        13: rustc_query_system::query::plumbing::try_execute_query::<rustc_query_impl::DynamicConfig<rustc_query_system::query::caches::SingleCache<rustc_middle::query::erase::Erased<[u8; 1]>>, false, false, false>, rustc_query_impl::plumbing::QueryCtxt, true>
        14: rustc_query_impl::query_impl::analysis::get_query_incr::__rust_end_short_backtrace
        15: rustc_interface::interface::run_compiler::<core::result::Result<(), rustc_span::ErrorGuaranteed>, rustc_driver_impl::run_compiler::{closure#0}>::{closure#0}
        16: std::sys_common::backtrace::__rust_begin_short_backtrace::<rustc_interface::util::run_in_thread_with_globals<rustc_interface::util::run_in_thread_pool_with_globals<rustc_interface::interface::run_compiler<core::result::Result<(), rustc_span::ErrorGuaranteed>, rustc_driver_impl::run_compiler::{closure#0}>::{closure#0}, core::result::Result<(), rustc_span::ErrorGuaranteed>>::{closure#0}, core::result::Result<(), rustc_span::ErrorGuaranteed>>::{closure#0}::{closure#0}, core::result::Result<(), rustc_span::ErrorGuaranteed>>
        17: <<std::thread::Builder>::spawn_unchecked_<rustc_interface::util::run_in_thread_with_globals<rustc_interface::util::run_in_thread_pool_with_globals<rustc_interface::interface::run_compiler<core::result::Result<(), rustc_span::ErrorGuaranteed>, rustc_driver_impl::run_compiler::{closure#0}>::{closure#0}, core::result::Result<(), rustc_span::ErrorGuaranteed>>::{closure#0}, core::result::Result<(), rustc_span::ErrorGuaranteed>>::{closure#0}::{closure#0}, core::result::Result<(), rustc_span::ErrorGuaranteed>>::{closure#1} as core::ops::function::FnOnce<()>>::call_once::{shim:vtable#0}
        18: <alloc::boxed::Box<F,A> as core::ops::function::FnOnce<Args>>::call_once
                   at /rustc/e7bbe8ce933123a8e327c79e38bcb790595e6a65/library/alloc/src/boxed.rs:2015:9
        19: <alloc::boxed::Box<F,A> as core::ops::function::FnOnce<Args>>::call_once
                   at /rustc/e7bbe8ce933123a8e327c79e38bcb790595e6a65/library/alloc/src/boxed.rs:2015:9
        20: std::sys::pal::unix::thread::Thread::new::thread_start
                   at /rustc/e7bbe8ce933123a8e327c79e38bcb790595e6a65/library/std/src/sys/pal/unix/thread.rs:108:17
        21: start_thread
                   at ./nptl/pthread_create.c:442:8
        22: __GI___clone3
                   at ./misc/../sysdeps/unix/sysv/linux/x86_64/clone3.S:81
 --> src/main.rs:8:13
  |
8 |     for (Ok(mut _x) | Err(!)) in [res_void] {}
  |             ^^^^^^

error: internal compiler error: broken MIR in Item(DefId(0:4 ~ bug_120421[fbaa]::main)) (after pass ElaborateBoxDerefs) at bb10[2]:
                                local _14 still has storage when returning from function
 --> src/main.rs:9:2
  |
9 | }
  |  ^
  |
note: delayed at compiler/rustc_mir_transform/src/lint.rs:116:34
         0: <rustc_errors::DiagCtxtInner>::emit_diagnostic
         1: <rustc_errors::DiagCtxt>::emit_diagnostic
         2: <rustc_span::ErrorGuaranteed as rustc_errors::diagnostic_builder::EmissionGuarantee>::emit_producing_guarantee
         3: <rustc_mir_transform::lint::Lint>::fail::<alloc::string::String>
         4: <rustc_mir_transform::lint::Lint as rustc_middle::mir::visit::Visitor>::visit_terminator
         5: rustc_mir_transform::lint::lint_body
         6: rustc_mir_transform::run_analysis_to_runtime_passes
         7: rustc_mir_transform::mir_drops_elaborated_and_const_checked
         8: rustc_query_impl::plumbing::__rust_begin_short_backtrace::<rustc_query_impl::query_impl::mir_drops_elaborated_and_const_checked::dynamic_query::{closure#2}::{closure#0}, rustc_middle::query::erase::Erased<[u8; 8]>>
         9: rustc_query_system::query::plumbing::try_execute_query::<rustc_query_impl::DynamicConfig<rustc_query_system::query::caches::VecCache<rustc_span::def_id::LocalDefId, rustc_middle::query::erase::Erased<[u8; 8]>>, false, false, false>, rustc_query_impl::plumbing::QueryCtxt, true>
        10: rustc_query_impl::query_impl::mir_drops_elaborated_and_const_checked::get_query_incr::__rust_end_short_backtrace
        11: rustc_interface::passes::analysis
        12: rustc_query_impl::plumbing::__rust_begin_short_backtrace::<rustc_query_impl::query_impl::analysis::dynamic_query::{closure#2}::{closure#0}, rustc_middle::query::erase::Erased<[u8; 1]>>
        13: rustc_query_system::query::plumbing::try_execute_query::<rustc_query_impl::DynamicConfig<rustc_query_system::query::caches::SingleCache<rustc_middle::query::erase::Erased<[u8; 1]>>, false, false, false>, rustc_query_impl::plumbing::QueryCtxt, true>
        14: rustc_query_impl::query_impl::analysis::get_query_incr::__rust_end_short_backtrace
        15: rustc_interface::interface::run_compiler::<core::result::Result<(), rustc_span::ErrorGuaranteed>, rustc_driver_impl::run_compiler::{closure#0}>::{closure#0}
        16: std::sys_common::backtrace::__rust_begin_short_backtrace::<rustc_interface::util::run_in_thread_with_globals<rustc_interface::util::run_in_thread_pool_with_globals<rustc_interface::interface::run_compiler<core::result::Result<(), rustc_span::ErrorGuaranteed>, rustc_driver_impl::run_compiler::{closure#0}>::{closure#0}, core::result::Result<(), rustc_span::ErrorGuaranteed>>::{closure#0}, core::result::Result<(), rustc_span::ErrorGuaranteed>>::{closure#0}::{closure#0}, core::result::Result<(), rustc_span::ErrorGuaranteed>>
        17: <<std::thread::Builder>::spawn_unchecked_<rustc_interface::util::run_in_thread_with_globals<rustc_interface::util::run_in_thread_pool_with_globals<rustc_interface::interface::run_compiler<core::result::Result<(), rustc_span::ErrorGuaranteed>, rustc_driver_impl::run_compiler::{closure#0}>::{closure#0}, core::result::Result<(), rustc_span::ErrorGuaranteed>>::{closure#0}, core::result::Result<(), rustc_span::ErrorGuaranteed>>::{closure#0}::{closure#0}, core::result::Result<(), rustc_span::ErrorGuaranteed>>::{closure#1} as core::ops::function::FnOnce<()>>::call_once::{shim:vtable#0}
        18: <alloc::boxed::Box<F,A> as core::ops::function::FnOnce<Args>>::call_once
                   at /rustc/e7bbe8ce933123a8e327c79e38bcb790595e6a65/library/alloc/src/boxed.rs:2015:9
        19: <alloc::boxed::Box<F,A> as core::ops::function::FnOnce<Args>>::call_once
                   at /rustc/e7bbe8ce933123a8e327c79e38bcb790595e6a65/library/alloc/src/boxed.rs:2015:9
        20: std::sys::pal::unix::thread::Thread::new::thread_start
                   at /rustc/e7bbe8ce933123a8e327c79e38bcb790595e6a65/library/std/src/sys/pal/unix/thread.rs:108:17
        21: start_thread
                   at ./nptl/pthread_create.c:442:8
        22: __GI___clone3
                   at ./misc/../sysdeps/unix/sysv/linux/x86_64/clone3.S:81
 --> src/main.rs:9:2
  |
9 | }
  |  ^

error: internal compiler error: broken MIR in Item(DefId(0:4 ~ bug_120421[fbaa]::main)) (after pass StateTransform) at bb8[0]:
                                StorageLive(_14) which already has storage here
 --> src/main.rs:8:13
  |
8 |     for (Ok(mut _x) | Err(!)) in [res_void] {}
  |             ^^^^^^
  |
note: delayed at compiler/rustc_mir_transform/src/lint.rs:97:26
         0: <rustc_errors::DiagCtxtInner>::emit_diagnostic
         1: <rustc_errors::DiagCtxt>::emit_diagnostic
         2: <rustc_span::ErrorGuaranteed as rustc_errors::diagnostic_builder::EmissionGuarantee>::emit_producing_guarantee
         3: <rustc_mir_transform::lint::Lint>::fail::<alloc::string::String>
         4: <rustc_mir_transform::lint::Lint as rustc_middle::mir::visit::Visitor>::visit_statement
         5: rustc_mir_transform::lint::lint_body
         6: rustc_mir_transform::run_analysis_to_runtime_passes
         7: rustc_mir_transform::mir_drops_elaborated_and_const_checked
         8: rustc_query_impl::plumbing::__rust_begin_short_backtrace::<rustc_query_impl::query_impl::mir_drops_elaborated_and_const_checked::dynamic_query::{closure#2}::{closure#0}, rustc_middle::query::erase::Erased<[u8; 8]>>
         9: rustc_query_system::query::plumbing::try_execute_query::<rustc_query_impl::DynamicConfig<rustc_query_system::query::caches::VecCache<rustc_span::def_id::LocalDefId, rustc_middle::query::erase::Erased<[u8; 8]>>, false, false, false>, rustc_query_impl::plumbing::QueryCtxt, true>
        10: rustc_query_impl::query_impl::mir_drops_elaborated_and_const_checked::get_query_incr::__rust_end_short_backtrace
        11: rustc_interface::passes::analysis
        12: rustc_query_impl::plumbing::__rust_begin_short_backtrace::<rustc_query_impl::query_impl::analysis::dynamic_query::{closure#2}::{closure#0}, rustc_middle::query::erase::Erased<[u8; 1]>>
        13: rustc_query_system::query::plumbing::try_execute_query::<rustc_query_impl::DynamicConfig<rustc_query_system::query::caches::SingleCache<rustc_middle::query::erase::Erased<[u8; 1]>>, false, false, false>, rustc_query_impl::plumbing::QueryCtxt, true>
        14: rustc_query_impl::query_impl::analysis::get_query_incr::__rust_end_short_backtrace
        15: rustc_interface::interface::run_compiler::<core::result::Result<(), rustc_span::ErrorGuaranteed>, rustc_driver_impl::run_compiler::{closure#0}>::{closure#0}
        16: std::sys_common::backtrace::__rust_begin_short_backtrace::<rustc_interface::util::run_in_thread_with_globals<rustc_interface::util::run_in_thread_pool_with_globals<rustc_interface::interface::run_compiler<core::result::Result<(), rustc_span::ErrorGuaranteed>, rustc_driver_impl::run_compiler::{closure#0}>::{closure#0}, core::result::Result<(), rustc_span::ErrorGuaranteed>>::{closure#0}, core::result::Result<(), rustc_span::ErrorGuaranteed>>::{closure#0}::{closure#0}, core::result::Result<(), rustc_span::ErrorGuaranteed>>
        17: <<std::thread::Builder>::spawn_unchecked_<rustc_interface::util::run_in_thread_with_globals<rustc_interface::util::run_in_thread_pool_with_globals<rustc_interface::interface::run_compiler<core::result::Result<(), rustc_span::ErrorGuaranteed>, rustc_driver_impl::run_compiler::{closure#0}>::{closure#0}, core::result::Result<(), rustc_span::ErrorGuaranteed>>::{closure#0}, core::result::Result<(), rustc_span::ErrorGuaranteed>>::{closure#0}::{closure#0}, core::result::Result<(), rustc_span::ErrorGuaranteed>>::{closure#1} as core::ops::function::FnOnce<()>>::call_once::{shim:vtable#0}
        18: <alloc::boxed::Box<F,A> as core::ops::function::FnOnce<Args>>::call_once
                   at /rustc/e7bbe8ce933123a8e327c79e38bcb790595e6a65/library/alloc/src/boxed.rs:2015:9
        19: <alloc::boxed::Box<F,A> as core::ops::function::FnOnce<Args>>::call_once
                   at /rustc/e7bbe8ce933123a8e327c79e38bcb790595e6a65/library/alloc/src/boxed.rs:2015:9
        20: std::sys::pal::unix::thread::Thread::new::thread_start
                   at /rustc/e7bbe8ce933123a8e327c79e38bcb790595e6a65/library/std/src/sys/pal/unix/thread.rs:108:17
        21: start_thread
                   at ./nptl/pthread_create.c:442:8
        22: __GI___clone3
                   at ./misc/../sysdeps/unix/sysv/linux/x86_64/clone3.S:81
 --> src/main.rs:8:13
  |
8 |     for (Ok(mut _x) | Err(!)) in [res_void] {}
  |             ^^^^^^

error: internal compiler error: broken MIR in Item(DefId(0:4 ~ bug_120421[fbaa]::main)) (after pass StateTransform) at bb10[2]:
                                local _14 still has storage when returning from function
 --> src/main.rs:9:2
  |
9 | }
  |  ^
  |
note: delayed at compiler/rustc_mir_transform/src/lint.rs:116:34
         0: <rustc_errors::DiagCtxtInner>::emit_diagnostic
         1: <rustc_errors::DiagCtxt>::emit_diagnostic
         2: <rustc_span::ErrorGuaranteed as rustc_errors::diagnostic_builder::EmissionGuarantee>::emit_producing_guarantee
         3: <rustc_mir_transform::lint::Lint>::fail::<alloc::string::String>
         4: <rustc_mir_transform::lint::Lint as rustc_middle::mir::visit::Visitor>::visit_terminator
         5: rustc_mir_transform::lint::lint_body
         6: rustc_mir_transform::run_analysis_to_runtime_passes
         7: rustc_mir_transform::mir_drops_elaborated_and_const_checked
         8: rustc_query_impl::plumbing::__rust_begin_short_backtrace::<rustc_query_impl::query_impl::mir_drops_elaborated_and_const_checked::dynamic_query::{closure#2}::{closure#0}, rustc_middle::query::erase::Erased<[u8; 8]>>
         9: rustc_query_system::query::plumbing::try_execute_query::<rustc_query_impl::DynamicConfig<rustc_query_system::query::caches::VecCache<rustc_span::def_id::LocalDefId, rustc_middle::query::erase::Erased<[u8; 8]>>, false, false, false>, rustc_query_impl::plumbing::QueryCtxt, true>
        10: rustc_query_impl::query_impl::mir_drops_elaborated_and_const_checked::get_query_incr::__rust_end_short_backtrace
        11: rustc_interface::passes::analysis
        12: rustc_query_impl::plumbing::__rust_begin_short_backtrace::<rustc_query_impl::query_impl::analysis::dynamic_query::{closure#2}::{closure#0}, rustc_middle::query::erase::Erased<[u8; 1]>>
        13: rustc_query_system::query::plumbing::try_execute_query::<rustc_query_impl::DynamicConfig<rustc_query_system::query::caches::SingleCache<rustc_middle::query::erase::Erased<[u8; 1]>>, false, false, false>, rustc_query_impl::plumbing::QueryCtxt, true>
        14: rustc_query_impl::query_impl::analysis::get_query_incr::__rust_end_short_backtrace
        15: rustc_interface::interface::run_compiler::<core::result::Result<(), rustc_span::ErrorGuaranteed>, rustc_driver_impl::run_compiler::{closure#0}>::{closure#0}
        16: std::sys_common::backtrace::__rust_begin_short_backtrace::<rustc_interface::util::run_in_thread_with_globals<rustc_interface::util::run_in_thread_pool_with_globals<rustc_interface::interface::run_compiler<core::result::Result<(), rustc_span::ErrorGuaranteed>, rustc_driver_impl::run_compiler::{closure#0}>::{closure#0}, core::result::Result<(), rustc_span::ErrorGuaranteed>>::{closure#0}, core::result::Result<(), rustc_span::ErrorGuaranteed>>::{closure#0}::{closure#0}, core::result::Result<(), rustc_span::ErrorGuaranteed>>
        17: <<std::thread::Builder>::spawn_unchecked_<rustc_interface::util::run_in_thread_with_globals<rustc_interface::util::run_in_thread_pool_with_globals<rustc_interface::interface::run_compiler<core::result::Result<(), rustc_span::ErrorGuaranteed>, rustc_driver_impl::run_compiler::{closure#0}>::{closure#0}, core::result::Result<(), rustc_span::ErrorGuaranteed>>::{closure#0}, core::result::Result<(), rustc_span::ErrorGuaranteed>>::{closure#0}::{closure#0}, core::result::Result<(), rustc_span::ErrorGuaranteed>>::{closure#1} as core::ops::function::FnOnce<()>>::call_once::{shim:vtable#0}
        18: <alloc::boxed::Box<F,A> as core::ops::function::FnOnce<Args>>::call_once
                   at /rustc/e7bbe8ce933123a8e327c79e38bcb790595e6a65/library/alloc/src/boxed.rs:2015:9
        19: <alloc::boxed::Box<F,A> as core::ops::function::FnOnce<Args>>::call_once
                   at /rustc/e7bbe8ce933123a8e327c79e38bcb790595e6a65/library/alloc/src/boxed.rs:2015:9
        20: std::sys::pal::unix::thread::Thread::new::thread_start
                   at /rustc/e7bbe8ce933123a8e327c79e38bcb790595e6a65/library/std/src/sys/pal/unix/thread.rs:108:17
        21: start_thread
                   at ./nptl/pthread_create.c:442:8
        22: __GI___clone3
                   at ./misc/../sysdeps/unix/sysv/linux/x86_64/clone3.S:81
 --> src/main.rs:9:2
  |
9 | }
  |  ^

error: internal compiler error: broken MIR in Item(DefId(0:4 ~ bug_120421[fbaa]::main)) (after pass ConstPropLint) at bb8[0]:
                                StorageLive(_14) which already has storage here
 --> src/main.rs:8:13
  |
8 |     for (Ok(mut _x) | Err(!)) in [res_void] {}
  |             ^^^^^^
  |
note: delayed at compiler/rustc_mir_transform/src/lint.rs:97:26
         0: <rustc_errors::DiagCtxtInner>::emit_diagnostic
         1: <rustc_errors::DiagCtxt>::emit_diagnostic
         2: <rustc_span::ErrorGuaranteed as rustc_errors::diagnostic_builder::EmissionGuarantee>::emit_producing_guarantee
         3: <rustc_mir_transform::lint::Lint>::fail::<alloc::string::String>
         4: <rustc_mir_transform::lint::Lint as rustc_middle::mir::visit::Visitor>::visit_statement
         5: rustc_mir_transform::lint::lint_body
         6: rustc_mir_transform::run_analysis_to_runtime_passes
         7: rustc_mir_transform::mir_drops_elaborated_and_const_checked
         8: rustc_query_impl::plumbing::__rust_begin_short_backtrace::<rustc_query_impl::query_impl::mir_drops_elaborated_and_const_checked::dynamic_query::{closure#2}::{closure#0}, rustc_middle::query::erase::Erased<[u8; 8]>>
         9: rustc_query_system::query::plumbing::try_execute_query::<rustc_query_impl::DynamicConfig<rustc_query_system::query::caches::VecCache<rustc_span::def_id::LocalDefId, rustc_middle::query::erase::Erased<[u8; 8]>>, false, false, false>, rustc_query_impl::plumbing::QueryCtxt, true>
        10: rustc_query_impl::query_impl::mir_drops_elaborated_and_const_checked::get_query_incr::__rust_end_short_backtrace
        11: rustc_interface::passes::analysis
        12: rustc_query_impl::plumbing::__rust_begin_short_backtrace::<rustc_query_impl::query_impl::analysis::dynamic_query::{closure#2}::{closure#0}, rustc_middle::query::erase::Erased<[u8; 1]>>
        13: rustc_query_system::query::plumbing::try_execute_query::<rustc_query_impl::DynamicConfig<rustc_query_system::query::caches::SingleCache<rustc_middle::query::erase::Erased<[u8; 1]>>, false, false, false>, rustc_query_impl::plumbing::QueryCtxt, true>
        14: rustc_query_impl::query_impl::analysis::get_query_incr::__rust_end_short_backtrace
        15: rustc_interface::interface::run_compiler::<core::result::Result<(), rustc_span::ErrorGuaranteed>, rustc_driver_impl::run_compiler::{closure#0}>::{closure#0}
        16: std::sys_common::backtrace::__rust_begin_short_backtrace::<rustc_interface::util::run_in_thread_with_globals<rustc_interface::util::run_in_thread_pool_with_globals<rustc_interface::interface::run_compiler<core::result::Result<(), rustc_span::ErrorGuaranteed>, rustc_driver_impl::run_compiler::{closure#0}>::{closure#0}, core::result::Result<(), rustc_span::ErrorGuaranteed>>::{closure#0}, core::result::Result<(), rustc_span::ErrorGuaranteed>>::{closure#0}::{closure#0}, core::result::Result<(), rustc_span::ErrorGuaranteed>>
        17: <<std::thread::Builder>::spawn_unchecked_<rustc_interface::util::run_in_thread_with_globals<rustc_interface::util::run_in_thread_pool_with_globals<rustc_interface::interface::run_compiler<core::result::Result<(), rustc_span::ErrorGuaranteed>, rustc_driver_impl::run_compiler::{closure#0}>::{closure#0}, core::result::Result<(), rustc_span::ErrorGuaranteed>>::{closure#0}, core::result::Result<(), rustc_span::ErrorGuaranteed>>::{closure#0}::{closure#0}, core::result::Result<(), rustc_span::ErrorGuaranteed>>::{closure#1} as core::ops::function::FnOnce<()>>::call_once::{shim:vtable#0}
        18: <alloc::boxed::Box<F,A> as core::ops::function::FnOnce<Args>>::call_once
                   at /rustc/e7bbe8ce933123a8e327c79e38bcb790595e6a65/library/alloc/src/boxed.rs:2015:9
        19: <alloc::boxed::Box<F,A> as core::ops::function::FnOnce<Args>>::call_once
                   at /rustc/e7bbe8ce933123a8e327c79e38bcb790595e6a65/library/alloc/src/boxed.rs:2015:9
        20: std::sys::pal::unix::thread::Thread::new::thread_start
                   at /rustc/e7bbe8ce933123a8e327c79e38bcb790595e6a65/library/std/src/sys/pal/unix/thread.rs:108:17
        21: start_thread
                   at ./nptl/pthread_create.c:442:8
        22: __GI___clone3
                   at ./misc/../sysdeps/unix/sysv/linux/x86_64/clone3.S:81
 --> src/main.rs:8:13
  |
8 |     for (Ok(mut _x) | Err(!)) in [res_void] {}
  |             ^^^^^^

error: internal compiler error: broken MIR in Item(DefId(0:4 ~ bug_120421[fbaa]::main)) (after pass ConstPropLint) at bb10[2]:
                                local _14 still has storage when returning from function
 --> src/main.rs:9:2
  |
9 | }
  |  ^
  |
note: delayed at compiler/rustc_mir_transform/src/lint.rs:116:34
         0: <rustc_errors::DiagCtxtInner>::emit_diagnostic
         1: <rustc_errors::DiagCtxt>::emit_diagnostic
         2: <rustc_span::ErrorGuaranteed as rustc_errors::diagnostic_builder::EmissionGuarantee>::emit_producing_guarantee
         3: <rustc_mir_transform::lint::Lint>::fail::<alloc::string::String>
         4: <rustc_mir_transform::lint::Lint as rustc_middle::mir::visit::Visitor>::visit_terminator
         5: rustc_mir_transform::lint::lint_body
         6: rustc_mir_transform::run_analysis_to_runtime_passes
         7: rustc_mir_transform::mir_drops_elaborated_and_const_checked
         8: rustc_query_impl::plumbing::__rust_begin_short_backtrace::<rustc_query_impl::query_impl::mir_drops_elaborated_and_const_checked::dynamic_query::{closure#2}::{closure#0}, rustc_middle::query::erase::Erased<[u8; 8]>>
         9: rustc_query_system::query::plumbing::try_execute_query::<rustc_query_impl::DynamicConfig<rustc_query_system::query::caches::VecCache<rustc_span::def_id::LocalDefId, rustc_middle::query::erase::Erased<[u8; 8]>>, false, false, false>, rustc_query_impl::plumbing::QueryCtxt, true>
        10: rustc_query_impl::query_impl::mir_drops_elaborated_and_const_checked::get_query_incr::__rust_end_short_backtrace
        11: rustc_interface::passes::analysis
        12: rustc_query_impl::plumbing::__rust_begin_short_backtrace::<rustc_query_impl::query_impl::analysis::dynamic_query::{closure#2}::{closure#0}, rustc_middle::query::erase::Erased<[u8; 1]>>
        13: rustc_query_system::query::plumbing::try_execute_query::<rustc_query_impl::DynamicConfig<rustc_query_system::query::caches::SingleCache<rustc_middle::query::erase::Erased<[u8; 1]>>, false, false, false>, rustc_query_impl::plumbing::QueryCtxt, true>
        14: rustc_query_impl::query_impl::analysis::get_query_incr::__rust_end_short_backtrace
        15: rustc_interface::interface::run_compiler::<core::result::Result<(), rustc_span::ErrorGuaranteed>, rustc_driver_impl::run_compiler::{closure#0}>::{closure#0}
        16: std::sys_common::backtrace::__rust_begin_short_backtrace::<rustc_interface::util::run_in_thread_with_globals<rustc_interface::util::run_in_thread_pool_with_globals<rustc_interface::interface::run_compiler<core::result::Result<(), rustc_span::ErrorGuaranteed>, rustc_driver_impl::run_compiler::{closure#0}>::{closure#0}, core::result::Result<(), rustc_span::ErrorGuaranteed>>::{closure#0}, core::result::Result<(), rustc_span::ErrorGuaranteed>>::{closure#0}::{closure#0}, core::result::Result<(), rustc_span::ErrorGuaranteed>>
        17: <<std::thread::Builder>::spawn_unchecked_<rustc_interface::util::run_in_thread_with_globals<rustc_interface::util::run_in_thread_pool_with_globals<rustc_interface::interface::run_compiler<core::result::Result<(), rustc_span::ErrorGuaranteed>, rustc_driver_impl::run_compiler::{closure#0}>::{closure#0}, core::result::Result<(), rustc_span::ErrorGuaranteed>>::{closure#0}, core::result::Result<(), rustc_span::ErrorGuaranteed>>::{closure#0}::{closure#0}, core::result::Result<(), rustc_span::ErrorGuaranteed>>::{closure#1} as core::ops::function::FnOnce<()>>::call_once::{shim:vtable#0}
        18: <alloc::boxed::Box<F,A> as core::ops::function::FnOnce<Args>>::call_once
                   at /rustc/e7bbe8ce933123a8e327c79e38bcb790595e6a65/library/alloc/src/boxed.rs:2015:9
        19: <alloc::boxed::Box<F,A> as core::ops::function::FnOnce<Args>>::call_once
                   at /rustc/e7bbe8ce933123a8e327c79e38bcb790595e6a65/library/alloc/src/boxed.rs:2015:9
        20: std::sys::pal::unix::thread::Thread::new::thread_start
                   at /rustc/e7bbe8ce933123a8e327c79e38bcb790595e6a65/library/std/src/sys/pal/unix/thread.rs:108:17
        21: start_thread
                   at ./nptl/pthread_create.c:442:8
        22: __GI___clone3
                   at ./misc/../sysdeps/unix/sysv/linux/x86_64/clone3.S:81
 --> src/main.rs:9:2
  |
9 | }
  |  ^

error: internal compiler error: broken MIR in Item(DefId(0:4 ~ bug_120421[fbaa]::main)) (after phase change to runtime) at bb8[0]:
                                StorageLive(_14) which already has storage here
 --> src/main.rs:8:13
  |
8 |     for (Ok(mut _x) | Err(!)) in [res_void] {}
  |             ^^^^^^
  |
note: delayed at compiler/rustc_mir_transform/src/lint.rs:97:26
         0: <rustc_errors::DiagCtxtInner>::emit_diagnostic
         1: <rustc_errors::DiagCtxt>::emit_diagnostic
         2: <rustc_span::ErrorGuaranteed as rustc_errors::diagnostic_builder::EmissionGuarantee>::emit_producing_guarantee
         3: <rustc_mir_transform::lint::Lint>::fail::<alloc::string::String>
         4: <rustc_mir_transform::lint::Lint as rustc_middle::mir::visit::Visitor>::visit_statement
         5: rustc_mir_transform::lint::lint_body
         6: rustc_mir_transform::run_analysis_to_runtime_passes
         7: rustc_mir_transform::mir_drops_elaborated_and_const_checked
         8: rustc_query_impl::plumbing::__rust_begin_short_backtrace::<rustc_query_impl::query_impl::mir_drops_elaborated_and_const_checked::dynamic_query::{closure#2}::{closure#0}, rustc_middle::query::erase::Erased<[u8; 8]>>
         9: rustc_query_system::query::plumbing::try_execute_query::<rustc_query_impl::DynamicConfig<rustc_query_system::query::caches::VecCache<rustc_span::def_id::LocalDefId, rustc_middle::query::erase::Erased<[u8; 8]>>, false, false, false>, rustc_query_impl::plumbing::QueryCtxt, true>
        10: rustc_query_impl::query_impl::mir_drops_elaborated_and_const_checked::get_query_incr::__rust_end_short_backtrace
        11: rustc_interface::passes::analysis
        12: rustc_query_impl::plumbing::__rust_begin_short_backtrace::<rustc_query_impl::query_impl::analysis::dynamic_query::{closure#2}::{closure#0}, rustc_middle::query::erase::Erased<[u8; 1]>>
        13: rustc_query_system::query::plumbing::try_execute_query::<rustc_query_impl::DynamicConfig<rustc_query_system::query::caches::SingleCache<rustc_middle::query::erase::Erased<[u8; 1]>>, false, false, false>, rustc_query_impl::plumbing::QueryCtxt, true>
        14: rustc_query_impl::query_impl::analysis::get_query_incr::__rust_end_short_backtrace
        15: rustc_interface::interface::run_compiler::<core::result::Result<(), rustc_span::ErrorGuaranteed>, rustc_driver_impl::run_compiler::{closure#0}>::{closure#0}
        16: std::sys_common::backtrace::__rust_begin_short_backtrace::<rustc_interface::util::run_in_thread_with_globals<rustc_interface::util::run_in_thread_pool_with_globals<rustc_interface::interface::run_compiler<core::result::Result<(), rustc_span::ErrorGuaranteed>, rustc_driver_impl::run_compiler::{closure#0}>::{closure#0}, core::result::Result<(), rustc_span::ErrorGuaranteed>>::{closure#0}, core::result::Result<(), rustc_span::ErrorGuaranteed>>::{closure#0}::{closure#0}, core::result::Result<(), rustc_span::ErrorGuaranteed>>
        17: <<std::thread::Builder>::spawn_unchecked_<rustc_interface::util::run_in_thread_with_globals<rustc_interface::util::run_in_thread_pool_with_globals<rustc_interface::interface::run_compiler<core::result::Result<(), rustc_span::ErrorGuaranteed>, rustc_driver_impl::run_compiler::{closure#0}>::{closure#0}, core::result::Result<(), rustc_span::ErrorGuaranteed>>::{closure#0}, core::result::Result<(), rustc_span::ErrorGuaranteed>>::{closure#0}::{closure#0}, core::result::Result<(), rustc_span::ErrorGuaranteed>>::{closure#1} as core::ops::function::FnOnce<()>>::call_once::{shim:vtable#0}
        18: <alloc::boxed::Box<F,A> as core::ops::function::FnOnce<Args>>::call_once
                   at /rustc/e7bbe8ce933123a8e327c79e38bcb790595e6a65/library/alloc/src/boxed.rs:2015:9
        19: <alloc::boxed::Box<F,A> as core::ops::function::FnOnce<Args>>::call_once
                   at /rustc/e7bbe8ce933123a8e327c79e38bcb790595e6a65/library/alloc/src/boxed.rs:2015:9
        20: std::sys::pal::unix::thread::Thread::new::thread_start
                   at /rustc/e7bbe8ce933123a8e327c79e38bcb790595e6a65/library/std/src/sys/pal/unix/thread.rs:108:17
        21: start_thread
                   at ./nptl/pthread_create.c:442:8
        22: __GI___clone3
                   at ./misc/../sysdeps/unix/sysv/linux/x86_64/clone3.S:81
 --> src/main.rs:8:13
  |
8 |     for (Ok(mut _x) | Err(!)) in [res_void] {}
  |             ^^^^^^

error: internal compiler error: broken MIR in Item(DefId(0:4 ~ bug_120421[fbaa]::main)) (after phase change to runtime) at bb10[2]:
                                local _14 still has storage when returning from function
 --> src/main.rs:9:2
  |
9 | }
  |  ^
  |
note: delayed at compiler/rustc_mir_transform/src/lint.rs:116:34
         0: <rustc_errors::DiagCtxtInner>::emit_diagnostic
         1: <rustc_errors::DiagCtxt>::emit_diagnostic
         2: <rustc_span::ErrorGuaranteed as rustc_errors::diagnostic_builder::EmissionGuarantee>::emit_producing_guarantee
         3: <rustc_mir_transform::lint::Lint>::fail::<alloc::string::String>
         4: <rustc_mir_transform::lint::Lint as rustc_middle::mir::visit::Visitor>::visit_terminator
         5: rustc_mir_transform::lint::lint_body
         6: rustc_mir_transform::run_analysis_to_runtime_passes
         7: rustc_mir_transform::mir_drops_elaborated_and_const_checked
         8: rustc_query_impl::plumbing::__rust_begin_short_backtrace::<rustc_query_impl::query_impl::mir_drops_elaborated_and_const_checked::dynamic_query::{closure#2}::{closure#0}, rustc_middle::query::erase::Erased<[u8; 8]>>
         9: rustc_query_system::query::plumbing::try_execute_query::<rustc_query_impl::DynamicConfig<rustc_query_system::query::caches::VecCache<rustc_span::def_id::LocalDefId, rustc_middle::query::erase::Erased<[u8; 8]>>, false, false, false>, rustc_query_impl::plumbing::QueryCtxt, true>
        10: rustc_query_impl::query_impl::mir_drops_elaborated_and_const_checked::get_query_incr::__rust_end_short_backtrace
        11: rustc_interface::passes::analysis
        12: rustc_query_impl::plumbing::__rust_begin_short_backtrace::<rustc_query_impl::query_impl::analysis::dynamic_query::{closure#2}::{closure#0}, rustc_middle::query::erase::Erased<[u8; 1]>>
        13: rustc_query_system::query::plumbing::try_execute_query::<rustc_query_impl::DynamicConfig<rustc_query_system::query::caches::SingleCache<rustc_middle::query::erase::Erased<[u8; 1]>>, false, false, false>, rustc_query_impl::plumbing::QueryCtxt, true>
        14: rustc_query_impl::query_impl::analysis::get_query_incr::__rust_end_short_backtrace
        15: rustc_interface::interface::run_compiler::<core::result::Result<(), rustc_span::ErrorGuaranteed>, rustc_driver_impl::run_compiler::{closure#0}>::{closure#0}
        16: std::sys_common::backtrace::__rust_begin_short_backtrace::<rustc_interface::util::run_in_thread_with_globals<rustc_interface::util::run_in_thread_pool_with_globals<rustc_interface::interface::run_compiler<core::result::Result<(), rustc_span::ErrorGuaranteed>, rustc_driver_impl::run_compiler::{closure#0}>::{closure#0}, core::result::Result<(), rustc_span::ErrorGuaranteed>>::{closure#0}, core::result::Result<(), rustc_span::ErrorGuaranteed>>::{closure#0}::{closure#0}, core::result::Result<(), rustc_span::ErrorGuaranteed>>
        17: <<std::thread::Builder>::spawn_unchecked_<rustc_interface::util::run_in_thread_with_globals<rustc_interface::util::run_in_thread_pool_with_globals<rustc_interface::interface::run_compiler<core::result::Result<(), rustc_span::ErrorGuaranteed>, rustc_driver_impl::run_compiler::{closure#0}>::{closure#0}, core::result::Result<(), rustc_span::ErrorGuaranteed>>::{closure#0}, core::result::Result<(), rustc_span::ErrorGuaranteed>>::{closure#0}::{closure#0}, core::result::Result<(), rustc_span::ErrorGuaranteed>>::{closure#1} as core::ops::function::FnOnce<()>>::call_once::{shim:vtable#0}
        18: <alloc::boxed::Box<F,A> as core::ops::function::FnOnce<Args>>::call_once
                   at /rustc/e7bbe8ce933123a8e327c79e38bcb790595e6a65/library/alloc/src/boxed.rs:2015:9
        19: <alloc::boxed::Box<F,A> as core::ops::function::FnOnce<Args>>::call_once
                   at /rustc/e7bbe8ce933123a8e327c79e38bcb790595e6a65/library/alloc/src/boxed.rs:2015:9
        20: std::sys::pal::unix::thread::Thread::new::thread_start
                   at /rustc/e7bbe8ce933123a8e327c79e38bcb790595e6a65/library/std/src/sys/pal/unix/thread.rs:108:17
        21: start_thread
                   at ./nptl/pthread_create.c:442:8
        22: __GI___clone3
                   at ./misc/../sysdeps/unix/sysv/linux/x86_64/clone3.S:81
 --> src/main.rs:9:2
  |
9 | }
  |  ^

error: internal compiler error: broken MIR in Item(DefId(0:4 ~ bug_120421[fbaa]::main)) (after pass LowerIntrinsics) at bb8[0]:
                                StorageLive(_14) which already has storage here
 --> src/main.rs:8:13
  |
8 |     for (Ok(mut _x) | Err(!)) in [res_void] {}
  |             ^^^^^^
  |
note: delayed at compiler/rustc_mir_transform/src/lint.rs:97:26
         0: <rustc_errors::DiagCtxtInner>::emit_diagnostic
         1: <rustc_errors::DiagCtxt>::emit_diagnostic
         2: <rustc_span::ErrorGuaranteed as rustc_errors::diagnostic_builder::EmissionGuarantee>::emit_producing_guarantee
         3: <rustc_mir_transform::lint::Lint>::fail::<alloc::string::String>
         4: <rustc_mir_transform::lint::Lint as rustc_middle::mir::visit::Visitor>::visit_statement
         5: rustc_mir_transform::lint::lint_body
         6: rustc_mir_transform::pass_manager::run_passes_inner
         7: rustc_mir_transform::run_analysis_to_runtime_passes
         8: rustc_mir_transform::mir_drops_elaborated_and_const_checked
         9: rustc_query_impl::plumbing::__rust_begin_short_backtrace::<rustc_query_impl::query_impl::mir_drops_elaborated_and_const_checked::dynamic_query::{closure#2}::{closure#0}, rustc_middle::query::erase::Erased<[u8; 8]>>
        10: rustc_query_system::query::plumbing::try_execute_query::<rustc_query_impl::DynamicConfig<rustc_query_system::query::caches::VecCache<rustc_span::def_id::LocalDefId, rustc_middle::query::erase::Erased<[u8; 8]>>, false, false, false>, rustc_query_impl::plumbing::QueryCtxt, true>
        11: rustc_query_impl::query_impl::mir_drops_elaborated_and_const_checked::get_query_incr::__rust_end_short_backtrace
        12: rustc_interface::passes::analysis
        13: rustc_query_impl::plumbing::__rust_begin_short_backtrace::<rustc_query_impl::query_impl::analysis::dynamic_query::{closure#2}::{closure#0}, rustc_middle::query::erase::Erased<[u8; 1]>>
        14: rustc_query_system::query::plumbing::try_execute_query::<rustc_query_impl::DynamicConfig<rustc_query_system::query::caches::SingleCache<rustc_middle::query::erase::Erased<[u8; 1]>>, false, false, false>, rustc_query_impl::plumbing::QueryCtxt, true>
        15: rustc_query_impl::query_impl::analysis::get_query_incr::__rust_end_short_backtrace
        16: rustc_interface::interface::run_compiler::<core::result::Result<(), rustc_span::ErrorGuaranteed>, rustc_driver_impl::run_compiler::{closure#0}>::{closure#0}
        17: std::sys_common::backtrace::__rust_begin_short_backtrace::<rustc_interface::util::run_in_thread_with_globals<rustc_interface::util::run_in_thread_pool_with_globals<rustc_interface::interface::run_compiler<core::result::Result<(), rustc_span::ErrorGuaranteed>, rustc_driver_impl::run_compiler::{closure#0}>::{closure#0}, core::result::Result<(), rustc_span::ErrorGuaranteed>>::{closure#0}, core::result::Result<(), rustc_span::ErrorGuaranteed>>::{closure#0}::{closure#0}, core::result::Result<(), rustc_span::ErrorGuaranteed>>
        18: <<std::thread::Builder>::spawn_unchecked_<rustc_interface::util::run_in_thread_with_globals<rustc_interface::util::run_in_thread_pool_with_globals<rustc_interface::interface::run_compiler<core::result::Result<(), rustc_span::ErrorGuaranteed>, rustc_driver_impl::run_compiler::{closure#0}>::{closure#0}, core::result::Result<(), rustc_span::ErrorGuaranteed>>::{closure#0}, core::result::Result<(), rustc_span::ErrorGuaranteed>>::{closure#0}::{closure#0}, core::result::Result<(), rustc_span::ErrorGuaranteed>>::{closure#1} as core::ops::function::FnOnce<()>>::call_once::{shim:vtable#0}
        19: <alloc::boxed::Box<F,A> as core::ops::function::FnOnce<Args>>::call_once
                   at /rustc/e7bbe8ce933123a8e327c79e38bcb790595e6a65/library/alloc/src/boxed.rs:2015:9
        20: <alloc::boxed::Box<F,A> as core::ops::function::FnOnce<Args>>::call_once
                   at /rustc/e7bbe8ce933123a8e327c79e38bcb790595e6a65/library/alloc/src/boxed.rs:2015:9
        21: std::sys::pal::unix::thread::Thread::new::thread_start
                   at /rustc/e7bbe8ce933123a8e327c79e38bcb790595e6a65/library/std/src/sys/pal/unix/thread.rs:108:17
        22: start_thread
                   at ./nptl/pthread_create.c:442:8
        23: __GI___clone3
                   at ./misc/../sysdeps/unix/sysv/linux/x86_64/clone3.S:81
 --> src/main.rs:8:13
  |
8 |     for (Ok(mut _x) | Err(!)) in [res_void] {}
  |             ^^^^^^

error: internal compiler error: broken MIR in Item(DefId(0:4 ~ bug_120421[fbaa]::main)) (after pass LowerIntrinsics) at bb10[2]:
                                local _14 still has storage when returning from function
 --> src/main.rs:9:2
  |
9 | }
  |  ^
  |
note: delayed at compiler/rustc_mir_transform/src/lint.rs:116:34
         0: <rustc_errors::DiagCtxtInner>::emit_diagnostic
         1: <rustc_errors::DiagCtxt>::emit_diagnostic
         2: <rustc_span::ErrorGuaranteed as rustc_errors::diagnostic_builder::EmissionGuarantee>::emit_producing_guarantee
         3: <rustc_mir_transform::lint::Lint>::fail::<alloc::string::String>
         4: <rustc_mir_transform::lint::Lint as rustc_middle::mir::visit::Visitor>::visit_terminator
         5: rustc_mir_transform::lint::lint_body
         6: rustc_mir_transform::pass_manager::run_passes_inner
         7: rustc_mir_transform::run_analysis_to_runtime_passes
         8: rustc_mir_transform::mir_drops_elaborated_and_const_checked
         9: rustc_query_impl::plumbing::__rust_begin_short_backtrace::<rustc_query_impl::query_impl::mir_drops_elaborated_and_const_checked::dynamic_query::{closure#2}::{closure#0}, rustc_middle::query::erase::Erased<[u8; 8]>>
        10: rustc_query_system::query::plumbing::try_execute_query::<rustc_query_impl::DynamicConfig<rustc_query_system::query::caches::VecCache<rustc_span::def_id::LocalDefId, rustc_middle::query::erase::Erased<[u8; 8]>>, false, false, false>, rustc_query_impl::plumbing::QueryCtxt, true>
        11: rustc_query_impl::query_impl::mir_drops_elaborated_and_const_checked::get_query_incr::__rust_end_short_backtrace
        12: rustc_interface::passes::analysis
        13: rustc_query_impl::plumbing::__rust_begin_short_backtrace::<rustc_query_impl::query_impl::analysis::dynamic_query::{closure#2}::{closure#0}, rustc_middle::query::erase::Erased<[u8; 1]>>
        14: rustc_query_system::query::plumbing::try_execute_query::<rustc_query_impl::DynamicConfig<rustc_query_system::query::caches::SingleCache<rustc_middle::query::erase::Erased<[u8; 1]>>, false, false, false>, rustc_query_impl::plumbing::QueryCtxt, true>
        15: rustc_query_impl::query_impl::analysis::get_query_incr::__rust_end_short_backtrace
        16: rustc_interface::interface::run_compiler::<core::result::Result<(), rustc_span::ErrorGuaranteed>, rustc_driver_impl::run_compiler::{closure#0}>::{closure#0}
        17: std::sys_common::backtrace::__rust_begin_short_backtrace::<rustc_interface::util::run_in_thread_with_globals<rustc_interface::util::run_in_thread_pool_with_globals<rustc_interface::interface::run_compiler<core::result::Result<(), rustc_span::ErrorGuaranteed>, rustc_driver_impl::run_compiler::{closure#0}>::{closure#0}, core::result::Result<(), rustc_span::ErrorGuaranteed>>::{closure#0}, core::result::Result<(), rustc_span::ErrorGuaranteed>>::{closure#0}::{closure#0}, core::result::Result<(), rustc_span::ErrorGuaranteed>>
        18: <<std::thread::Builder>::spawn_unchecked_<rustc_interface::util::run_in_thread_with_globals<rustc_interface::util::run_in_thread_pool_with_globals<rustc_interface::interface::run_compiler<core::result::Result<(), rustc_span::ErrorGuaranteed>, rustc_driver_impl::run_compiler::{closure#0}>::{closure#0}, core::result::Result<(), rustc_span::ErrorGuaranteed>>::{closure#0}, core::result::Result<(), rustc_span::ErrorGuaranteed>>::{closure#0}::{closure#0}, core::result::Result<(), rustc_span::ErrorGuaranteed>>::{closure#1} as core::ops::function::FnOnce<()>>::call_once::{shim:vtable#0}
        19: <alloc::boxed::Box<F,A> as core::ops::function::FnOnce<Args>>::call_once
                   at /rustc/e7bbe8ce933123a8e327c79e38bcb790595e6a65/library/alloc/src/boxed.rs:2015:9
        20: <alloc::boxed::Box<F,A> as core::ops::function::FnOnce<Args>>::call_once
                   at /rustc/e7bbe8ce933123a8e327c79e38bcb790595e6a65/library/alloc/src/boxed.rs:2015:9
        21: std::sys::pal::unix::thread::Thread::new::thread_start
                   at /rustc/e7bbe8ce933123a8e327c79e38bcb790595e6a65/library/std/src/sys/pal/unix/thread.rs:108:17
        22: start_thread
                   at ./nptl/pthread_create.c:442:8
        23: __GI___clone3
                   at ./misc/../sysdeps/unix/sysv/linux/x86_64/clone3.S:81
 --> src/main.rs:9:2
  |
9 | }
  |  ^

error: internal compiler error: broken MIR in Item(DefId(0:4 ~ bug_120421[fbaa]::main)) (after pass RemovePlaceMention) at bb8[0]:
                                StorageLive(_14) which already has storage here
 --> src/main.rs:8:13
  |
8 |     for (Ok(mut _x) | Err(!)) in [res_void] {}
  |             ^^^^^^
  |
note: delayed at compiler/rustc_mir_transform/src/lint.rs:97:26
         0: <rustc_errors::DiagCtxtInner>::emit_diagnostic
         1: <rustc_errors::DiagCtxt>::emit_diagnostic
         2: <rustc_span::ErrorGuaranteed as rustc_errors::diagnostic_builder::EmissionGuarantee>::emit_producing_guarantee
         3: <rustc_mir_transform::lint::Lint>::fail::<alloc::string::String>
         4: <rustc_mir_transform::lint::Lint as rustc_middle::mir::visit::Visitor>::visit_statement
         5: rustc_mir_transform::lint::lint_body
         6: rustc_mir_transform::pass_manager::run_passes_inner
         7: rustc_mir_transform::run_analysis_to_runtime_passes
         8: rustc_mir_transform::mir_drops_elaborated_and_const_checked
         9: rustc_query_impl::plumbing::__rust_begin_short_backtrace::<rustc_query_impl::query_impl::mir_drops_elaborated_and_const_checked::dynamic_query::{closure#2}::{closure#0}, rustc_middle::query::erase::Erased<[u8; 8]>>
        10: rustc_query_system::query::plumbing::try_execute_query::<rustc_query_impl::DynamicConfig<rustc_query_system::query::caches::VecCache<rustc_span::def_id::LocalDefId, rustc_middle::query::erase::Erased<[u8; 8]>>, false, false, false>, rustc_query_impl::plumbing::QueryCtxt, true>
        11: rustc_query_impl::query_impl::mir_drops_elaborated_and_const_checked::get_query_incr::__rust_end_short_backtrace
        12: rustc_interface::passes::analysis
        13: rustc_query_impl::plumbing::__rust_begin_short_backtrace::<rustc_query_impl::query_impl::analysis::dynamic_query::{closure#2}::{closure#0}, rustc_middle::query::erase::Erased<[u8; 1]>>
        14: rustc_query_system::query::plumbing::try_execute_query::<rustc_query_impl::DynamicConfig<rustc_query_system::query::caches::SingleCache<rustc_middle::query::erase::Erased<[u8; 1]>>, false, false, false>, rustc_query_impl::plumbing::QueryCtxt, true>
        15: rustc_query_impl::query_impl::analysis::get_query_incr::__rust_end_short_backtrace
        16: rustc_interface::interface::run_compiler::<core::result::Result<(), rustc_span::ErrorGuaranteed>, rustc_driver_impl::run_compiler::{closure#0}>::{closure#0}
        17: std::sys_common::backtrace::__rust_begin_short_backtrace::<rustc_interface::util::run_in_thread_with_globals<rustc_interface::util::run_in_thread_pool_with_globals<rustc_interface::interface::run_compiler<core::result::Result<(), rustc_span::ErrorGuaranteed>, rustc_driver_impl::run_compiler::{closure#0}>::{closure#0}, core::result::Result<(), rustc_span::ErrorGuaranteed>>::{closure#0}, core::result::Result<(), rustc_span::ErrorGuaranteed>>::{closure#0}::{closure#0}, core::result::Result<(), rustc_span::ErrorGuaranteed>>
        18: <<std::thread::Builder>::spawn_unchecked_<rustc_interface::util::run_in_thread_with_globals<rustc_interface::util::run_in_thread_pool_with_globals<rustc_interface::interface::run_compiler<core::result::Result<(), rustc_span::ErrorGuaranteed>, rustc_driver_impl::run_compiler::{closure#0}>::{closure#0}, core::result::Result<(), rustc_span::ErrorGuaranteed>>::{closure#0}, core::result::Result<(), rustc_span::ErrorGuaranteed>>::{closure#0}::{closure#0}, core::result::Result<(), rustc_span::ErrorGuaranteed>>::{closure#1} as core::ops::function::FnOnce<()>>::call_once::{shim:vtable#0}
        19: <alloc::boxed::Box<F,A> as core::ops::function::FnOnce<Args>>::call_once
                   at /rustc/e7bbe8ce933123a8e327c79e38bcb790595e6a65/library/alloc/src/boxed.rs:2015:9
        20: <alloc::boxed::Box<F,A> as core::ops::function::FnOnce<Args>>::call_once
                   at /rustc/e7bbe8ce933123a8e327c79e38bcb790595e6a65/library/alloc/src/boxed.rs:2015:9
        21: std::sys::pal::unix::thread::Thread::new::thread_start
                   at /rustc/e7bbe8ce933123a8e327c79e38bcb790595e6a65/library/std/src/sys/pal/unix/thread.rs:108:17
        22: start_thread
                   at ./nptl/pthread_create.c:442:8
        23: __GI___clone3
                   at ./misc/../sysdeps/unix/sysv/linux/x86_64/clone3.S:81
 --> src/main.rs:8:13
  |
8 |     for (Ok(mut _x) | Err(!)) in [res_void] {}
  |             ^^^^^^

error: internal compiler error: broken MIR in Item(DefId(0:4 ~ bug_120421[fbaa]::main)) (after pass RemovePlaceMention) at bb10[2]:
                                local _14 still has storage when returning from function
 --> src/main.rs:9:2
  |
9 | }
  |  ^
  |
note: delayed at compiler/rustc_mir_transform/src/lint.rs:116:34
         0: <rustc_errors::DiagCtxtInner>::emit_diagnostic
         1: <rustc_errors::DiagCtxt>::emit_diagnostic
         2: <rustc_span::ErrorGuaranteed as rustc_errors::diagnostic_builder::EmissionGuarantee>::emit_producing_guarantee
         3: <rustc_mir_transform::lint::Lint>::fail::<alloc::string::String>
         4: <rustc_mir_transform::lint::Lint as rustc_middle::mir::visit::Visitor>::visit_terminator
         5: rustc_mir_transform::lint::lint_body
         6: rustc_mir_transform::pass_manager::run_passes_inner
         7: rustc_mir_transform::run_analysis_to_runtime_passes
         8: rustc_mir_transform::mir_drops_elaborated_and_const_checked
         9: rustc_query_impl::plumbing::__rust_begin_short_backtrace::<rustc_query_impl::query_impl::mir_drops_elaborated_and_const_checked::dynamic_query::{closure#2}::{closure#0}, rustc_middle::query::erase::Erased<[u8; 8]>>
        10: rustc_query_system::query::plumbing::try_execute_query::<rustc_query_impl::DynamicConfig<rustc_query_system::query::caches::VecCache<rustc_span::def_id::LocalDefId, rustc_middle::query::erase::Erased<[u8; 8]>>, false, false, false>, rustc_query_impl::plumbing::QueryCtxt, true>
        11: rustc_query_impl::query_impl::mir_drops_elaborated_and_const_checked::get_query_incr::__rust_end_short_backtrace
        12: rustc_interface::passes::analysis
        13: rustc_query_impl::plumbing::__rust_begin_short_backtrace::<rustc_query_impl::query_impl::analysis::dynamic_query::{closure#2}::{closure#0}, rustc_middle::query::erase::Erased<[u8; 1]>>
        14: rustc_query_system::query::plumbing::try_execute_query::<rustc_query_impl::DynamicConfig<rustc_query_system::query::caches::SingleCache<rustc_middle::query::erase::Erased<[u8; 1]>>, false, false, false>, rustc_query_impl::plumbing::QueryCtxt, true>
        15: rustc_query_impl::query_impl::analysis::get_query_incr::__rust_end_short_backtrace
        16: rustc_interface::interface::run_compiler::<core::result::Result<(), rustc_span::ErrorGuaranteed>, rustc_driver_impl::run_compiler::{closure#0}>::{closure#0}
        17: std::sys_common::backtrace::__rust_begin_short_backtrace::<rustc_interface::util::run_in_thread_with_globals<rustc_interface::util::run_in_thread_pool_with_globals<rustc_interface::interface::run_compiler<core::result::Result<(), rustc_span::ErrorGuaranteed>, rustc_driver_impl::run_compiler::{closure#0}>::{closure#0}, core::result::Result<(), rustc_span::ErrorGuaranteed>>::{closure#0}, core::result::Result<(), rustc_span::ErrorGuaranteed>>::{closure#0}::{closure#0}, core::result::Result<(), rustc_span::ErrorGuaranteed>>
        18: <<std::thread::Builder>::spawn_unchecked_<rustc_interface::util::run_in_thread_with_globals<rustc_interface::util::run_in_thread_pool_with_globals<rustc_interface::interface::run_compiler<core::result::Result<(), rustc_span::ErrorGuaranteed>, rustc_driver_impl::run_compiler::{closure#0}>::{closure#0}, core::result::Result<(), rustc_span::ErrorGuaranteed>>::{closure#0}, core::result::Result<(), rustc_span::ErrorGuaranteed>>::{closure#0}::{closure#0}, core::result::Result<(), rustc_span::ErrorGuaranteed>>::{closure#1} as core::ops::function::FnOnce<()>>::call_once::{shim:vtable#0}
        19: <alloc::boxed::Box<F,A> as core::ops::function::FnOnce<Args>>::call_once
                   at /rustc/e7bbe8ce933123a8e327c79e38bcb790595e6a65/library/alloc/src/boxed.rs:2015:9
        20: <alloc::boxed::Box<F,A> as core::ops::function::FnOnce<Args>>::call_once
                   at /rustc/e7bbe8ce933123a8e327c79e38bcb790595e6a65/library/alloc/src/boxed.rs:2015:9
        21: std::sys::pal::unix::thread::Thread::new::thread_start
                   at /rustc/e7bbe8ce933123a8e327c79e38bcb790595e6a65/library/std/src/sys/pal/unix/thread.rs:108:17
        22: start_thread
                   at ./nptl/pthread_create.c:442:8
        23: __GI___clone3
                   at ./misc/../sysdeps/unix/sysv/linux/x86_64/clone3.S:81
 --> src/main.rs:9:2
  |
9 | }
  |  ^

error: internal compiler error: broken MIR in Item(DefId(0:4 ~ bug_120421[fbaa]::main)) (after pass SimplifyCfg-elaborate-drops) at bb8[0]:
                                StorageLive(_14) which already has storage here
 --> src/main.rs:8:13
  |
8 |     for (Ok(mut _x) | Err(!)) in [res_void] {}
  |             ^^^^^^
  |
note: delayed at compiler/rustc_mir_transform/src/lint.rs:97:26
         0: <rustc_errors::DiagCtxtInner>::emit_diagnostic
         1: <rustc_errors::DiagCtxt>::emit_diagnostic
         2: <rustc_span::ErrorGuaranteed as rustc_errors::diagnostic_builder::EmissionGuarantee>::emit_producing_guarantee
         3: <rustc_mir_transform::lint::Lint>::fail::<alloc::string::String>
         4: <rustc_mir_transform::lint::Lint as rustc_middle::mir::visit::Visitor>::visit_statement
         5: rustc_mir_transform::lint::lint_body
         6: rustc_mir_transform::pass_manager::run_passes_inner
         7: rustc_mir_transform::run_analysis_to_runtime_passes
         8: rustc_mir_transform::mir_drops_elaborated_and_const_checked
         9: rustc_query_impl::plumbing::__rust_begin_short_backtrace::<rustc_query_impl::query_impl::mir_drops_elaborated_and_const_checked::dynamic_query::{closure#2}::{closure#0}, rustc_middle::query::erase::Erased<[u8; 8]>>
        10: rustc_query_system::query::plumbing::try_execute_query::<rustc_query_impl::DynamicConfig<rustc_query_system::query::caches::VecCache<rustc_span::def_id::LocalDefId, rustc_middle::query::erase::Erased<[u8; 8]>>, false, false, false>, rustc_query_impl::plumbing::QueryCtxt, true>
        11: rustc_query_impl::query_impl::mir_drops_elaborated_and_const_checked::get_query_incr::__rust_end_short_backtrace
        12: rustc_interface::passes::analysis
        13: rustc_query_impl::plumbing::__rust_begin_short_backtrace::<rustc_query_impl::query_impl::analysis::dynamic_query::{closure#2}::{closure#0}, rustc_middle::query::erase::Erased<[u8; 1]>>
        14: rustc_query_system::query::plumbing::try_execute_query::<rustc_query_impl::DynamicConfig<rustc_query_system::query::caches::SingleCache<rustc_middle::query::erase::Erased<[u8; 1]>>, false, false, false>, rustc_query_impl::plumbing::QueryCtxt, true>
        15: rustc_query_impl::query_impl::analysis::get_query_incr::__rust_end_short_backtrace
        16: rustc_interface::interface::run_compiler::<core::result::Result<(), rustc_span::ErrorGuaranteed>, rustc_driver_impl::run_compiler::{closure#0}>::{closure#0}
        17: std::sys_common::backtrace::__rust_begin_short_backtrace::<rustc_interface::util::run_in_thread_with_globals<rustc_interface::util::run_in_thread_pool_with_globals<rustc_interface::interface::run_compiler<core::result::Result<(), rustc_span::ErrorGuaranteed>, rustc_driver_impl::run_compiler::{closure#0}>::{closure#0}, core::result::Result<(), rustc_span::ErrorGuaranteed>>::{closure#0}, core::result::Result<(), rustc_span::ErrorGuaranteed>>::{closure#0}::{closure#0}, core::result::Result<(), rustc_span::ErrorGuaranteed>>
        18: <<std::thread::Builder>::spawn_unchecked_<rustc_interface::util::run_in_thread_with_globals<rustc_interface::util::run_in_thread_pool_with_globals<rustc_interface::interface::run_compiler<core::result::Result<(), rustc_span::ErrorGuaranteed>, rustc_driver_impl::run_compiler::{closure#0}>::{closure#0}, core::result::Result<(), rustc_span::ErrorGuaranteed>>::{closure#0}, core::result::Result<(), rustc_span::ErrorGuaranteed>>::{closure#0}::{closure#0}, core::result::Result<(), rustc_span::ErrorGuaranteed>>::{closure#1} as core::ops::function::FnOnce<()>>::call_once::{shim:vtable#0}
        19: <alloc::boxed::Box<F,A> as core::ops::function::FnOnce<Args>>::call_once
                   at /rustc/e7bbe8ce933123a8e327c79e38bcb790595e6a65/library/alloc/src/boxed.rs:2015:9
        20: <alloc::boxed::Box<F,A> as core::ops::function::FnOnce<Args>>::call_once
                   at /rustc/e7bbe8ce933123a8e327c79e38bcb790595e6a65/library/alloc/src/boxed.rs:2015:9
        21: std::sys::pal::unix::thread::Thread::new::thread_start
                   at /rustc/e7bbe8ce933123a8e327c79e38bcb790595e6a65/library/std/src/sys/pal/unix/thread.rs:108:17
        22: start_thread
                   at ./nptl/pthread_create.c:442:8
        23: __GI___clone3
                   at ./misc/../sysdeps/unix/sysv/linux/x86_64/clone3.S:81
 --> src/main.rs:8:13
  |
8 |     for (Ok(mut _x) | Err(!)) in [res_void] {}
  |             ^^^^^^

error: internal compiler error: broken MIR in Item(DefId(0:4 ~ bug_120421[fbaa]::main)) (after pass SimplifyCfg-elaborate-drops) at bb9[3]:
                                local _14 still has storage when returning from function
 --> src/main.rs:9:2
  |
9 | }
  |  ^
  |
note: delayed at compiler/rustc_mir_transform/src/lint.rs:116:34
         0: <rustc_errors::DiagCtxtInner>::emit_diagnostic
         1: <rustc_errors::DiagCtxt>::emit_diagnostic
         2: <rustc_span::ErrorGuaranteed as rustc_errors::diagnostic_builder::EmissionGuarantee>::emit_producing_guarantee
         3: <rustc_mir_transform::lint::Lint>::fail::<alloc::string::String>
         4: <rustc_mir_transform::lint::Lint as rustc_middle::mir::visit::Visitor>::visit_terminator
         5: rustc_mir_transform::lint::lint_body
         6: rustc_mir_transform::pass_manager::run_passes_inner
         7: rustc_mir_transform::run_analysis_to_runtime_passes
         8: rustc_mir_transform::mir_drops_elaborated_and_const_checked
         9: rustc_query_impl::plumbing::__rust_begin_short_backtrace::<rustc_query_impl::query_impl::mir_drops_elaborated_and_const_checked::dynamic_query::{closure#2}::{closure#0}, rustc_middle::query::erase::Erased<[u8; 8]>>
        10: rustc_query_system::query::plumbing::try_execute_query::<rustc_query_impl::DynamicConfig<rustc_query_system::query::caches::VecCache<rustc_span::def_id::LocalDefId, rustc_middle::query::erase::Erased<[u8; 8]>>, false, false, false>, rustc_query_impl::plumbing::QueryCtxt, true>
        11: rustc_query_impl::query_impl::mir_drops_elaborated_and_const_checked::get_query_incr::__rust_end_short_backtrace
        12: rustc_interface::passes::analysis
        13: rustc_query_impl::plumbing::__rust_begin_short_backtrace::<rustc_query_impl::query_impl::analysis::dynamic_query::{closure#2}::{closure#0}, rustc_middle::query::erase::Erased<[u8; 1]>>
        14: rustc_query_system::query::plumbing::try_execute_query::<rustc_query_impl::DynamicConfig<rustc_query_system::query::caches::SingleCache<rustc_middle::query::erase::Erased<[u8; 1]>>, false, false, false>, rustc_query_impl::plumbing::QueryCtxt, true>
        15: rustc_query_impl::query_impl::analysis::get_query_incr::__rust_end_short_backtrace
        16: rustc_interface::interface::run_compiler::<core::result::Result<(), rustc_span::ErrorGuaranteed>, rustc_driver_impl::run_compiler::{closure#0}>::{closure#0}
        17: std::sys_common::backtrace::__rust_begin_short_backtrace::<rustc_interface::util::run_in_thread_with_globals<rustc_interface::util::run_in_thread_pool_with_globals<rustc_interface::interface::run_compiler<core::result::Result<(), rustc_span::ErrorGuaranteed>, rustc_driver_impl::run_compiler::{closure#0}>::{closure#0}, core::result::Result<(), rustc_span::ErrorGuaranteed>>::{closure#0}, core::result::Result<(), rustc_span::ErrorGuaranteed>>::{closure#0}::{closure#0}, core::result::Result<(), rustc_span::ErrorGuaranteed>>
        18: <<std::thread::Builder>::spawn_unchecked_<rustc_interface::util::run_in_thread_with_globals<rustc_interface::util::run_in_thread_pool_with_globals<rustc_interface::interface::run_compiler<core::result::Result<(), rustc_span::ErrorGuaranteed>, rustc_driver_impl::run_compiler::{closure#0}>::{closure#0}, core::result::Result<(), rustc_span::ErrorGuaranteed>>::{closure#0}, core::result::Result<(), rustc_span::ErrorGuaranteed>>::{closure#0}::{closure#0}, core::result::Result<(), rustc_span::ErrorGuaranteed>>::{closure#1} as core::ops::function::FnOnce<()>>::call_once::{shim:vtable#0}
        19: <alloc::boxed::Box<F,A> as core::ops::function::FnOnce<Args>>::call_once
                   at /rustc/e7bbe8ce933123a8e327c79e38bcb790595e6a65/library/alloc/src/boxed.rs:2015:9
        20: <alloc::boxed::Box<F,A> as core::ops::function::FnOnce<Args>>::call_once
                   at /rustc/e7bbe8ce933123a8e327c79e38bcb790595e6a65/library/alloc/src/boxed.rs:2015:9
        21: std::sys::pal::unix::thread::Thread::new::thread_start
                   at /rustc/e7bbe8ce933123a8e327c79e38bcb790595e6a65/library/std/src/sys/pal/unix/thread.rs:108:17
        22: start_thread
                   at ./nptl/pthread_create.c:442:8
        23: __GI___clone3
                   at ./misc/../sysdeps/unix/sysv/linux/x86_64/clone3.S:81
 --> src/main.rs:9:2
  |
9 | }
  |  ^

error: internal compiler error: broken MIR in Item(DefId(0:4 ~ bug_120421[fbaa]::main)) (after phase change to runtime-post-cleanup) at bb8[0]:
                                StorageLive(_14) which already has storage here
 --> src/main.rs:8:13
  |
8 |     for (Ok(mut _x) | Err(!)) in [res_void] {}
  |             ^^^^^^
  |
note: delayed at compiler/rustc_mir_transform/src/lint.rs:97:26
         0: <rustc_errors::DiagCtxtInner>::emit_diagnostic
         1: <rustc_errors::DiagCtxt>::emit_diagnostic
         2: <rustc_span::ErrorGuaranteed as rustc_errors::diagnostic_builder::EmissionGuarantee>::emit_producing_guarantee
         3: <rustc_mir_transform::lint::Lint>::fail::<alloc::string::String>
         4: <rustc_mir_transform::lint::Lint as rustc_middle::mir::visit::Visitor>::visit_statement
         5: rustc_mir_transform::lint::lint_body
         6: rustc_mir_transform::pass_manager::run_passes_inner
         7: rustc_mir_transform::run_analysis_to_runtime_passes
         8: rustc_mir_transform::mir_drops_elaborated_and_const_checked
         9: rustc_query_impl::plumbing::__rust_begin_short_backtrace::<rustc_query_impl::query_impl::mir_drops_elaborated_and_const_checked::dynamic_query::{closure#2}::{closure#0}, rustc_middle::query::erase::Erased<[u8; 8]>>
        10: rustc_query_system::query::plumbing::try_execute_query::<rustc_query_impl::DynamicConfig<rustc_query_system::query::caches::VecCache<rustc_span::def_id::LocalDefId, rustc_middle::query::erase::Erased<[u8; 8]>>, false, false, false>, rustc_query_impl::plumbing::QueryCtxt, true>
        11: rustc_query_impl::query_impl::mir_drops_elaborated_and_const_checked::get_query_incr::__rust_end_short_backtrace
        12: rustc_interface::passes::analysis
        13: rustc_query_impl::plumbing::__rust_begin_short_backtrace::<rustc_query_impl::query_impl::analysis::dynamic_query::{closure#2}::{closure#0}, rustc_middle::query::erase::Erased<[u8; 1]>>
        14: rustc_query_system::query::plumbing::try_execute_query::<rustc_query_impl::DynamicConfig<rustc_query_system::query::caches::SingleCache<rustc_middle::query::erase::Erased<[u8; 1]>>, false, false, false>, rustc_query_impl::plumbing::QueryCtxt, true>
        15: rustc_query_impl::query_impl::analysis::get_query_incr::__rust_end_short_backtrace
        16: rustc_interface::interface::run_compiler::<core::result::Result<(), rustc_span::ErrorGuaranteed>, rustc_driver_impl::run_compiler::{closure#0}>::{closure#0}
        17: std::sys_common::backtrace::__rust_begin_short_backtrace::<rustc_interface::util::run_in_thread_with_globals<rustc_interface::util::run_in_thread_pool_with_globals<rustc_interface::interface::run_compiler<core::result::Result<(), rustc_span::ErrorGuaranteed>, rustc_driver_impl::run_compiler::{closure#0}>::{closure#0}, core::result::Result<(), rustc_span::ErrorGuaranteed>>::{closure#0}, core::result::Result<(), rustc_span::ErrorGuaranteed>>::{closure#0}::{closure#0}, core::result::Result<(), rustc_span::ErrorGuaranteed>>
        18: <<std::thread::Builder>::spawn_unchecked_<rustc_interface::util::run_in_thread_with_globals<rustc_interface::util::run_in_thread_pool_with_globals<rustc_interface::interface::run_compiler<core::result::Result<(), rustc_span::ErrorGuaranteed>, rustc_driver_impl::run_compiler::{closure#0}>::{closure#0}, core::result::Result<(), rustc_span::ErrorGuaranteed>>::{closure#0}, core::result::Result<(), rustc_span::ErrorGuaranteed>>::{closure#0}::{closure#0}, core::result::Result<(), rustc_span::ErrorGuaranteed>>::{closure#1} as core::ops::function::FnOnce<()>>::call_once::{shim:vtable#0}
        19: <alloc::boxed::Box<F,A> as core::ops::function::FnOnce<Args>>::call_once
                   at /rustc/e7bbe8ce933123a8e327c79e38bcb790595e6a65/library/alloc/src/boxed.rs:2015:9
        20: <alloc::boxed::Box<F,A> as core::ops::function::FnOnce<Args>>::call_once
                   at /rustc/e7bbe8ce933123a8e327c79e38bcb790595e6a65/library/alloc/src/boxed.rs:2015:9
        21: std::sys::pal::unix::thread::Thread::new::thread_start
                   at /rustc/e7bbe8ce933123a8e327c79e38bcb790595e6a65/library/std/src/sys/pal/unix/thread.rs:108:17
        22: start_thread
                   at ./nptl/pthread_create.c:442:8
        23: __GI___clone3
                   at ./misc/../sysdeps/unix/sysv/linux/x86_64/clone3.S:81
 --> src/main.rs:8:13
  |
8 |     for (Ok(mut _x) | Err(!)) in [res_void] {}
  |             ^^^^^^

error: internal compiler error: broken MIR in Item(DefId(0:4 ~ bug_120421[fbaa]::main)) (after phase change to runtime-post-cleanup) at bb9[3]:
                                local _14 still has storage when returning from function
 --> src/main.rs:9:2
  |
9 | }
  |  ^
  |
note: delayed at compiler/rustc_mir_transform/src/lint.rs:116:34
         0: <rustc_errors::DiagCtxtInner>::emit_diagnostic
         1: <rustc_errors::DiagCtxt>::emit_diagnostic
         2: <rustc_span::ErrorGuaranteed as rustc_errors::diagnostic_builder::EmissionGuarantee>::emit_producing_guarantee
         3: <rustc_mir_transform::lint::Lint>::fail::<alloc::string::String>
         4: <rustc_mir_transform::lint::Lint as rustc_middle::mir::visit::Visitor>::visit_terminator
         5: rustc_mir_transform::lint::lint_body
         6: rustc_mir_transform::pass_manager::run_passes_inner
         7: rustc_mir_transform::run_analysis_to_runtime_passes
         8: rustc_mir_transform::mir_drops_elaborated_and_const_checked
         9: rustc_query_impl::plumbing::__rust_begin_short_backtrace::<rustc_query_impl::query_impl::mir_drops_elaborated_and_const_checked::dynamic_query::{closure#2}::{closure#0}, rustc_middle::query::erase::Erased<[u8; 8]>>
        10: rustc_query_system::query::plumbing::try_execute_query::<rustc_query_impl::DynamicConfig<rustc_query_system::query::caches::VecCache<rustc_span::def_id::LocalDefId, rustc_middle::query::erase::Erased<[u8; 8]>>, false, false, false>, rustc_query_impl::plumbing::QueryCtxt, true>
        11: rustc_query_impl::query_impl::mir_drops_elaborated_and_const_checked::get_query_incr::__rust_end_short_backtrace
        12: rustc_interface::passes::analysis
        13: rustc_query_impl::plumbing::__rust_begin_short_backtrace::<rustc_query_impl::query_impl::analysis::dynamic_query::{closure#2}::{closure#0}, rustc_middle::query::erase::Erased<[u8; 1]>>
        14: rustc_query_system::query::plumbing::try_execute_query::<rustc_query_impl::DynamicConfig<rustc_query_system::query::caches::SingleCache<rustc_middle::query::erase::Erased<[u8; 1]>>, false, false, false>, rustc_query_impl::plumbing::QueryCtxt, true>
        15: rustc_query_impl::query_impl::analysis::get_query_incr::__rust_end_short_backtrace
        16: rustc_interface::interface::run_compiler::<core::result::Result<(), rustc_span::ErrorGuaranteed>, rustc_driver_impl::run_compiler::{closure#0}>::{closure#0}
        17: std::sys_common::backtrace::__rust_begin_short_backtrace::<rustc_interface::util::run_in_thread_with_globals<rustc_interface::util::run_in_thread_pool_with_globals<rustc_interface::interface::run_compiler<core::result::Result<(), rustc_span::ErrorGuaranteed>, rustc_driver_impl::run_compiler::{closure#0}>::{closure#0}, core::result::Result<(), rustc_span::ErrorGuaranteed>>::{closure#0}, core::result::Result<(), rustc_span::ErrorGuaranteed>>::{closure#0}::{closure#0}, core::result::Result<(), rustc_span::ErrorGuaranteed>>
        18: <<std::thread::Builder>::spawn_unchecked_<rustc_interface::util::run_in_thread_with_globals<rustc_interface::util::run_in_thread_pool_with_globals<rustc_interface::interface::run_compiler<core::result::Result<(), rustc_span::ErrorGuaranteed>, rustc_driver_impl::run_compiler::{closure#0}>::{closure#0}, core::result::Result<(), rustc_span::ErrorGuaranteed>>::{closure#0}, core::result::Result<(), rustc_span::ErrorGuaranteed>>::{closure#0}::{closure#0}, core::result::Result<(), rustc_span::ErrorGuaranteed>>::{closure#1} as core::ops::function::FnOnce<()>>::call_once::{shim:vtable#0}
        19: <alloc::boxed::Box<F,A> as core::ops::function::FnOnce<Args>>::call_once
                   at /rustc/e7bbe8ce933123a8e327c79e38bcb790595e6a65/library/alloc/src/boxed.rs:2015:9
        20: <alloc::boxed::Box<F,A> as core::ops::function::FnOnce<Args>>::call_once
                   at /rustc/e7bbe8ce933123a8e327c79e38bcb790595e6a65/library/alloc/src/boxed.rs:2015:9
        21: std::sys::pal::unix::thread::Thread::new::thread_start
                   at /rustc/e7bbe8ce933123a8e327c79e38bcb790595e6a65/library/std/src/sys/pal/unix/thread.rs:108:17
        22: start_thread
                   at ./nptl/pthread_create.c:442:8
        23: __GI___clone3
                   at ./misc/../sysdeps/unix/sysv/linux/x86_64/clone3.S:81
 --> src/main.rs:9:2
  |
9 | }
  |  ^

note: we would appreciate a bug report: https://github.com/rust-lang/rust/issues/new?labels=C-bug%2C+I-ICE%2C+T-compiler&template=ice.md

note: please attach the file at `/data/zhangtianrong/projects/rustc-cbl/run/120421/rustc-ice-2026-01-18T08_10_48-2611544.txt` to your bug report

note: compiler flags: --crate-type bin -C embed-bitcode=no -C debuginfo=2 -C incremental=[REDACTED] -Z lint-mir

note: some of the compiler flags provided by cargo are hidden

query stack during panic:
end of query stack
warning: `bug_120421` (bin "bug_120421") generated 2 warnings (run `cargo fix --bin "bug_120421"` to apply 1 suggestion)
error: could not compile `bug_120421` (bin "bug_120421"); 2 warnings emitted
------------------------------------------------------------
Return code: 101
